# File produced by Open Asset Import Library (http://www.assimp.sf.net)
# (assimp v3.1.166252288)

mtllib casa%2033.mtl

# vertex positions
v -41.210106 546.346069 283.676453
v 33.109947 546.183960 282.955475
v 33.122223 553.090637 282.624634
v -41.192558 553.252563 283.343506
v -41.353035 546.199890 279.818420
v 32.987816 545.903870 277.997925
v 33.007530 552.810303 277.664032
v -41.327904 553.106323 279.483093
v 29.659058 552.023926 281.591553
v 29.601997 570.019165 280.555786
v -38.838524 569.850708 281.404419
v -38.781349 551.855469 282.440002
v 25.420769 586.918945 279.633728
v -34.764687 586.770935 280.380127
v 17.619987 600.685059 278.936493
v -27.051403 600.575134 279.490509
v 7.140327 609.656982 278.548187
v -16.628853 609.598450 278.843079
v -4.754219 612.752502 278.515625
v 28.133499 579.499451 280.408661
v -37.140587 579.324890 281.214325
v -37.161766 579.225281 279.484375
v 28.080513 579.401123 278.679535
v 27.741875 580.847290 280.343964
v 27.688965 580.748962 278.614838
v -37.166222 580.627991 279.403473
v -37.145027 580.727600 281.133606
v -3.959965 548.971069 282.366211
v -5.364952 548.967651 282.383484
v -5.386127 548.868042 280.653809
v -3.981190 548.871460 280.636322
v -4.166428 614.001404 278.623199
v -4.187641 613.901733 276.893463
v -5.592594 613.898315 276.910736
v -5.571373 613.997925 278.640808
v 30.906296 551.729370 282.088684
v 30.847008 570.376831 281.015350
v 29.607773 570.047974 281.049652
v 29.664856 552.052734 282.085449
v -40.014839 551.554871 282.968445
v -38.775490 551.884338 282.934082
v -40.074013 570.202393 281.895203
v -38.832588 569.879517 281.898376
v -35.852562 587.735840 280.833527
v -34.758858 586.799683 280.874054
v -27.859657 602.040344 279.911743
v -27.045479 600.604004 279.984497
v -17.059395 611.390747 279.240692
v -16.622948 609.627319 279.336975
v 25.426613 586.947815 280.127655
v 26.514351 587.889221 280.060059
v 17.625771 600.713867 279.430420
v 18.430710 602.154236 279.337433
v 7.146156 609.685791 279.042175
v 7.571220 611.451355 278.935272
v -4.748314 612.781372 279.009583
v -4.754314 614.659119 278.901520
v 7.525604 611.236816 275.210114
v -4.799976 614.444580 275.176758
v 18.385117 601.939697 275.612640
v 26.468735 587.674683 276.335083
v 30.801369 570.162354 277.290649
v 30.860619 551.514893 278.363892
v -40.119667 569.987793 278.170013
v -40.060463 551.340271 279.243317
v -35.898232 587.521240 277.108551
v -27.905357 601.825806 276.186798
v -17.105019 611.176270 275.515808
v 25.380943 586.733276 276.402496
v 29.562172 569.833435 277.324585
v 29.619217 551.838196 278.360291
v -38.821129 551.669800 279.209320
v -38.878304 569.665039 278.173645
v -34.804482 586.585205 277.149078
v -27.091213 600.389404 276.259338
v -16.668682 609.412781 275.611816
v -4.793980 612.566895 275.284760
v 7.100525 609.471191 275.317200
v 17.580154 600.499329 275.705322
v -79.999428 554.852234 188.992981
v -79.811638 553.307373 250.211975
v -79.920845 559.001709 250.356323
v -80.106956 560.546509 189.141693
v -76.818962 554.947266 188.898895
v -75.719994 553.352417 250.140015
v -75.826790 559.046631 250.290497
v -76.924538 560.641479 189.053955
v -78.993416 558.249512 247.490387
v -79.134743 573.097473 247.794495
v -79.441963 574.248901 191.411255
v -79.300514 559.400940 191.107300
v -79.286095 587.119385 244.679718
v -79.556404 588.131958 195.097290
v -79.429222 598.624023 238.522156
v -79.629845 599.375610 201.720612
v -79.546806 606.223877 230.064240
v -79.653587 606.623718 210.482544
v -79.624596 609.002075 220.326141
v -79.528831 580.925842 246.767059
v -79.818001 582.012817 192.992249
v -78.390236 582.026489 192.984711
v -78.101616 580.941223 246.733459
v -79.547844 582.044800 246.470703
v -78.120628 582.060181 246.437103
v -78.401146 583.183899 193.008484
v -79.829033 583.170166 193.015930
v -79.274544 556.354370 219.734894
v -79.280785 556.378052 218.577454
v -77.853203 556.391724 218.569977
v -77.846901 556.368103 219.727386
v -79.785210 610.011108 220.833435
v -78.357643 610.024841 220.825928
v -78.363838 610.048462 219.668518
v -79.791695 610.034729 219.676025
v -79.392799 557.955688 248.508728
v -79.539268 573.341797 248.823639
v -79.542427 573.093872 247.796356
v -79.401085 558.245972 247.492401
v -79.711479 559.148926 190.081940
v -79.708305 559.397339 191.109283
v -79.857948 574.535034 190.396973
v -79.849648 574.245239 191.413330
v -79.976357 588.921204 194.216553
v -79.964088 588.128296 195.099243
v -80.052467 600.572388 201.079987
v -80.037529 599.372009 201.722626
v -80.077034 608.083313 210.159393
v -80.061256 606.620117 210.484558
v -79.693779 587.115784 244.681702
v -79.696266 587.871948 245.596130
v -79.836891 598.620483 238.524109
v -79.844444 599.793701 239.215240
v -79.954506 606.220215 230.066223
v -79.966438 607.668884 230.450775
v -80.032280 608.998535 220.328156
v -80.047081 610.547852 220.359833
v -76.891991 607.698486 230.434662
v -76.972893 610.577454 220.343750
v -76.770287 599.823242 239.199158
v -76.621925 587.901550 245.580017
v -76.465126 573.371399 248.807556
v -76.318672 557.985352 248.492615
v -76.783501 574.564575 190.380798
v -76.637062 559.178467 190.065796
v -76.902016 588.950806 194.200378
v -76.978203 600.602051 201.063843
v -77.002769 608.112915 210.143311
v -76.619347 587.145386 244.665588
v -76.467979 573.123413 247.780304
v -76.326637 558.275513 247.476257
v -76.634209 559.427002 191.093170
v -76.775551 574.274841 191.397095
v -76.889778 588.157898 195.083099
v -76.963097 599.401611 201.706482
v -76.986824 606.649780 210.468384
v -76.958138 609.028137 220.312012
v -76.880165 606.249878 230.050110
v -76.762444 598.650024 238.507965
v 61.648605 554.839661 250.351501
v 62.601151 553.394043 189.137268
v 62.634216 559.089722 189.002930
v 61.680092 560.535156 250.212769
v 58.465942 554.890625 250.387451
v 58.508652 553.382568 189.134308
v 58.539421 559.077942 188.993835
v 58.495575 560.585999 250.242493
v 61.665047 558.319946 191.850281
v 61.606567 573.168945 191.569824
v 60.867271 574.230713 247.950714
v 60.925621 559.381836 248.231140
v 61.507072 587.186401 194.706512
v 60.857063 588.120178 244.287048
v 61.378510 598.681702 200.881927
v 60.896072 599.374756 237.682007
v 61.236404 606.268372 209.351288
v 60.979713 606.637085 228.932220
v 61.097748 609.031189 219.093048
v 61.873520 581.000244 192.615295
v 61.164757 582.001709 246.387848
v 59.737015 581.995728 246.369263
v 60.445885 580.995911 192.622803
v 61.871666 582.118896 192.913513
v 60.443993 582.114502 192.921021
v 59.732346 583.153198 246.347382
v 61.160194 583.159180 246.366028
v 61.465027 556.382690 219.603546
v 61.449768 556.404541 220.761017
v 60.022247 556.398560 220.742371
v 60.037415 556.376770 219.585022
v 61.253654 610.043213 218.590271
v 59.826126 610.037231 218.571655
v 59.810822 610.059021 219.729034
v 61.238647 610.064941 219.747620
v 62.086990 558.033386 190.839050
v 62.026436 573.420532 190.548523
v 62.014252 573.170898 191.575378
v 62.072708 558.322021 191.855774
v 61.321228 559.133789 249.263550
v 61.333397 559.383789 248.236633
v 61.260635 574.520874 248.972931
v 61.274918 574.232727 247.956146
v 61.249901 588.913696 245.176453
v 61.264732 588.122192 244.292542
v 61.290321 600.576233 238.331970
v 61.303719 599.376831 237.687408
v 61.376961 608.101807 229.265045
v 61.387360 606.639160 228.937622
v 61.914734 587.188416 194.712006
v 61.923462 587.946167 193.798889
v 61.786179 598.683716 200.887421
v 61.790138 599.858032 200.198181
v 61.644073 606.270386 209.356781
v 61.643005 607.719666 208.974487
v 61.505409 609.033203 219.098511
v 61.499374 610.582642 219.069244
v 58.568657 607.706848 208.934387
v 58.425293 610.569824 219.029205
v 58.716064 599.845215 200.158081
v 58.849228 587.933228 193.758759
v 58.952408 573.407715 190.508453
v 59.012993 558.020508 190.798981
v 58.186310 574.507996 248.932831
v 58.246902 559.120850 249.223450
v 58.175667 588.900879 245.136322
v 58.216164 600.563416 238.291931
v 58.302795 608.088989 229.224976
v 58.840393 587.175537 194.671967
v 58.939911 573.158081 191.535187
v 58.998367 558.309204 191.815704
v 58.259384 559.370972 248.196503
v 58.200935 574.219910 247.916107
v 58.190544 588.109314 244.252441
v 58.229393 599.364014 237.647369
v 58.313019 606.626282 228.897644
v 58.431396 609.020386 219.058472
v 58.569839 606.257446 209.316681
v 58.711845 598.670837 200.847351
v -112.415329 360.995544 -446.389099
v -114.181168 361.780212 -331.953979
v -114.300926 372.427124 -332.028137
v -112.532097 371.642517 -446.455139
v -106.467735 361.121094 -446.460205
v -106.532524 361.800415 -331.949158
v -106.647942 372.447449 -332.011780
v -106.581039 371.768311 -446.514465
v -112.481773 370.836609 -337.303589
v -112.523552 398.591675 -337.627380
v -111.152306 397.363892 -443.011627
v -111.110374 369.608826 -442.687683
v -112.480125 424.598755 -344.287354
v -111.274551 423.519165 -436.960510
v -112.356773 445.721191 -356.479675
v -111.461998 444.919891 -425.264374
v -112.168289 459.411316 -372.734131
v -111.692215 458.984833 -409.333740
v -111.937248 464.017639 -391.090240
v -113.102066 413.158508 -340.027405
v -111.787338 411.966492 -440.535645
v -109.119003 411.970947 -440.500916
v -110.433914 413.164429 -340.041687
v -113.109970 415.231171 -340.648438
v -110.441734 415.237061 -340.662598
v -109.122055 414.134460 -440.526184
v -111.790642 414.130035 -440.560852
v -112.088127 365.635315 -389.038116
v -112.059837 365.610168 -391.201508
v -109.391808 365.614624 -391.166809
v -109.419968 365.639771 -389.003479
v -112.238884 465.935211 -390.208618
v -109.570877 465.939636 -390.173950
v -109.542564 465.914429 -392.337280
v -112.211052 465.909973 -392.371948
v -113.267479 370.354675 -335.398071
v -113.310753 399.115692 -335.733826
v -113.285446 398.590973 -337.637695
v -113.243645 370.835938 -337.313843
v -111.847191 369.082458 -444.601898
v -111.872452 369.608154 -442.697876
v -111.890465 397.843506 -444.937531
v -111.914268 397.363190 -443.021729
v -112.016800 424.946747 -438.667114
v -112.036491 423.518463 -436.970764
v -112.210983 447.123138 -426.546997
v -112.223862 444.919250 -425.274475
v -112.449547 461.697998 -410.039063
v -112.454086 458.984192 -409.343872
v -113.242020 424.598083 -344.297546
v -113.266075 426.065521 -342.634949
v -113.118637 445.720520 -356.489990
v -113.138023 447.953583 -355.269409
v -112.930199 459.410553 -372.744385
v -112.942955 462.139832 -372.112976
v -112.699112 464.016998 -391.100372
v -112.703606 466.913147 -391.134216
v -107.197159 462.149384 -372.038269
v -106.958298 466.922668 -391.059601
v -107.392754 447.963074 -355.194641
v -107.520462 426.075043 -342.560242
v -107.565544 399.125275 -335.659180
v -107.522263 370.364197 -335.323425
v -106.144669 397.853027 -444.862854
v -106.101402 369.091919 -444.527222
v -106.271194 424.956299 -438.592468
v -106.465530 447.132721 -426.472412
v -106.704086 461.707520 -409.964355
v -107.496239 424.607635 -344.222931
v -107.539665 398.600433 -337.562988
v -107.497849 370.845459 -337.239197
v -106.127281 369.617737 -442.623230
v -106.169090 397.372681 -442.947174
v -106.290947 423.527954 -436.896057
v -106.478081 444.928711 -425.199921
v -106.708305 458.993774 -409.269348
v -106.953941 464.026611 -391.025757
v -107.184593 459.420074 -372.669678
v -107.372856 445.730042 -356.415222
v 93.430801 361.683533 -347.631683
v 95.082047 362.525635 -453.774597
v 95.139389 372.401489 -453.695953
v 93.485367 371.559509 -347.560669
v 87.913605 361.769836 -347.566589
v 87.987610 362.505798 -453.780273
v 88.040924 372.381714 -453.712341
v 87.964966 371.645935 -347.506470
v 93.459320 370.912170 -448.804504
v 93.357925 396.655823 -448.478638
v 92.076324 395.413086 -350.731171
v 92.177490 369.669373 -351.057190
v 93.185455 420.771912 -442.277252
v 92.058655 419.679138 -356.319824
v 92.962616 440.351837 -430.948914
v 92.126282 439.540710 -367.148804
v 92.716248 453.033966 -415.859558
v 92.271255 452.602234 -381.912170
v 92.475876 457.288422 -398.829285
v 93.820724 410.167816 -446.239014
v 92.592041 408.962921 -353.014221
v 90.117035 408.953644 -353.046875
v 91.345856 410.159790 -446.226196
v 93.817474 412.089691 -445.661072
v 91.342590 412.081757 -445.648376
v 90.108948 410.960327 -353.021423
v 92.584167 410.969666 -352.988831
v 93.112610 366.038208 -400.823181
v 93.086151 366.012756 -398.816589
v 90.611465 366.003418 -398.849182
v 90.637756 366.028992 -400.855774
v 92.746170 459.069336 -399.645142
v 90.271484 459.059967 -399.677734
v 90.244995 459.034454 -397.671204
v 92.720123 459.043762 -397.638580
v 94.190796 370.470886 -450.572327
v 94.085785 397.147552 -450.234436
v 94.064636 396.658997 -448.468933
v 94.165985 370.915405 -448.794830
v 92.863266 369.183167 -349.282043
v 92.884399 369.672668 -351.047668
v 92.758255 395.859863 -348.944275
v 92.783020 395.416199 -350.721680
v 92.739624 421.005402 -354.735413
v 92.765350 419.682312 -356.310181
v 92.809692 441.586914 -365.956970
v 92.832947 439.543945 -367.139282
v 92.959900 455.121979 -381.255371
v 92.977921 452.605469 -381.902710
v 93.892151 420.775146 -442.267700
v 93.907288 422.137878 -443.808533
v 93.669266 440.355072 -430.939240
v 93.676147 442.427460 -432.069336
v 93.422958 453.037079 -415.849976
v 93.421112 455.569153 -416.433075
v 93.182556 457.291656 -398.819702
v 93.172073 459.977905 -398.785645
v 88.091644 455.549133 -416.503296
v 87.843109 459.957794 -398.855774
v 88.347198 442.407410 -432.139526
v 88.578033 422.117767 -443.878662
v 88.756866 397.127594 -450.304565
v 88.861908 370.450867 -450.642456
v 87.428802 395.839813 -349.014404
v 87.533844 369.163025 -349.352173
v 87.410370 420.985352 -354.805542
v 87.480560 441.566864 -366.027039
v 87.630753 455.101868 -381.325562
v 88.562683 420.755005 -442.337830
v 88.735229 396.638855 -448.539185
v 88.836548 370.895325 -448.864960
v 87.555511 369.652527 -351.117798
v 87.454163 395.396118 -350.791748
v 87.436157 419.662201 -356.380371
v 87.503479 439.523804 -367.209351
v 87.648499 452.585480 -381.972717
v 87.853699 457.271606 -398.889832
v 88.093658 453.016968 -415.920105
v 88.339828 440.334961 -431.009460
v -195.374634 924.902405 35.542099
v -195.374634 815.827087 23.313477
v -189.294525 815.827087 23.313477
v -189.294525 924.902405 35.542099
v -195.374634 815.827087 -126.235748
v -189.294525 815.827087 -126.235748
v -195.374634 924.902405 -138.464386
v -189.294525 924.902405 -138.464386
v -189.294525 996.979248 -51.461174
v -195.374634 996.979248 -51.461174
v -191.368500 298.941345 165.351929
v -96.833778 298.941345 165.351929
v -96.833794 412.422546 161.357056
v -191.368500 412.422638 161.357056
v -2.299042 298.941345 165.351929
v -2.299042 412.422638 161.357056
v 92.235703 298.941345 165.351929
v 92.235626 412.422546 161.357056
v 186.770325 298.941345 165.351929
v 186.770370 412.422638 161.357056
v -96.833824 525.521240 161.903564
v -191.368500 525.521240 161.903503
v -2.299026 525.521240 161.903564
v 92.235748 525.521240 161.903564
v 186.770538 525.521240 161.903503
v -96.833778 637.854492 169.034698
v -191.368500 637.854492 169.034698
v -2.299084 637.854370 169.034698
v 92.235748 637.854492 169.034698
v 186.770325 637.854370 169.034698
v -96.833794 749.039795 185.029053
v -191.368500 749.040161 185.029053
v -2.298943 749.039917 185.029053
v 92.235764 749.039917 185.029053
v 186.770538 749.040161 185.029053
v -96.833778 858.694641 211.431580
v -191.368500 858.694702 211.431580
v -2.299026 858.694885 211.431580
v 92.235657 858.695007 211.431580
v 186.770325 858.694702 211.431580
v -96.833794 966.436218 247.356232
v -191.368500 966.436401 247.356232
v -2.299042 966.436218 247.356232
v 92.235703 966.436218 247.356232
v 186.770325 966.436218 247.356232
v 186.770462 298.941345 -45.756912
v 186.770325 412.422546 -45.756866
v 186.770370 298.941345 -256.865723
v 186.770370 412.422638 -252.870728
v 186.770325 525.521118 -45.756844
v 186.770370 525.521240 -253.417542
v 186.770538 637.854492 -45.756958
v 186.770462 637.854553 -260.548828
v 186.770325 749.039917 -45.756889
v 186.770538 749.040039 -276.542969
v 186.770325 858.695007 -45.757011
v 186.770462 858.695007 -302.945618
v 186.770325 966.436462 -45.757034
v 186.770325 966.436462 -338.870087
v 92.235703 298.941345 -256.865723
v 92.235748 412.422546 -252.870789
v -2.299042 298.941345 -256.865692
v -2.299042 412.422638 -252.870697
v -96.833794 298.941345 -256.865662
v -96.833778 412.422546 -252.870636
v -191.368500 298.941345 -256.865723
v -191.368500 412.422638 -252.870728
v 92.235748 525.521118 -253.417542
v -2.299061 525.521240 -253.417480
v -96.833748 525.521301 -253.417603
v -191.368500 525.521240 -253.417450
v 92.235748 637.854370 -260.548950
v -2.299026 637.854370 -260.548706
v -96.833778 637.854370 -260.548645
v -191.368500 637.854492 -260.548706
v 92.235840 749.040039 -276.543030
v -2.299042 749.039795 -276.542786
v -96.833778 749.039917 -276.543030
v -191.368500 749.040039 -276.542969
v 92.235748 858.695007 -302.945618
v -2.299007 858.695007 -302.945557
v -96.833725 858.694702 -302.945618
v -191.368500 858.694885 -302.945618
v 92.235703 966.436462 -338.870056
v -2.299042 966.436401 -338.870026
v -96.833778 966.436218 -338.869812
v -191.368500 966.436462 -338.870117
v -191.368500 298.941345 -45.756912
v -191.368500 412.422546 -45.756912
v -191.368500 525.521118 -45.756805
v -191.368500 637.854492 -45.757011
v -191.368500 749.039795 -45.756844
v -191.368500 858.695007 -45.757011
v -191.368500 966.436584 -45.757011
v -96.833717 1173.862305 56.978836
v -191.368469 1173.862549 56.978867
v -191.368500 1071.477661 131.127991
v -96.833794 1071.477539 131.127930
v -2.298962 1173.862793 56.978851
v -2.299042 1071.477295 131.127930
v 92.235748 1173.862549 56.978851
v 92.235748 1071.477295 131.127930
v 186.770370 1173.862549 56.978836
v 186.770462 1071.477783 131.127930
v 186.770370 1369.151123 -45.757011
v 186.770493 1273.213501 1.392883
v 186.770325 1071.477661 -222.641815
v 186.770370 1173.862549 -148.492737
v 186.770370 1273.213379 -92.906937
v 92.235657 1173.862549 -148.492676
v 92.235703 1071.477661 -222.641693
v -2.299042 1173.862549 -148.492737
v -2.299026 1071.477661 -222.641693
v -96.833794 1173.862061 -148.492828
v -96.833794 1071.477051 -222.641815
v -191.368469 1173.862549 -148.492676
v -191.368500 1071.477783 -222.641815
v -191.368469 1369.150879 -45.757011
v -191.368469 1273.213379 -92.906807
v -191.368469 1273.213135 1.392899
v -96.833794 1369.150879 -45.756866
v -96.833778 1273.212646 1.393143
v -2.299061 1369.150879 -45.756844
v -2.299007 1273.213135 1.392883
v 92.235672 1369.150635 -45.756958
v 92.235809 1273.213135 1.392868
v 92.235657 1273.212891 -92.906937
v -2.299026 1273.213135 -92.906685
v -96.833778 1273.213135 -92.906769
v 65.081650 1444.928955 -112.716942
v 77.981125 1444.928955 -112.716934
v 77.981110 1444.928955 -124.844589
v 65.081650 1444.928955 -124.844589
v 148.519623 1444.928955 -112.716934
v 148.519623 1444.928955 -124.844589
v 160.053223 1444.928955 -112.716942
v 160.053223 1444.928955 -124.844589
v 77.981125 1444.928955 -214.904053
v 65.081650 1444.928955 -214.904053
v 77.981110 1316.082031 -124.844589
v 148.519623 1316.082031 -124.844589
v 148.519623 1316.082031 -214.904053
v 77.981125 1316.082031 -214.904053
v 160.053223 1444.928955 -214.904053
v 148.519623 1444.928955 -214.904053
v 77.981125 1444.928955 -228.476074
v 65.081665 1444.928955 -228.476074
v 148.519623 1444.928955 -228.476074
v 160.053207 1444.928955 -228.476074
v 65.081650 1262.768066 -112.716942
v 77.981125 1262.768066 -112.716934
v 77.981125 1353.848633 -112.716934
v 65.081650 1353.848633 -112.716942
v 148.519623 1262.768066 -112.716934
v 148.519623 1353.848633 -112.716934
v 160.053223 1262.768066 -112.716942
v 160.053223 1353.848633 -112.716942
v 160.053223 1080.607056 -124.844589
v 160.053223 1080.607056 -214.904053
v 160.053223 1171.687500 -214.904053
v 160.053223 1171.687500 -124.844589
v 160.053207 1080.606934 -228.476074
v 160.053207 1171.687500 -228.476074
v 160.053223 1262.768066 -214.904053
v 160.053223 1262.768066 -124.844589
v 160.053207 1262.768066 -228.476074
v 160.053223 1353.848389 -124.844589
v 160.053223 1353.848633 -214.904053
v 160.053207 1353.848633 -228.476074
v 148.519623 1080.606934 -228.476074
v 148.519623 1171.687500 -228.476074
v 77.981125 1080.606934 -228.476074
v 77.981125 1171.687500 -228.476074
v 65.081665 1080.606934 -228.476074
v 65.081665 1171.687500 -228.476074
v 148.519623 1262.768066 -228.476074
v 77.981125 1262.768066 -228.476074
v 65.081665 1262.768066 -228.476074
v 148.519623 1353.848633 -228.476074
v 77.981125 1353.848633 -228.476074
v 65.081665 1353.848633 -228.476074
v 65.081650 1080.607056 -214.904053
v 65.081650 1171.687500 -214.904053
v 65.081650 1080.607056 -124.844589
v 65.081650 1171.687500 -124.844589
v 65.081650 1262.768066 -214.904053
v 65.081650 1262.768066 -124.844589
v 65.081650 1353.848633 -214.904053
v 65.081650 1353.848389 -124.844589
v -194.029297 1176.184204 -46.008232
v -194.029297 1173.515747 -58.427544
v -194.029251 1131.937012 -46.008286
v -194.029297 1165.832275 -69.348892
v -194.029297 1154.060669 -77.455009
v -194.029297 1139.620361 -81.768272
v -194.029297 1124.253418 -81.768265
v -194.029297 1109.813232 -77.455009
v -194.029297 1098.041504 -69.348892
v -194.029297 1090.358154 -58.427544
v -194.029297 1087.689697 -46.008247
v -194.029297 1090.358154 -33.588943
v -194.029297 1098.041504 -22.667595
v -194.029297 1109.813232 -14.561539
v -194.029297 1124.253418 -10.248428
v -194.029297 1139.620361 -10.248428
v -194.029297 1154.060669 -14.561539
v -194.029297 1165.832275 -22.667557
v -194.029297 1173.515747 -33.588905
v -195.025940 1177.584961 -46.853142
v -195.025940 1132.886719 -46.853142
v -195.025940 1132.886719 -44.922340
v -195.025940 1177.584961 -44.922318
v -195.025940 1130.955933 -46.853142
v -195.025940 1130.955933 -83.696754
v -192.644440 1130.955933 -83.696754
v -192.644470 1130.955933 -46.853142
v -192.644470 1132.886719 -46.853142
v -192.644440 1132.886719 -83.696754
v -195.025940 1132.886719 -83.696754
v -195.025940 1130.955933 -44.922325
v -192.644440 1177.584961 -46.853142
v -192.644470 1132.886719 -44.922340
v -192.644440 1177.584961 -44.922318
v -195.025940 1130.955933 -8.320618
v -195.025940 1132.886719 -8.320633
v -192.644470 1132.886719 -8.320633
v -192.644470 1130.955933 -44.922325
v -192.644470 1130.955933 -8.320618
v -192.644470 1085.813232 -46.853142
v -195.025940 1085.813232 -46.853142
v -195.025940 1085.813232 -44.922325
v -192.644470 1085.813232 -44.922325
v -194.786255 1178.570068 -46.008705
v -194.786255 1175.757813 -59.097580
v -195.093323 1172.797974 -58.213348
v -195.093323 1175.420166 -46.008636
v -194.786255 1167.660156 -70.607880
v -195.093323 1165.247314 -68.945984
v -194.786255 1155.253540 -79.151016
v -195.093323 1153.678955 -76.911964
v -194.786255 1140.034912 -83.696762
v -195.093323 1139.488281 -81.150681
v -194.786255 1123.839355 -83.696754
v -195.093323 1124.386841 -81.150681
v -194.786285 1108.620605 -79.151016
v -195.093353 1110.196289 -76.911964
v -194.786285 1096.214111 -70.607880
v -195.093353 1098.627930 -68.945984
v -194.786285 1088.116333 -59.097580
v -195.093353 1091.077148 -58.213348
v -194.786285 1085.303955 -46.008713
v -195.093353 1088.454834 -46.008636
v -194.786285 1088.116333 -32.919685
v -195.093353 1091.077148 -33.803902
v -194.786285 1096.214111 -21.409454
v -195.093353 1098.627930 -23.071228
v -194.786285 1108.620605 -12.866348
v -195.093353 1110.196167 -15.105171
v -194.786255 1123.839355 -8.320633
v -195.093323 1124.386841 -10.866615
v -194.786255 1140.034912 -8.320633
v -195.093323 1139.488281 -10.866615
v -194.786255 1155.253540 -12.866348
v -195.093323 1153.678955 -15.105148
v -194.786255 1167.660156 -21.409431
v -195.093323 1165.247192 -23.071205
v -194.786255 1175.757813 -32.919647
v -195.093323 1172.797974 -33.803902
v -185.718475 1167.660156 -70.607880
v -185.718445 1175.757813 -59.097580
v -185.411163 1172.797974 -58.213348
v -185.411163 1165.247314 -68.945984
v -185.718445 1178.570068 -46.008705
v -185.411163 1175.420166 -46.008636
v -185.718445 1175.757813 -32.919647
v -185.411163 1172.797974 -33.803902
v -185.718475 1167.660156 -21.409431
v -185.411163 1165.247192 -23.071205
v -185.718475 1155.253540 -12.866348
v -185.411163 1153.678955 -15.105148
v -185.718475 1140.034912 -8.320633
v -185.411163 1139.488281 -10.866615
v -185.718475 1123.839355 -8.320633
v -185.411163 1124.386841 -10.866615
v -185.718475 1108.620605 -12.866348
v -185.411163 1110.196167 -15.105171
v -185.718475 1096.214111 -21.409454
v -185.411194 1098.627930 -23.071228
v -185.718475 1088.116333 -32.919685
v -185.411194 1091.077148 -33.803902
v -185.718475 1085.303955 -46.008713
v -185.411194 1088.454834 -46.008636
v -185.718475 1088.116333 -59.097580
v -185.411194 1091.077148 -58.213348
v -185.718475 1096.214111 -70.607880
v -185.411194 1098.627930 -68.945984
v -185.718475 1108.620605 -79.151016
v -185.411163 1110.196289 -76.911964
v -185.718475 1123.839355 -83.696754
v -185.411163 1124.386841 -81.150681
v -185.718475 1140.034912 -83.696762
v -185.411163 1139.488281 -81.150681
v -185.718475 1155.253540 -79.151016
v -185.411163 1153.678955 -76.911964
v 34.853035 371.497498 -539.837769
v -59.369072 369.166199 -541.043579
v -59.571373 377.868866 -542.103027
v 34.643982 380.200256 -540.894653
v 34.908432 372.139099 -534.980591
v -59.373528 369.873352 -534.784302
v -59.585365 378.576202 -535.840088
v 34.689697 380.842010 -536.034546
v -55.189293 376.861481 -540.484619
v -55.609352 399.575775 -543.025146
v 31.173019 401.286224 -542.077759
v 31.592941 378.571960 -539.536987
v -50.770287 421.023285 -545.355469
v 25.544708 422.527496 -544.522522
v -41.256126 438.617249 -547.194336
v 15.387077 439.733765 -546.576111
v -28.214149 450.235626 -548.319946
v 1.925098 450.829651 -547.990967
v -13.217422 454.476929 -548.596436
v -53.994041 411.501556 -544.820313
v 28.773544 413.116333 -543.909058
v 28.744865 413.360138 -541.725098
v -53.982430 411.747742 -542.636658
v -53.534081 413.211975 -545.015503
v -53.522560 413.458191 -542.831909
v 28.712128 415.130707 -541.922852
v 28.740799 414.886932 -544.107117
v -12.472935 373.913208 -539.833130
v -10.691418 373.948456 -539.813599
v -10.720100 374.192139 -537.629883
v -12.501564 374.157043 -537.649353
v -13.990593 455.997009 -549.014099
v -14.019241 456.240753 -546.830383
v -12.237766 456.275879 -546.810730
v -12.209129 456.032043 -548.994873
v -56.746025 376.349335 -541.079102
v -57.181099 399.886810 -543.711792
v -55.600838 399.506622 -543.648865
v -55.180824 376.792358 -541.108276
v 33.181778 378.121826 -540.097778
v 31.601357 378.502838 -540.160828
v 32.746559 401.659363 -542.730530
v 31.181351 401.217102 -542.701477
v 26.914276 423.670471 -545.263550
v 25.553146 422.458344 -545.146179
v 16.388412 441.500397 -547.391602
v 15.395409 439.664642 -547.199707
v 2.438591 452.998627 -548.857788
v 1.933453 450.760559 -548.614685
v -50.761848 420.954193 -545.979126
v -52.166801 422.111816 -546.126709
v -41.247612 438.548157 -547.817932
v -42.307640 440.343506 -548.032104
v -28.205696 450.166473 -548.943604
v -28.792961 452.382935 -549.198730
v -13.209057 454.407837 -549.220093
v -13.252831 456.777985 -549.485229
v -28.854713 452.907837 -544.495850
v -13.314507 457.302826 -544.782837
v -42.369392 440.868378 -543.329651
v -52.228539 422.636627 -541.423950
v -57.242790 400.411682 -539.009399
v -56.807686 376.874146 -536.376709
v 32.684853 402.184235 -538.027649
v 33.120056 378.646637 -535.394897
v 26.852600 424.195374 -540.560913
v 16.326775 442.025299 -542.689026
v 2.376854 453.523438 -544.155151
v -50.823524 421.479004 -541.276245
v -55.662605 400.031433 -538.945984
v -55.242531 377.317230 -536.405396
v 31.539642 379.027679 -535.458496
v 31.119751 401.741882 -537.999084
v 25.491425 422.983215 -540.443542
v 15.333801 440.189514 -542.496826
v 1.871849 451.285461 -543.911804
v -13.270733 454.932739 -544.517700
v -28.267420 450.691345 -544.240906
v -41.309364 439.073029 -543.115112
v -356.151733 282.753357 -148.414551
v -346.151886 282.753357 -148.414551
v -346.151886 596.908325 -148.414551
v -356.151733 596.908325 -148.414551
v -346.151886 282.753357 -158.414536
v -346.151886 596.908325 -158.414536
v -356.151733 282.753357 -158.414536
v -356.151733 596.908325 -158.414536
v -356.151733 282.753357 56.585449
v -346.151886 282.753357 56.585449
v -346.151886 596.908325 56.585449
v -356.151733 596.908325 56.585449
v -346.151886 282.753357 46.585358
v -346.151886 596.908325 46.585358
v -356.151733 282.753357 46.585358
v -356.151733 596.908325 46.585358
v -217.213806 282.753357 56.585449
v -207.213776 282.753357 56.585449
v -207.213776 596.908325 56.585449
v -217.213806 596.908325 56.585449
v -207.213776 282.753357 46.585358
v -207.213776 596.908325 46.585358
v -217.213806 282.753357 46.585358
v -217.213806 596.908325 46.585358
v -217.901062 282.753357 -148.414551
v -207.901184 282.753357 -148.414551
v -207.901184 596.908325 -148.414551
v -217.901062 596.908325 -148.414551
v -207.901184 282.753357 -158.414536
v -207.901184 596.908325 -158.414536
v -217.901062 282.753357 -158.414536
v -217.901062 596.908325 -158.414536
v -197.192291 927.700745 32.163025
v -197.192291 924.901917 35.541565
v -197.192291 927.700745 41.509430
v -197.192322 1004.721802 -51.461777
v -197.192322 996.978760 -51.461678
v -197.192291 927.700745 -144.432999
v -197.192291 924.901917 -138.464798
v -197.192291 927.700745 -135.086380
v -197.192291 810.587097 -131.365540
v -197.192291 815.270447 -126.236221
v -197.192291 810.450623 28.441971
v -197.192291 815.133972 23.312927
v -191.112152 810.450623 28.441971
v -191.112183 927.700745 41.509430
v -191.112183 927.700745 -144.432999
v -191.112152 810.587097 -131.365540
v -191.112213 1004.721802 -51.461777
v -192.699829 924.901917 35.541565
v -192.699783 815.133972 23.312927
v -192.699783 815.270447 -126.236221
v -192.699829 924.901917 -138.464798
v -192.699860 996.978760 -51.461678
v -198.068634 897.958923 -47.768883
v -196.240967 897.958923 -47.768883
v -196.240967 1001.490295 -47.479530
v -198.068634 1001.490295 -47.479530
v -196.240967 897.958923 -56.094604
v -198.068634 897.958923 -56.094604
v -198.068634 1001.490295 -55.373070
v -196.240967 1001.490295 -55.373070
v -196.240967 1004.684570 -51.445587
v -198.068634 1004.691895 -51.445587
v -198.068634 930.065796 -141.581924
v -196.240967 930.065796 -141.581924
v -196.240967 927.710022 -144.399567
v -198.068634 927.713074 -144.406219
v -196.240967 922.777405 -143.875778
v -198.068634 922.777405 -143.875778
v -198.068634 930.592102 37.980515
v -196.240967 930.592102 37.980515
v -198.068634 922.814392 40.964859
v -196.240967 922.814392 40.964859
v -196.240967 927.792053 41.505127
v -198.068634 927.794556 41.512070
v -198.068634 889.601685 -56.094604
v -198.068634 889.601685 -47.768883
v -196.240967 889.601685 -47.768883
v -196.240967 889.601685 -56.094604
v -198.068634 810.520813 -56.094604
v -198.068634 810.520813 -47.768883
v -196.240967 810.520813 -47.768883
v -196.240967 810.520813 -56.094604
v -195.548676 815.827087 23.313477
v -195.548676 924.902405 35.542099
v -195.548676 924.902405 -138.464386
v -195.548676 815.827087 -126.235748
v -195.548676 996.979248 -51.461197
v -13.957207 769.988770 -288.164978
v -13.957207 769.841064 -288.620911
v -6.957172 769.841064 -288.620911
v -6.957172 769.988770 -288.164978
v -13.957207 883.068909 -324.760315
v -6.957172 883.068909 -324.760315
v -6.957172 882.921387 -325.216187
v -13.957207 882.921387 -325.216187
v -195.694092 357.055115 0.264053
v -195.694092 357.055115 -99.735962
v -185.694244 357.055115 -99.735962
v -185.694244 357.055115 0.264053
v -195.694092 557.055176 0.264053
v -185.694244 557.055176 0.264053
v -185.694244 557.055176 -99.735962
v -195.694092 557.055176 -99.735962
v -191.153259 459.397766 -86.293320
v -191.153259 459.032562 -86.802063
v -200.616638 459.060059 -86.816269
v -200.616638 459.430206 -86.300789
v -191.153259 458.463654 -87.205780
v -200.616638 458.483643 -87.225327
v -191.153259 457.746796 -87.464966
v -200.616638 457.757324 -87.487946
v -191.153259 456.952148 -87.554306
v -200.616638 456.952148 -87.578476
v -191.153259 456.157562 -87.464966
v -200.616638 456.147003 -87.487946
v -191.153259 455.440704 -87.205780
v -200.616638 455.420654 -87.225327
v -191.153259 454.871765 -86.802063
v -200.616638 454.844269 -86.816269
v -191.153259 454.506561 -86.293320
v -200.616638 454.474121 -86.300789
v -191.153259 454.380707 -85.729385
v -200.616638 454.346619 -85.729385
v -191.153259 454.506561 -85.165482
v -200.616638 454.474121 -85.158005
v -191.153259 454.871765 -84.656784
v -200.616638 454.844269 -84.642578
v -191.153259 455.440704 -84.253044
v -200.616638 455.420654 -84.233490
v -191.153259 456.157562 -83.993835
v -200.616638 456.147003 -83.970840
v -191.153259 456.952148 -83.904526
v -200.616638 456.952148 -83.880363
v -191.153259 457.746796 -83.993835
v -200.616638 457.757324 -83.970840
v -191.153259 458.463654 -84.253044
v -200.616638 458.483643 -84.233490
v -191.153259 459.032562 -84.656784
v -200.616638 459.060059 -84.642578
v -191.153259 459.397766 -85.165482
v -200.616638 459.430206 -85.158005
v -191.153259 459.523621 -85.729385
v -200.616638 459.557709 -85.729385
v -201.779663 458.486542 -86.520523
v -201.779633 458.755920 -86.145317
v -201.779633 458.066895 -86.818298
v -201.779633 457.538269 -87.009476
v -201.779572 456.952148 -87.075363
v -201.779663 456.366058 -87.009476
v -201.779633 455.837433 -86.818298
v -201.779663 455.417786 -86.520523
v -201.779633 455.148407 -86.145309
v -201.779633 455.055542 -85.729401
v -201.779633 455.148407 -85.313469
v -201.779663 455.417786 -84.938263
v -201.779633 455.837433 -84.640503
v -201.779663 456.366028 -84.449310
v -201.779572 456.952148 -84.383453
v -201.779633 457.538269 -84.449310
v -201.779572 458.066895 -84.640503
v -201.779633 458.486542 -84.938263
v -201.779633 458.755920 -85.313477
v -201.779633 458.848785 -85.729401
v -203.934479 458.486542 -86.520523
v -203.934479 458.755920 -86.145317
v -203.934479 458.066895 -86.818298
v -203.934479 457.538269 -87.009476
v -203.934418 456.952148 -87.075363
v -203.934479 456.366058 -87.009476
v -203.934479 455.837433 -86.818298
v -203.934479 455.417786 -86.520523
v -203.934479 455.148407 -86.145309
v -203.934479 455.055542 -85.729401
v -203.934479 455.148407 -85.313469
v -203.934479 455.417786 -84.938263
v -203.934479 455.837433 -84.640503
v -203.934479 456.366028 -84.449310
v -203.934418 456.952148 -84.383453
v -203.934479 457.538269 -84.449310
v -203.934418 458.066895 -84.640503
v -203.934479 458.486542 -84.938263
v -203.934479 458.755920 -85.313477
v -203.934479 458.848785 -85.729401
v -206.433044 458.486542 -85.948730
v -206.135712 458.755920 -85.638489
v -206.669006 458.066895 -86.194992
v -206.820496 457.538269 -86.353050
v -206.872635 456.952148 -86.407578
v -206.820496 456.366058 -86.353050
v -206.669006 455.837433 -86.194992
v -206.433044 455.417786 -85.948730
v -206.135712 455.148407 -85.638489
v -205.806122 455.055542 -85.294563
v -205.476532 455.148407 -84.950638
v -205.179199 455.417786 -84.640396
v -204.943268 455.837433 -84.394180
v -204.791748 456.366028 -84.236069
v -204.739471 456.952148 -84.181656
v -204.791748 457.538269 -84.236069
v -204.943161 458.066895 -84.394188
v -205.179199 458.486542 -84.640396
v -205.476532 458.755920 -84.950645
v -205.806122 458.848785 -85.294563
v -207.674988 458.486542 -84.156036
v -207.146362 458.755920 -84.162308
v -208.094543 458.066895 -84.151062
v -208.363922 457.538269 -84.147888
v -208.456741 456.952148 -84.146851
v -208.363922 456.366058 -84.147888
v -208.094543 455.837433 -84.151062
v -207.674988 455.417786 -84.156036
v -207.146362 455.148407 -84.162308
v -206.560394 455.055542 -84.169235
v -205.974365 455.148407 -84.176178
v -205.445740 455.417786 -84.182449
v -205.026215 455.837433 -84.187408
v -204.756836 456.366028 -84.190613
v -204.664032 456.952148 -84.191772
v -204.756836 457.538269 -84.190613
v -205.026215 458.066895 -84.187485
v -205.445740 458.486542 -84.182449
v -205.974380 458.755920 -84.176178
v -206.560394 458.848785 -84.169235
v -207.463196 458.194977 -81.838379
v -207.035034 458.413177 -81.843452
v -207.803009 457.855103 -81.834351
v -208.021210 457.426880 -81.831772
v -208.096436 456.952148 -81.830933
v -208.021210 456.477417 -81.831772
v -207.803009 456.049255 -81.834351
v -207.463196 455.709351 -81.838379
v -207.035034 455.491150 -81.843452
v -206.560394 455.415955 -81.849075
v -206.085693 455.491150 -81.854706
v -205.657532 455.709351 -81.859772
v -205.317749 456.049225 -81.863785
v -205.099548 456.477417 -81.866371
v -205.024384 456.952148 -81.867325
v -205.099548 457.426880 -81.866371
v -205.317749 457.855042 -81.863846
v -205.657532 458.194977 -81.859772
v -206.085724 458.413177 -81.854706
v -206.560394 458.488373 -81.849075
v -207.462219 457.974457 -78.655716
v -207.034515 458.153931 -78.660782
v -207.801697 457.694885 -78.651688
v -208.019653 457.342682 -78.649124
v -208.094788 456.952148 -78.648285
v -208.019653 456.561646 -78.649124
v -207.801697 456.209473 -78.651688
v -207.462219 455.929871 -78.655716
v -207.034515 455.750397 -78.660782
v -206.560394 455.688477 -78.666397
v -206.086197 455.750397 -78.672028
v -205.658493 455.929871 -78.677094
v -205.319061 456.209442 -78.681107
v -205.101105 456.561646 -78.683685
v -205.026001 456.952148 -78.684631
v -205.101105 457.342682 -78.683685
v -205.319061 457.694855 -78.681152
v -205.658493 457.974457 -78.677094
v -206.086243 458.153931 -78.672028
v -206.560394 458.215851 -78.666397
v -207.674988 458.051208 -74.112640
v -207.146362 458.244141 -74.118889
v -208.094543 457.750610 -74.107681
v -208.363922 457.371979 -74.104507
v -208.456741 456.952148 -74.103439
v -208.363922 456.532349 -74.104507
v -208.094543 456.153717 -74.107681
v -207.674988 455.853088 -74.112640
v -207.146362 455.660156 -74.118889
v -206.560394 455.593658 -74.125839
v -205.974365 455.660156 -74.132813
v -205.445740 455.853088 -74.139069
v -205.026215 456.153717 -74.144012
v -204.756836 456.532349 -74.147232
v -204.664032 456.952148 -74.148392
v -204.756836 457.371979 -74.147232
v -205.026215 457.750610 -74.144073
v -205.445740 458.051208 -74.139069
v -205.974380 458.244141 -74.132813
v -206.560394 458.310638 -74.125839
v -207.674988 458.216431 -69.530891
v -207.146362 458.438354 -69.537125
v -208.094543 457.870667 -69.525894
v -208.363922 457.435059 -69.522736
v -208.456741 456.952148 -69.521698
v -208.363922 456.469269 -69.522736
v -208.094543 456.033691 -69.525894
v -207.674988 455.687927 -69.530891
v -207.146362 455.465973 -69.537125
v -206.560394 455.389496 -69.544075
v -205.974365 455.465973 -69.551025
v -205.445740 455.687927 -69.557304
v -205.026215 456.033630 -69.562256
v -204.756836 456.469269 -69.565437
v -204.664032 456.952148 -69.566628
v -204.756836 457.435059 -69.565437
v -205.026215 457.870636 -69.562332
v -205.445740 458.216431 -69.557304
v -205.974380 458.438354 -69.551025
v -206.560394 458.514832 -69.544075
v -207.674988 458.486542 -67.195816
v -207.146362 458.755920 -67.202065
v -208.094543 458.066895 -67.190826
v -208.363922 457.538269 -67.187691
v -208.456741 456.952148 -67.186615
v -208.363922 456.366058 -67.187691
v -208.094543 455.837433 -67.190826
v -207.674988 455.417786 -67.195816
v -207.146362 455.148407 -67.202065
v -206.560394 455.055542 -67.209015
v -205.974365 455.148407 -67.215958
v -205.445740 455.417786 -67.222244
v -205.026215 455.837433 -67.227196
v -204.756836 456.366028 -67.230377
v -204.664032 456.952148 -67.231575
v -204.756836 457.538269 -67.230377
v -205.026215 458.066895 -67.227249
v -205.445740 458.486542 -67.222244
v -205.974380 458.755920 -67.215958
v -206.560394 458.848785 -67.209015
v -207.674988 457.389435 -66.754868
v -207.146362 457.466156 -66.761086
v -208.094543 457.269806 -66.749847
v -208.363922 457.119202 -66.746719
v -208.456741 456.952148 -66.745644
v -208.363922 456.785187 -66.746719
v -208.094543 456.634521 -66.749847
v -207.674988 456.514893 -66.754868
v -207.146362 456.438171 -66.761086
v -206.560394 456.411713 -66.768036
v -205.974365 456.438171 -66.774979
v -205.445740 456.514893 -66.781265
v -205.026215 456.634521 -66.786217
v -204.756836 456.785126 -66.789398
v -204.664032 456.952148 -66.790604
v -204.756836 457.119141 -66.789398
v -205.026215 457.269806 -66.786278
v -205.445740 457.389435 -66.781265
v -205.974380 457.466156 -66.774979
v -206.560394 457.492615 -66.768036
v 90.894897 297.055176 -227.527206
v 90.894897 297.055176 -529.107849
v 90.227707 536.979980 -555.686523
v 90.909851 537.548706 -227.495926
v -109.105019 297.055176 -529.107849
v -108.437721 536.978516 -555.686157
v -109.105019 297.055176 -227.527206
v -109.121521 537.550110 -227.495926
v -86.783852 574.674133 -529.696472
v 68.576477 574.671326 -529.695801
v -58.078728 624.554077 -511.998291
v -9.112400 709.570618 -500.734497
v 39.869019 624.556519 -511.998474
v 68.576477 574.673706 -227.493683
v -86.783852 574.673706 -227.493683
v -9.112400 709.570313 -227.493530
v 39.869019 624.556641 -227.493591
v -58.078728 624.556641 -227.493591
v 60.316940 592.633179 278.339355
v -78.526939 592.633545 278.339355
v -78.643318 557.889282 279.954651
v 60.433128 557.889038 279.954651
v 60.084549 662.124512 281.507904
v -78.294762 662.125366 281.508148
v -78.410881 627.379089 279.322144
v 60.200745 627.378479 279.322144
v -78.759468 523.147095 285.530029
v 60.549332 523.147095 285.530029
v -78.294762 662.125366 112.892380
v -78.410881 627.379089 112.892380
v -78.526939 592.633545 112.892380
v -78.643318 557.889282 112.892380
v -78.759468 523.147095 112.892334
v 60.433128 557.889038 112.892380
v 60.316940 592.633179 112.892380
v 60.549332 523.147095 112.892334
v 60.200745 627.378479 112.892380
v 60.084549 662.124512 112.892380
v -9.648628 753.932861 259.990417
v -39.305321 712.585815 265.053650
v 20.184471 712.584839 265.053528
v 32.419487 694.298279 270.852600
v -52.650124 694.297241 270.852417
v -64.197227 680.477295 276.670441
v 41.626526 680.476685 276.670258
v -78.759499 494.718781 235.667725
v 60.549332 494.718781 235.667725
v 60.549255 466.968781 112.892303
v 60.549332 470.782623 150.583374
v 60.549332 480.923706 192.467834
v -78.759529 480.923706 192.467896
v -78.759499 470.782623 150.583374
v -78.759529 466.968781 112.892075
v 89.181335 637.270386 308.333069
v 89.181335 637.270386 77.183685
v 71.416489 637.171875 77.183685
v 71.416489 637.171875 308.199036
v -91.979759 637.205261 308.207214
v -91.979759 637.205261 77.183655
v -108.868446 637.260376 77.183685
v -108.868446 637.260376 308.315033
v 4.846695 732.039734 272.719360
v 38.017960 684.734375 282.470795
v 56.166138 684.856934 282.683807
v 23.145035 732.385742 272.930023
v -24.801231 732.009644 272.786011
v -42.852074 732.406494 272.865112
v -75.860603 684.830933 282.630768
v -58.278633 684.766968 282.521912
v -9.817280 752.881836 271.286896
v -9.831551 779.974609 269.567322
v -96.911812 654.492126 299.011292
v -79.771996 654.433838 298.903076
v 77.820068 653.645996 299.506561
v 59.923325 653.539185 299.345367
v 56.166138 684.856934 77.183472
v 23.145035 732.385742 77.183334
v -9.831551 779.974609 77.183273
v -42.852074 732.406494 77.183365
v -75.860603 684.830933 77.183472
v -121.431000 1156.614502 91.014267
v -240.562973 1156.614746 91.014145
v -240.563019 1109.329590 122.089630
v -121.431000 1109.329102 122.089783
v -2.298943 1156.614990 91.014191
v -2.299042 1109.329590 122.089783
v 116.833160 1156.614746 91.014145
v 116.832977 1109.329346 122.089783
v 235.964935 1156.614746 91.014145
v 235.964905 1109.329590 122.089783
v 116.833115 1156.614990 -182.425781
v 235.964935 1156.614746 -182.425781
v 235.964905 1109.329834 -213.501129
v 116.833099 1109.329834 -213.501129
v -2.298988 1156.614746 -182.425644
v -2.298996 1109.329590 -213.500946
v -121.431000 1156.614380 -182.425781
v -121.431000 1109.329224 -213.501038
v -240.562927 1156.614746 -182.425964
v -240.563049 1109.329590 -213.501404
v -121.430992 1440.325195 -28.413330
v -240.563019 1440.325684 -28.413376
v -240.562973 1393.040527 -12.687881
v -121.431000 1393.040283 -12.687859
v -121.430992 1298.469971 22.079498
v -240.562973 1298.470337 22.079407
v -240.562973 1251.185059 42.256378
v -121.430862 1251.184814 42.256485
v -240.562973 967.474243 254.138245
v -121.431000 967.474060 254.138275
v -121.430969 1014.759033 202.418915
v -240.563019 1014.759277 202.418884
v -2.299042 1440.325439 -28.413239
v -2.299015 1393.040283 -12.687874
v -2.298855 1298.470215 22.079529
v -2.298943 1251.185303 42.256500
v -2.298985 967.474121 254.138245
v -2.299015 1014.759155 202.418915
v 116.832977 1440.325439 -28.413307
v 116.833099 1393.040283 -12.687874
v 116.833069 1298.470215 22.079529
v 116.833160 1251.185059 42.256454
v 116.832977 967.474121 254.138245
v 116.833008 1014.759277 202.418915
v 235.964935 1440.325684 -28.413391
v 235.964935 1393.040527 -12.687927
v 235.965027 1298.470337 22.079483
v 235.965149 1251.185303 42.256454
v 235.964905 967.474243 254.138245
v 235.964935 1014.759277 202.418884
v 116.833023 1440.325684 -62.998405
v 235.964783 1440.325684 -62.998505
v 235.964935 1393.040771 -78.723831
v 116.832901 1393.040283 -78.723770
v 116.832977 1298.470215 -113.490952
v 235.964905 1298.470337 -113.490952
v 235.964935 1251.185303 -133.668015
v 116.833099 1251.185181 -133.668015
v 235.964935 967.474304 -345.549988
v 116.833115 967.474304 -345.549988
v 116.833069 1014.759521 -293.830658
v 235.964935 1014.759460 -293.830658
v -2.299007 1440.325439 -62.998352
v -2.298996 1393.040527 -78.723633
v -2.299019 1298.470215 -113.490997
v -2.299038 1251.185059 -133.667923
v -2.299072 967.474365 -345.549866
v -2.298985 1014.759460 -293.830444
v -121.431000 1440.325439 -62.998444
v -121.431038 1393.040283 -78.723816
v -121.431000 1298.469849 -113.490997
v -121.431000 1251.184814 -133.667953
v -121.431038 967.474182 -345.549866
v -121.430969 1014.759033 -293.830505
v -240.563049 1440.325439 -62.998405
v -240.563019 1393.040527 -78.723770
v -240.563019 1298.470215 -113.491035
v -240.562973 1251.185059 -133.668091
v -240.562927 967.474243 -345.550171
v -240.562973 1014.759399 -293.830750
v -240.563019 1033.792480 136.493652
v -240.563019 978.877930 190.981781
v 235.964935 978.877991 190.981781
v 235.965027 1033.792725 136.493652
v 235.964935 1033.792725 -227.905228
v 235.964935 978.878052 -282.393494
v -240.563019 978.877991 -282.393646
v -240.563019 1033.792480 -227.905457
v -240.562973 1325.132813 -27.378082
v -240.563019 1277.847656 -9.991066
v -240.563019 1183.277588 32.603012
v -240.563019 1135.992188 60.063217
v -240.562973 923.963318 256.270142
v 235.965027 1277.847778 -9.990875
v 235.964935 1325.132813 -27.378036
v 235.965149 1135.992432 60.063309
v 235.965027 1183.277588 32.603119
v 235.964844 923.963318 256.270142
v 235.964935 1325.132813 -64.033562
v 235.964935 1277.847778 -81.420578
v 235.964935 1183.277588 -124.014503
v 235.964935 1135.992432 -151.474731
v 235.964935 923.963440 -347.681976
v -240.563019 1277.847778 -81.420731
v -240.562973 1325.132813 -64.033600
v -240.563019 1135.992432 -151.474991
v -240.563019 1183.277588 -124.014709
v -240.562973 923.963440 -347.681915
v -121.430862 1203.899658 63.459030
v -240.562973 1203.899902 63.459000
v -240.563019 1062.044434 157.865662
v -121.431038 1062.043945 157.865662
v -2.298855 1203.900146 63.459015
v -2.299015 1062.044189 157.865662
v 116.833160 1203.899902 63.459015
v 116.832977 1062.044312 157.865662
v 235.965027 1203.899902 63.459015
v 235.964935 1062.044434 157.865662
v 116.833069 1203.900146 -154.870514
v 235.964935 1203.899902 -154.870438
v 235.964935 1062.044678 -249.277206
v 116.833069 1062.044678 -249.277100
v -2.299015 1203.899902 -154.870361
v -2.299015 1062.044434 -249.277008
v -121.431038 1203.899414 -154.870407
v -121.431038 1062.044189 -249.277008
v -240.563049 1203.899902 -154.870544
v -240.563049 1062.044434 -249.277435
v -121.431000 1487.610352 -45.705948
v -240.563019 1487.610596 -45.705963
v -240.562973 1345.755615 1.924652
v -121.431000 1345.755127 1.924683
v -240.562973 920.189148 313.933319
v -121.430992 920.189148 313.933319
v -2.299091 1487.610596 -45.705948
v -2.298985 1345.755371 1.924683
v -2.298943 920.189148 313.933319
v 116.833115 1487.610352 -45.705948
v 116.833008 1345.755127 1.924683
v 116.833069 920.189148 313.933319
v 235.964996 1487.610596 -45.705986
v 235.965027 1345.755615 1.924683
v 235.964935 920.189148 313.933319
v 235.965088 1345.755615 -93.336365
v 116.833008 1345.755127 -93.336273
v 235.964935 920.189148 -405.345245
v 116.833069 920.189148 -405.345032
v -2.298996 1345.755371 -93.336220
v -2.298843 920.189087 -405.345032
v -121.431038 1345.755127 -93.336273
v -121.431152 920.189148 -405.344971
v -240.562927 1345.755371 -93.336334
v -240.563019 920.189148 -405.345032
v -240.563019 1088.707031 90.939224
v 235.965027 1088.707275 90.939270
v 235.964935 1088.707275 -182.350723
v -240.563019 1088.707031 -182.350967
v -240.562973 1372.417725 -45.705803
v -240.563019 1230.562744 7.207260
v 235.965027 1230.562744 7.207367
v 235.964935 1372.417725 -45.705803
v 235.964935 1230.562744 -98.618896
v -240.563019 1230.562744 -98.619019
v -264.996582 640.651001 -1.215866
v -310.574280 645.574585 -1.401825
v -310.574280 619.744263 27.147064
v -264.996582 615.627441 27.381424
v -264.996521 575.041748 56.466476
v -264.996582 592.829834 56.466476
v -310.574280 596.039917 56.466476
v -310.574280 576.619263 56.466476
v -264.996521 575.041748 -158.414597
v -264.996582 592.829834 -158.414551
v -219.418854 596.039917 -158.414566
v -219.418854 576.619263 -158.414627
v -264.996582 640.651001 -100.732300
v -219.418854 645.574585 -100.546280
v -219.418869 619.744263 -129.095139
v -264.996582 615.627441 -129.329620
v -173.840973 661.036743 -1.714478
v -219.418854 645.574585 -1.401825
v -219.418777 619.744324 27.147064
v -173.840942 632.262878 26.496735
v -356.151794 661.036743 -1.714478
v -310.574280 675.742249 -26.829468
v -356.151794 694.843079 -26.366524
v -219.418869 596.039917 56.466476
v -219.418854 576.619263 56.466476
v -173.840881 581.288269 56.466476
v -173.840973 605.562744 56.466476
v -356.151794 605.562744 56.466476
v -356.151794 581.288269 56.466476
v -310.574280 596.039917 -158.414627
v -310.574280 576.619263 -158.414597
v -356.151794 581.288269 -158.414642
v -356.151794 605.562622 -158.414597
v -173.841187 605.562744 -158.414581
v -173.840881 581.288269 -158.414642
v -356.151794 661.036743 -100.233658
v -310.574280 645.574585 -100.546265
v -310.574280 619.744263 -129.095154
v -356.151794 632.262817 -128.444809
v -173.840973 661.036743 -100.233650
v -219.418854 675.742249 -75.118599
v -173.840942 694.843140 -75.581543
v -264.996582 705.462646 -50.974068
v -219.418854 712.780273 -50.974075
v -264.996582 669.805115 -75.058701
v -356.151794 736.590576 -50.974068
v -310.574280 712.780212 -50.974068
v -310.574280 675.742249 -75.118591
v -356.151794 694.843079 -75.581543
v -173.840912 632.262878 -128.444824
v -173.840973 736.590698 -50.974068
v -264.996582 669.805054 -26.889381
v -219.418915 675.742310 -26.829506
v -173.840942 694.843140 -26.366524
v -356.151794 632.262817 26.496735
v -356.151794 639.876831 -50.974075
v -356.151794 625.249573 -76.047218
v -356.151794 596.436462 28.720749
v -356.151794 610.934692 -102.785431
v -356.151794 596.436462 -130.668839
v -356.151794 610.934692 0.837372
v -356.151794 625.249573 -25.900864
v -219.418777 576.330200 56.466476
v -219.418854 591.478394 28.720749
v -173.840942 596.436462 28.720749
v -264.996521 576.330200 56.466476
v -264.996521 591.478394 28.720749
v -310.574219 576.330200 56.466476
v -310.574219 591.478394 28.720749
v -219.418823 605.976563 0.837341
v -173.840912 610.934692 0.837341
v -264.996521 605.976563 0.837357
v -310.574219 605.976563 0.837357
v -219.418823 620.291382 -25.900879
v -173.840912 625.249573 -25.900902
v -264.996521 620.291382 -25.900879
v -310.574219 620.291382 -25.900879
v -219.418854 634.918579 -50.974075
v -173.840942 639.876831 -50.974075
v -264.996521 634.918579 -50.974075
v -310.574219 634.918579 -50.974075
v -219.418823 620.291382 -76.047226
v -173.840912 625.249573 -76.047226
v -264.996521 620.291382 -76.047218
v -310.574219 620.291382 -76.047218
v -219.418823 605.976563 -102.785431
v -173.840912 610.934692 -102.785431
v -264.996521 605.976563 -102.785431
v -310.574219 605.976563 -102.785431
v -219.418823 591.478394 -130.668839
v -173.840912 596.436462 -130.668839
v -264.996521 591.478394 -130.668839
v -310.574219 591.478394 -130.668839
v -219.418777 576.330200 -158.414642
v -264.996521 576.330200 -158.414642
v -310.574219 576.330200 -158.414642
v -140.483459 519.284424 -582.716187
v -117.046783 519.128174 -582.486084
v -116.497871 518.753235 -182.877274
v -140.485596 519.192871 -182.877274
v 98.517807 519.181213 -582.499878
v 120.798630 519.268555 -582.685425
v 120.799622 519.190979 -182.877274
v 97.881927 518.712830 -182.877274
v -29.222879 669.617432 -521.455078
v -72.984932 594.576843 -538.228943
v -96.927376 594.771118 -538.595520
v -53.363380 670.166321 -521.817322
v 9.890862 669.569641 -521.569092
v 33.704910 670.199341 -521.705322
v 77.252350 594.729858 -538.504517
v 54.056747 594.628540 -538.317139
v -9.877033 702.679443 -518.990601
v -9.858253 745.656738 -516.033081
v 77.252350 594.729858 -182.877289
v 33.704910 670.199341 -182.877289
v -9.858253 745.656738 -182.877289
v -53.363380 670.166321 -182.877289
v -96.927376 594.771118 -182.877289
v -72.984932 594.576843 -182.877289
v -29.222879 669.617432 -182.877289
v -9.877033 702.679443 -182.877289
v 9.890862 669.569641 -182.877289
v 54.056747 594.628540 -182.877289
v 97.881927 518.712830 -182.119507
v -191.112183 810.450623 28.442001
v -191.112213 927.700745 -144.432999
v -191.112183 810.587097 -131.365540
v -191.112213 927.700745 41.509445
v -191.112244 1004.721802 -51.461769
v -100.945747 777.083801 -285.832336
v -100.945747 775.766602 -289.936462
v 82.735626 775.766602 -289.936462
v 82.735626 777.083801 -285.832336
v -100.945747 879.688599 -318.763367
v 82.735626 879.688599 -318.763367
v 82.735626 878.371399 -322.867554
v -100.945747 878.371399 -322.867554
v -110.305237 830.633606 -307.486755
v -110.305237 830.492249 -307.944672
v -110.305237 824.014587 -305.946075
v -110.305237 824.155884 -305.488159
v 95.796509 830.633606 -307.486755
v 95.796509 824.155945 -305.488159
v 95.796509 824.014587 -305.946075
v 95.796509 830.492371 -307.944672
v -113.385490 769.531616 -288.446411
v 95.175430 769.531616 -288.446411
v 95.175430 771.027222 -283.786438
v -113.385490 771.027222 -283.786438
v -113.385490 887.529907 -321.178040
v -113.385490 886.034241 -325.837952
v -100.945656 775.617859 -290.399811
v 82.735626 775.617859 -290.399811
v -100.945656 878.222656 -323.330811
v 82.735626 878.222656 -323.330811
v 95.175430 886.034241 -325.837952
v 95.175430 887.529907 -321.178040
v -100.945656 775.971558 -287.673706
v 82.735626 775.971558 -287.673706
v 82.735626 878.576416 -320.604736
v -100.945656 878.576416 -320.604736
v 187.360764 1128.957031 -44.523315
v 187.360764 1124.889160 -25.591179
v 187.360748 1061.505859 -44.523247
v 187.360764 1113.176514 -8.942513
v 187.360764 1095.231689 3.414566
v 187.360764 1073.218750 9.989746
v 187.360764 1049.793213 9.989746
v 187.360764 1027.780273 3.414566
v 187.360764 1009.835388 -8.942513
v 187.360764 998.122620 -25.591179
v 187.360764 994.054749 -44.523315
v 187.360764 998.122620 -63.455444
v 187.360764 1009.835388 -80.104111
v 187.360764 1027.780273 -92.461090
v 187.360764 1049.793213 -99.036041
v 187.360764 1073.218750 -99.036041
v 187.360764 1095.231689 -92.461090
v 187.360764 1113.176514 -80.104156
v 187.360764 1124.889160 -63.455521
v 188.880081 1131.092285 -43.235336
v 188.880081 1062.953857 -43.235321
v 188.880081 1062.953857 -46.178680
v 188.880081 1131.092285 -46.178696
v 188.880081 1060.010498 -43.235336
v 188.880081 1060.010498 12.929581
v 185.249680 1060.010498 12.929581
v 185.249741 1060.010498 -43.235336
v 185.249741 1062.953857 -43.235321
v 185.249680 1062.953857 12.929581
v 188.880081 1062.953857 12.929581
v 188.880081 1060.010498 -46.178696
v 185.249680 1131.092285 -43.235336
v 185.249741 1062.953857 -46.178680
v 185.249680 1131.092285 -46.178696
v 188.880081 1060.010498 -101.974823
v 188.880081 1062.953857 -101.974808
v 185.249741 1062.953857 -101.974808
v 185.249741 1060.010498 -46.178696
v 185.249741 1060.010498 -101.974823
v 185.249741 991.194397 -43.235336
v 188.880081 991.194397 -43.235336
v 188.880081 991.194397 -46.178696
v 185.249741 991.194397 -46.178696
v 188.514709 1132.594238 -44.522614
v 188.514709 1128.307129 -24.569756
v 188.982819 1123.795166 -25.917694
v 188.982819 1127.792236 -44.522705
v 188.514709 1115.962891 -7.023285
v 188.982819 1112.284668 -9.556717
v 188.514709 1097.050049 5.999985
v 188.982819 1094.649658 2.586746
v 188.514709 1073.850586 12.929581
v 188.982819 1073.017334 9.048294
v 188.514709 1049.161865 12.929581
v 188.982819 1049.996582 9.048294
v 188.514725 1025.962158 5.999985
v 188.982834 1028.364014 2.586746
v 188.514725 1007.049622 -7.023285
v 188.982834 1010.729187 -9.556717
v 188.514725 994.705261 -24.569756
v 188.982834 999.218811 -25.917694
v 188.514725 990.418030 -44.522598
v 188.982834 995.221252 -44.522705
v 188.514725 994.705261 -64.475693
v 188.982834 999.218811 -63.127777
v 188.514725 1007.049622 -82.022034
v 188.982834 1010.729187 -79.488800
v 188.514725 1025.962158 -95.045258
v 188.982834 1028.364014 -91.632370
v 188.514709 1049.161865 -101.974808
v 188.982819 1049.996582 -98.093689
v 188.514709 1073.850586 -101.974808
v 188.982819 1073.017334 -98.093689
v 188.514709 1097.050049 -95.045258
v 188.982819 1094.649658 -91.632401
v 188.514709 1115.962891 -82.022079
v 188.982819 1112.284424 -79.488846
v 188.514709 1128.307129 -64.475739
v 188.982819 1123.795166 -63.127777
v 174.691650 1115.962891 -7.023285
v 174.691605 1128.307129 -24.569756
v 174.223190 1123.795166 -25.917694
v 174.223190 1112.284668 -9.556717
v 174.691605 1132.594238 -44.522614
v 174.223190 1127.792236 -44.522705
v 174.691605 1128.307129 -64.475739
v 174.223190 1123.795166 -63.127777
v 174.691650 1115.962891 -82.022079
v 174.223190 1112.284424 -79.488846
v 174.691650 1097.050049 -95.045258
v 174.223190 1094.649658 -91.632401
v 174.691650 1073.850586 -101.974808
v 174.223190 1073.017334 -98.093689
v 174.691650 1049.161865 -101.974808
v 174.223190 1049.996582 -98.093689
v 174.691650 1025.962158 -95.045258
v 174.223190 1028.364014 -91.632370
v 174.691650 1007.049622 -82.022034
v 174.223236 1010.729187 -79.488800
v 174.691650 994.705261 -64.475693
v 174.223236 999.218811 -63.127777
v 174.691650 990.418030 -44.522598
v 174.223236 995.221252 -44.522705
v 174.691650 994.705261 -24.569756
v 174.223236 999.218811 -25.917694
v 174.691650 1007.049622 -7.023285
v 174.223236 1010.729187 -9.556717
v 174.691650 1025.962158 5.999985
v 174.223190 1028.364014 2.586746
v 174.691650 1049.161865 12.929581
v 174.223190 1049.996582 9.048294
v 174.691650 1073.850586 12.929581
v 174.223190 1073.017334 9.048294
v 174.691650 1097.050049 5.999985
v 174.223190 1094.649658 2.586746
v -309.104919 312.055237 25.263947
v -279.104919 312.055237 25.263947
v -279.104919 312.055237 -124.735962
v -309.104919 312.055237 -124.735962
v -309.104919 297.055176 25.263931
v -279.104919 297.055176 25.263947
v -279.104919 297.055176 -124.735962
v -309.104919 297.055176 -124.735962
v -249.105103 312.055237 -124.735962
v -249.105103 297.055176 -124.735962
v -279.104919 327.055176 -124.735962
v -279.104919 327.055176 25.263947
v -249.105103 327.055176 25.263947
v -249.105103 327.055176 -124.735962
v -249.105103 297.055176 25.263947
v -249.105103 312.055237 25.263947
v -219.105103 312.055237 -124.735962
v -219.105103 297.055176 -124.735962
v -249.105103 342.055237 -124.735962
v -249.105103 342.055237 25.263947
v -219.105103 342.055237 25.263947
v -219.105103 342.055237 -124.735962
v -219.105103 297.055176 25.263947
v -219.105103 312.055237 25.263947
v -189.104980 312.055237 -124.735962
v -189.104980 297.055176 -124.735962
v -219.105103 357.055176 -124.735962
v -219.105103 357.055176 25.263947
v -189.104980 357.055176 25.263947
v -189.104980 357.055176 -124.735962
v -189.104980 297.055176 25.263947
v -189.104980 312.055237 25.263947
v -219.105103 327.055176 25.263947
v -189.104980 327.055176 25.263947
v -219.105103 327.055176 -124.735962
v -189.104980 327.055176 -124.735962
v -189.104980 342.055237 25.263947
v -189.104980 342.055237 -124.735962
v 55.611481 660.077576 283.928772
v 71.416489 637.171875 294.395569
v 38.017960 684.734375 268.667297
v 4.846695 732.039734 258.915894
v -9.817287 752.881836 257.483459
v -24.801231 732.009644 258.982452
v -58.278633 684.766968 268.718353
v -77.026527 659.333862 285.099609
v -91.979759 637.205261 294.403748
v 59.923325 653.539185 92.732941
v 71.416489 637.171875 101.586578
v -91.979759 637.205261 101.594772
v -79.771996 654.433838 92.290619

# UV coordinates
vt 0.956065 0.302652
vt 0.956001 0.273313
vt 0.958728 0.273308
vt 0.958792 0.302646
vt 0.930419 0.370129
vt 0.929701 0.340781
vt 0.931658 0.340733
vt 0.931942 0.370072
vt 0.935700 0.340811
vt 0.934982 0.370157
vt 0.933458 0.370104
vt 0.933742 0.340766
vt 0.839659 0.190136
vt 0.841182 0.190194
vt 0.841050 0.192920
vt 0.839527 0.192862
vt 0.854556 0.190009
vt 0.856512 0.189898
vt 0.856644 0.192623
vt 0.854686 0.192734
vt 0.136989 0.474009
vt 0.144095 0.474031
vt 0.144029 0.501057
vt 0.136923 0.501035
vt 0.150769 0.475683
vt 0.150710 0.499449
vt 0.156205 0.478763
vt 0.156161 0.496403
vt 0.159748 0.482901
vt 0.159724 0.492287
vt 0.160970 0.487598
vt 0.490786 0.169881
vt 0.491104 0.195656
vt 0.490421 0.195665
vt 0.490103 0.169902
vt 0.471629 0.170839
vt 0.472312 0.170860
vt 0.472000 0.196469
vt 0.471317 0.196461
vt 0.471317 0.355218
vt 0.471386 0.329444
vt 0.471918 0.329599
vt 0.471871 0.355219
vt 0.051069 0.038273
vt 0.050515 0.038280
vt 0.050506 0.037597
vt 0.051061 0.037590
vt 0.058584 0.037164
vt 0.058575 0.037847
vt 0.058021 0.037840
vt 0.058029 0.037157
vt 0.257154 0.250625
vt 0.257837 0.250585
vt 0.259314 0.276243
vt 0.258631 0.276283
vt 0.273660 0.305272
vt 0.274343 0.305312
vt 0.272866 0.330970
vt 0.272183 0.330930
vt 0.464439 0.328331
vt 0.464358 0.354010
vt 0.463803 0.354008
vt 0.463884 0.328330
vt 0.321096 0.382465
vt 0.328460 0.382488
vt 0.328330 0.382977
vt 0.321224 0.382955
vt 0.321028 0.410470
vt 0.321158 0.409981
vt 0.328391 0.410493
vt 0.328264 0.410003
vt 0.335315 0.408826
vt 0.334945 0.408395
vt 0.340963 0.405670
vt 0.340396 0.405349
vt 0.344656 0.401405
vt 0.343959 0.401233
vt 0.335004 0.384628
vt 0.335375 0.384199
vt 0.340440 0.387709
vt 0.341008 0.387391
vt 0.343982 0.391847
vt 0.344680 0.391679
vt 0.345205 0.396544
vt 0.345946 0.396546
vt 0.230990 0.121328
vt 0.230976 0.116378
vt 0.232472 0.116396
vt 0.232486 0.121346
vt 0.292291 0.170419
vt 0.292123 0.166523
vt 0.293683 0.166433
vt 0.293852 0.170329
vt 0.291820 0.160545
vt 0.293381 0.160456
vt 0.291419 0.153207
vt 0.292980 0.153117
vt 0.290970 0.145393
vt 0.292531 0.145303
vt 0.906519 0.174641
vt 0.906070 0.182445
vt 0.904511 0.182355
vt 0.904960 0.174551
vt 0.905625 0.189783
vt 0.904066 0.189694
vt 0.905240 0.195770
vt 0.903681 0.195680
vt 0.904959 0.199683
vt 0.903400 0.199594
vt 0.230854 0.126269
vt 0.232350 0.126287
vt 0.287667 0.181863
vt 0.288054 0.174781
vt 0.289615 0.174871
vt 0.289228 0.181953
vt 0.288488 0.167241
vt 0.290049 0.167331
vt 0.814785 0.292416
vt 0.815218 0.299947
vt 0.813660 0.300037
vt 0.813226 0.292505
vt 0.815647 0.307029
vt 0.814088 0.307119
vt 0.816020 0.312806
vt 0.814461 0.312896
vt 0.816291 0.316583
vt 0.814732 0.316673
vt 0.230985 0.135849
vt 0.230854 0.131081
vt 0.232349 0.131063
vt 0.232481 0.135831
vt 0.230867 0.126305
vt 0.232363 0.126286
vt 0.287212 0.191391
vt 0.287375 0.187631
vt 0.288936 0.187721
vt 0.288773 0.191481
vt 0.284065 0.191451
vt 0.283455 0.167295
vt 0.285702 0.167238
vt 0.286312 0.191392
vt 0.495116 0.051581
vt 0.495550 0.075750
vt 0.493935 0.075778
vt 0.493861 0.051618
vt 0.491793 0.052325
vt 0.491359 0.076492
vt 0.490103 0.076458
vt 0.490177 0.052299
vt 0.927241 0.132652
vt 0.925986 0.132689
vt 0.925943 0.130442
vt 0.927199 0.130404
vt 0.925986 0.125888
vt 0.927601 0.125906
vt 0.927559 0.128153
vt 0.925943 0.128135
vt 0.204553 0.358333
vt 0.210411 0.358213
vt 0.210866 0.380459
vt 0.205007 0.380579
vt 0.215944 0.359442
vt 0.216343 0.379005
vt 0.220483 0.361872
vt 0.220779 0.376392
vt 0.223481 0.365209
vt 0.223639 0.372935
vt 0.224578 0.369051
vt 0.475189 0.351633
vt 0.475074 0.330414
vt 0.475638 0.330411
vt 0.475752 0.351620
vt 0.478943 0.332075
vt 0.479506 0.332089
vt 0.479395 0.353170
vt 0.478832 0.353167
vt 0.494289 0.256879
vt 0.493861 0.235662
vt 0.494302 0.235779
vt 0.494746 0.256870
vt 0.050966 0.039413
vt 0.050509 0.039415
vt 0.050506 0.038852
vt 0.050963 0.038849
vt 0.058021 0.038979
vt 0.058024 0.038416
vt 0.058480 0.038419
vt 0.058478 0.038982
vt 0.494062 0.318193
vt 0.494626 0.318199
vt 0.494424 0.339371
vt 0.493861 0.339366
vt 0.468325 0.349651
vt 0.467761 0.349656
vt 0.467560 0.328484
vt 0.468123 0.328479
vt 0.490560 0.231654
vt 0.490994 0.252824
vt 0.490537 0.252833
vt 0.490103 0.231663
vt 0.249640 0.227921
vt 0.255711 0.227796
vt 0.255613 0.228202
vt 0.249755 0.228322
vt 0.250111 0.250973
vt 0.250209 0.250568
vt 0.256181 0.250849
vt 0.256067 0.250448
vt 0.261858 0.249342
vt 0.261545 0.248993
vt 0.266454 0.246634
vt 0.265981 0.246380
vt 0.269418 0.243051
vt 0.268841 0.242923
vt 0.261145 0.229431
vt 0.261443 0.229070
vt 0.265684 0.231860
vt 0.266147 0.231587
vt 0.268683 0.235197
vt 0.269254 0.235045
vt 0.269779 0.239039
vt 0.270390 0.239027
vt 0.490117 0.158157
vt 0.490153 0.153634
vt 0.491531 0.153641
vt 0.491495 0.158164
vt 0.490208 0.149705
vt 0.491586 0.149712
vt 0.471317 0.133352
vt 0.471377 0.128540
vt 0.472618 0.128552
vt 0.472558 0.133364
vt 0.471441 0.122675
vt 0.472681 0.122687
vt 0.471500 0.116464
vt 0.472741 0.116476
vt 0.043097 0.102406
vt 0.043039 0.096285
vt 0.044262 0.096273
vt 0.044320 0.102394
vt 0.042992 0.090561
vt 0.044215 0.090549
vt 0.490149 0.169875
vt 0.490114 0.166799
vt 0.491492 0.166806
vt 0.491527 0.169882
vt 0.490103 0.162729
vt 0.491481 0.162736
vt 0.495159 0.207699
vt 0.495220 0.213360
vt 0.493979 0.213371
vt 0.493918 0.207711
vt 0.495278 0.219353
vt 0.494036 0.219365
vt 0.468885 0.170908
vt 0.468829 0.176815
vt 0.467605 0.176804
vt 0.467662 0.170896
vt 0.468783 0.182339
vt 0.467560 0.182327
vt 0.495282 0.168465
vt 0.495249 0.171433
vt 0.493871 0.171441
vt 0.493904 0.168472
vt 0.495239 0.175361
vt 0.493861 0.175368
vt 0.495252 0.179773
vt 0.493874 0.179780
vt 0.495287 0.184138
vt 0.493909 0.184145
vt 0.495339 0.187929
vt 0.493961 0.187936
vt 0.495102 0.203055
vt 0.493861 0.203067
vt 0.276511 0.247895
vt 0.275941 0.223742
vt 0.278188 0.223689
vt 0.278758 0.247841
vt 0.490103 0.100663
vt 0.490120 0.076492
vt 0.491735 0.076493
vt 0.491359 0.100649
vt 0.493878 0.099946
vt 0.493861 0.075777
vt 0.495117 0.075789
vt 0.495494 0.099942
vt 0.925943 0.132709
vt 0.927199 0.132689
vt 0.927212 0.134937
vt 0.925955 0.134957
vt 0.927558 0.130400
vt 0.925943 0.130405
vt 0.925955 0.128157
vt 0.927571 0.128152
vt 0.336057 0.408474
vt 0.341915 0.408364
vt 0.342334 0.430609
vt 0.336475 0.430720
vt 0.347446 0.409601
vt 0.347815 0.429164
vt 0.351982 0.412038
vt 0.352255 0.426558
vt 0.354975 0.415380
vt 0.355120 0.423105
vt 0.356065 0.419223
vt 0.490946 0.300377
vt 0.490667 0.321595
vt 0.490103 0.321588
vt 0.490383 0.300381
vt 0.487190 0.324865
vt 0.486627 0.324862
vt 0.486346 0.303780
vt 0.486910 0.303773
vt 0.494256 0.318194
vt 0.493861 0.296978
vt 0.494302 0.297096
vt 0.494713 0.318185
vt 0.058028 0.037847
vt 0.058485 0.037853
vt 0.058477 0.038416
vt 0.058021 0.038410
vt 0.050963 0.038280
vt 0.050970 0.038843
vt 0.050514 0.038849
vt 0.050506 0.038286
vt 0.483236 0.355423
vt 0.482672 0.355426
vt 0.482589 0.334252
vt 0.483152 0.334250
vt 0.091919 0.361399
vt 0.092483 0.361401
vt 0.092399 0.382576
vt 0.091836 0.382573
vt 0.494317 0.256879
vt 0.494717 0.278051
vt 0.494260 0.278060
vt 0.493861 0.256887
vt 0.242126 0.314031
vt 0.248197 0.313916
vt 0.248098 0.314321
vt 0.242239 0.314432
vt 0.242560 0.337082
vt 0.242658 0.336677
vt 0.248631 0.336968
vt 0.248517 0.336567
vt 0.254310 0.335470
vt 0.253997 0.335121
vt 0.258911 0.332769
vt 0.258438 0.332515
vt 0.261880 0.329192
vt 0.261303 0.329063
vt 0.253629 0.315559
vt 0.253928 0.315198
vt 0.258164 0.317995
vt 0.258628 0.317723
vt 0.261158 0.321337
vt 0.261730 0.321186
vt 0.262248 0.325181
vt 0.262859 0.325169
vt 0.465293 0.131327
vt 0.465357 0.135853
vt 0.463979 0.135871
vt 0.463915 0.131345
vt 0.465423 0.139787
vt 0.464045 0.139805
vt 0.491345 0.214762
vt 0.491398 0.219571
vt 0.490157 0.219577
vt 0.490103 0.214767
vt 0.491440 0.225436
vt 0.490199 0.225441
vt 0.491464 0.231649
vt 0.490223 0.231654
vt 0.048000 0.102261
vt 0.047976 0.108382
vt 0.046753 0.108377
vt 0.046777 0.102256
vt 0.047972 0.114108
vt 0.046749 0.114103
vt 0.465181 0.119623
vt 0.465199 0.122691
vt 0.463821 0.122709
vt 0.463803 0.119641
vt 0.465238 0.126756
vt 0.463860 0.126774
vt 0.493913 0.231020
vt 0.493953 0.225360
vt 0.495194 0.225365
vt 0.495154 0.231025
vt 0.493976 0.219365
vt 0.495218 0.219370
vt 0.471345 0.207906
vt 0.471321 0.201999
vt 0.472544 0.201994
vt 0.472568 0.207901
vt 0.471317 0.196474
vt 0.472540 0.196469
vt 0.493861 0.168447
vt 0.493878 0.165486
vt 0.495256 0.165504
vt 0.495239 0.168465
vt 0.493916 0.161563
vt 0.495294 0.161581
vt 0.493969 0.157152
vt 0.495347 0.157170
vt 0.494031 0.152785
vt 0.495409 0.152803
vt 0.494094 0.148988
vt 0.495473 0.149006
vt 0.493861 0.235661
vt 0.495102 0.235666
vt 0.283455 0.167215
vt 0.283765 0.122062
vt 0.287966 0.122091
vt 0.287656 0.167241
vt 0.237654 0.392371
vt 0.237629 0.437553
vt 0.234611 0.437552
vt 0.235308 0.392399
vt 0.233873 0.071200
vt 0.233900 0.116378
vt 0.231552 0.116355
vt 0.230854 0.071206
vt 0.841920 0.190088
vt 0.839573 0.190138
vt 0.839527 0.185937
vt 0.841875 0.185888
vt 0.230901 0.135849
vt 0.233919 0.135857
vt 0.233873 0.140058
vt 0.230854 0.140050
vt 0.310240 0.451861
vt 0.321191 0.451989
vt 0.320707 0.493569
vt 0.309756 0.493441
vt 0.331452 0.454617
vt 0.331026 0.491182
vt 0.339786 0.459427
vt 0.339470 0.486567
vt 0.345188 0.465841
vt 0.345020 0.480281
vt 0.347005 0.473083
vt 0.260912 0.467343
vt 0.261430 0.427686
vt 0.262483 0.427700
vt 0.261964 0.467337
vt 0.272183 0.481010
vt 0.273236 0.481016
vt 0.273757 0.520417
vt 0.272704 0.520430
vt 0.197039 0.438367
vt 0.197509 0.398711
vt 0.198327 0.398956
vt 0.197892 0.438377
vt 0.051360 0.032810
vt 0.050506 0.032799
vt 0.050520 0.031746
vt 0.051374 0.031757
vt 0.050520 0.033873
vt 0.050506 0.032821
vt 0.051360 0.032809
vt 0.051373 0.033862
vt 0.219642 0.524022
vt 0.220694 0.524023
vt 0.220635 0.563599
vt 0.219582 0.563597
vt 0.216937 0.438103
vt 0.215885 0.438105
vt 0.215825 0.398530
vt 0.216878 0.398529
vt 0.202111 0.396082
vt 0.201649 0.435655
vt 0.200796 0.435646
vt 0.201258 0.396072
vt 0.032222 0.406629
vt 0.043570 0.406761
vt 0.043363 0.407512
vt 0.032412 0.407385
vt 0.031720 0.449716
vt 0.031927 0.448965
vt 0.043068 0.449848
vt 0.042878 0.449092
vt 0.053761 0.447374
vt 0.053198 0.446705
vt 0.062512 0.442592
vt 0.061642 0.442090
vt 0.068262 0.436079
vt 0.067191 0.435804
vt 0.053624 0.410140
vt 0.054203 0.409484
vt 0.061958 0.414951
vt 0.062839 0.414469
vt 0.067360 0.421364
vt 0.068436 0.421115
vt 0.069177 0.428606
vt 0.070320 0.428620
vt 0.043177 0.047071
vt 0.043075 0.038960
vt 0.045525 0.038928
vt 0.045627 0.047040
vt 0.042992 0.031778
vt 0.045442 0.031746
vt 0.948557 0.371459
vt 0.948505 0.362589
vt 0.950833 0.362593
vt 0.950885 0.371463
vt 0.948487 0.351668
vt 0.950815 0.351672
vt 0.948504 0.340013
vt 0.950832 0.340017
vt 0.959906 0.304847
vt 0.959888 0.293225
vt 0.962210 0.293221
vt 0.962227 0.304843
vt 0.959837 0.282273
vt 0.962159 0.282269
vt 0.959759 0.273312
vt 0.962080 0.273308
vt 0.043387 0.062172
vt 0.043285 0.055133
vt 0.045735 0.055101
vt 0.045837 0.062140
vt 0.954590 0.348638
vt 0.954572 0.359178
vt 0.952244 0.359181
vt 0.952262 0.348642
vt 0.954589 0.370425
vt 0.952261 0.370429
vt 0.928407 0.340689
vt 0.928390 0.351904
vt 0.926068 0.351900
vt 0.926085 0.340685
vt 0.928341 0.362473
vt 0.926019 0.362469
vt 0.928265 0.371121
vt 0.925943 0.371117
vt 0.064610 0.072869
vt 0.064511 0.079663
vt 0.062061 0.079631
vt 0.062160 0.072838
vt 0.064407 0.087442
vt 0.061957 0.087410
vt 0.064308 0.095270
vt 0.061858 0.095238
vt 0.064228 0.102201
vt 0.061778 0.102169
vt 0.954640 0.340079
vt 0.952312 0.340083
vt 0.031720 0.343731
vt 0.032052 0.301850
vt 0.035949 0.301881
vt 0.035617 0.343759
vt 0.260912 0.380074
vt 0.260941 0.338167
vt 0.263740 0.338169
vt 0.263089 0.380048
vt 0.291000 0.145304
vt 0.290970 0.103400
vt 0.293148 0.103421
vt 0.293800 0.145298
vt 0.835770 0.188117
vt 0.837946 0.188084
vt 0.837968 0.191980
vt 0.835790 0.192014
vt 0.857355 0.184368
vt 0.854556 0.184376
vt 0.854577 0.180479
vt 0.857377 0.180472
vt 0.926434 0.302071
vt 0.936591 0.302199
vt 0.936101 0.340766
vt 0.925943 0.340638
vt 0.946106 0.304646
vt 0.945675 0.338561
vt 0.953832 0.309116
vt 0.953512 0.334289
vt 0.958835 0.315069
vt 0.958665 0.328464
vt 0.960514 0.321789
vt 0.420177 0.380720
vt 0.419692 0.417502
vt 0.418716 0.417489
vt 0.419201 0.380725
vt 0.416422 0.423999
vt 0.415445 0.423994
vt 0.414959 0.387448
vt 0.415935 0.387435
vt 0.407444 0.526430
vt 0.407919 0.489648
vt 0.408678 0.489876
vt 0.408236 0.526440
vt 0.050519 0.034860
vt 0.051311 0.034870
vt 0.051298 0.035847
vt 0.050506 0.035836
vt 0.051298 0.033873
vt 0.051311 0.034850
vt 0.050519 0.034860
vt 0.050506 0.033883
vt 0.401051 0.528711
vt 0.400074 0.528715
vt 0.399930 0.492008
vt 0.400906 0.492004
vt 0.403831 0.490843
vt 0.404808 0.490847
vt 0.404663 0.527555
vt 0.403687 0.527551
vt 0.412458 0.488411
vt 0.411993 0.525118
vt 0.411201 0.525108
vt 0.411666 0.488401
vt 0.460554 0.327542
vt 0.471079 0.327676
vt 0.470886 0.328372
vt 0.460729 0.328244
vt 0.460045 0.367507
vt 0.460239 0.366810
vt 0.470571 0.367640
vt 0.470396 0.366939
vt 0.480492 0.365355
vt 0.479970 0.364734
vt 0.488613 0.360928
vt 0.487807 0.360461
vt 0.493953 0.354892
vt 0.492960 0.354636
vt 0.480402 0.330819
vt 0.480939 0.330211
vt 0.488127 0.335289
vt 0.488945 0.334843
vt 0.493131 0.341242
vt 0.494130 0.341012
vt 0.494809 0.347962
vt 0.495869 0.347975
vt 0.293523 0.046475
vt 0.293635 0.054392
vt 0.291244 0.054424
vt 0.291132 0.046506
vt 0.293749 0.061407
vt 0.291358 0.061439
vt 0.293853 0.066674
vt 0.291462 0.066706
vt 0.492223 0.031746
vt 0.492294 0.041683
vt 0.490175 0.041691
vt 0.490103 0.031754
vt 0.492335 0.052292
vt 0.490216 0.052300
vt 0.236814 0.071208
vt 0.236772 0.081986
vt 0.234618 0.081978
vt 0.234661 0.071200
vt 0.236764 0.092146
vt 0.234611 0.092138
vt 0.236793 0.100462
vt 0.234639 0.100454
vt 0.293361 0.031746
vt 0.293428 0.038610
vt 0.291037 0.038641
vt 0.290970 0.031778
vt 0.493861 0.051573
vt 0.493929 0.041983
vt 0.496049 0.041991
vt 0.495980 0.051581
vt 0.493970 0.031746
vt 0.496089 0.031754
vt 0.268474 0.272471
vt 0.268433 0.262070
vt 0.270587 0.262062
vt 0.270627 0.272463
vt 0.268426 0.252265
vt 0.270579 0.252257
vt 0.268453 0.244241
vt 0.270607 0.244232
vt 0.272183 0.260039
vt 0.272249 0.253416
vt 0.274640 0.253447
vt 0.274575 0.260071
vt 0.272341 0.245826
vt 0.274731 0.245857
vt 0.272448 0.238185
vt 0.274839 0.238216
vt 0.272559 0.231415
vt 0.274950 0.231447
vt 0.272659 0.226333
vt 0.275050 0.226364
vt 0.403687 0.805766
vt 0.403687 0.758046
vt 0.406347 0.758046
vt 0.406347 0.805766
vt 0.892128 0.513097
vt 0.892128 0.454092
vt 0.894527 0.454092
vt 0.894527 0.513097
vt 0.407444 0.837297
vt 0.407444 0.789579
vt 0.410104 0.789579
vt 0.410104 0.837297
vt 0.406347 0.837299
vt 0.403687 0.837299
vt 0.407444 0.758046
vt 0.410104 0.758046
vt 0.655422 0.031746
vt 0.694615 0.031746
vt 0.694615 0.078794
vt 0.655422 0.078794
vt 0.733807 0.031746
vt 0.733807 0.078794
vt 0.773000 0.031746
vt 0.773000 0.078794
vt 0.812193 0.031746
vt 0.812193 0.078794
vt 0.694615 0.125683
vt 0.655422 0.125683
vt 0.733807 0.125683
vt 0.773000 0.125683
vt 0.812193 0.125683
vt 0.694615 0.172254
vt 0.655422 0.172254
vt 0.733807 0.172254
vt 0.773000 0.172254
vt 0.812193 0.172254
vt 0.694615 0.218350
vt 0.655422 0.218350
vt 0.733807 0.218350
vt 0.773000 0.218350
vt 0.812193 0.218350
vt 0.694615 0.263811
vt 0.655422 0.263811
vt 0.733807 0.263811
vt 0.773000 0.263811
vt 0.812193 0.263811
vt 0.694615 0.308479
vt 0.655422 0.308479
vt 0.733807 0.308479
vt 0.773000 0.308479
vt 0.812193 0.308479
vt 0.064074 0.031746
vt 0.147365 0.031746
vt 0.147365 0.076519
vt 0.065650 0.076519
vt 0.230656 0.031746
vt 0.229079 0.076519
vt 0.147365 0.121141
vt 0.065435 0.121141
vt 0.229295 0.121141
vt 0.147365 0.165461
vt 0.062621 0.165461
vt 0.232109 0.165461
vt 0.147365 0.209328
vt 0.056311 0.209328
vt 0.238419 0.209328
vt 0.147365 0.252591
vt 0.045894 0.252591
vt 0.248836 0.252591
vt 0.147365 0.295099
vt 0.031720 0.295099
vt 0.263009 0.295099
vt 0.654389 0.475439
vt 0.615196 0.475439
vt 0.615196 0.428391
vt 0.654389 0.428391
vt 0.576003 0.475439
vt 0.576003 0.428391
vt 0.536811 0.475439
vt 0.536811 0.428391
vt 0.497618 0.475439
vt 0.497618 0.428391
vt 0.615196 0.381502
vt 0.654389 0.381502
vt 0.576003 0.381502
vt 0.536811 0.381502
vt 0.497618 0.381502
vt 0.615196 0.334931
vt 0.654389 0.334931
vt 0.576003 0.334931
vt 0.536811 0.334931
vt 0.497618 0.334931
vt 0.615196 0.288835
vt 0.654389 0.288835
vt 0.576003 0.288835
vt 0.536811 0.288835
vt 0.497618 0.288835
vt 0.615196 0.243374
vt 0.654389 0.243374
vt 0.576003 0.243374
vt 0.536811 0.243374
vt 0.497618 0.243374
vt 0.615196 0.198705
vt 0.654389 0.198705
vt 0.576003 0.198706
vt 0.536811 0.198706
vt 0.497618 0.198705
vt 0.297023 0.031746
vt 0.380314 0.031746
vt 0.380314 0.076519
vt 0.298599 0.076519
vt 0.463604 0.031746
vt 0.462028 0.076519
vt 0.380314 0.121141
vt 0.298383 0.121141
vt 0.462244 0.121141
vt 0.380314 0.165461
vt 0.295570 0.165461
vt 0.465058 0.165461
vt 0.380314 0.209328
vt 0.289259 0.209328
vt 0.471368 0.209328
vt 0.380314 0.252591
vt 0.278843 0.252591
vt 0.481785 0.252591
vt 0.380314 0.295099
vt 0.264669 0.295099
vt 0.495958 0.295099
vt 0.694615 0.394475
vt 0.655422 0.394475
vt 0.655422 0.352028
vt 0.694615 0.352028
vt 0.733807 0.394475
vt 0.733807 0.352028
vt 0.773000 0.394475
vt 0.773000 0.352028
vt 0.812193 0.394475
vt 0.812193 0.352028
vt 0.147365 0.453986
vt 0.128762 0.416135
vt 0.106831 0.376937
vt 0.077577 0.336542
vt 0.217153 0.336542
vt 0.187898 0.376937
vt 0.165967 0.416135
vt 0.615196 0.112710
vt 0.654389 0.112710
vt 0.654389 0.155157
vt 0.615196 0.155157
vt 0.576003 0.112710
vt 0.576003 0.155157
vt 0.536811 0.112710
vt 0.536811 0.155157
vt 0.497618 0.112710
vt 0.497618 0.155157
vt 0.380314 0.453986
vt 0.361711 0.416135
vt 0.339780 0.376937
vt 0.310526 0.336542
vt 0.450102 0.336542
vt 0.420847 0.376937
vt 0.398916 0.416135
vt 0.694615 0.475439
vt 0.655422 0.475439
vt 0.655422 0.435664
vt 0.694615 0.435664
vt 0.733807 0.475439
vt 0.733807 0.435664
vt 0.773000 0.475439
vt 0.773000 0.435664
vt 0.812193 0.475439
vt 0.812193 0.435665
vt 0.615196 0.031746
vt 0.654389 0.031746
vt 0.654389 0.071520
vt 0.615196 0.071521
vt 0.576003 0.031746
vt 0.576003 0.071521
vt 0.536811 0.031746
vt 0.536811 0.071521
vt 0.497618 0.031746
vt 0.497618 0.071520
vt 0.914672 0.121103
vt 0.919761 0.121103
vt 0.919761 0.125888
vt 0.914672 0.125888
vt 0.947591 0.121103
vt 0.947591 0.125888
vt 0.952142 0.121103
vt 0.952142 0.125888
vt 0.919761 0.161420
vt 0.914672 0.161420
vt 0.414959 0.487152
vt 0.442789 0.487152
vt 0.442789 0.522684
vt 0.414959 0.522684
vt 0.952142 0.161420
vt 0.947591 0.161420
vt 0.919761 0.166775
vt 0.914672 0.166775
vt 0.947591 0.166775
vt 0.952142 0.166775
vt 0.832012 0.894945
vt 0.837102 0.894945
vt 0.837102 0.930880
vt 0.832012 0.930880
vt 0.864932 0.894945
vt 0.864932 0.930880
vt 0.869482 0.894945
vt 0.869482 0.930880
vt 0.837102 0.966815
vt 0.832012 0.966815
vt 0.864932 0.966815
vt 0.869482 0.966815
vt 0.239396 0.031746
vt 0.274928 0.031746
vt 0.274928 0.067681
vt 0.239396 0.067681
vt 0.280283 0.031746
vt 0.280283 0.067681
vt 0.274928 0.103616
vt 0.239396 0.103616
vt 0.280283 0.103616
vt 0.234611 0.103616
vt 0.239396 0.139551
vt 0.234611 0.139551
vt 0.274928 0.139551
vt 0.280283 0.139551
vt 0.239396 0.175485
vt 0.234611 0.175485
vt 0.274928 0.175485
vt 0.280283 0.175485
vt 0.309653 0.704277
vt 0.305103 0.704277
vt 0.305103 0.668342
vt 0.309653 0.668342
vt 0.277273 0.704277
vt 0.277273 0.668342
vt 0.272183 0.704277
vt 0.272183 0.668342
vt 0.305103 0.632407
vt 0.309653 0.632407
vt 0.277273 0.632407
vt 0.272183 0.632407
vt 0.305103 0.596472
vt 0.309653 0.596472
vt 0.277273 0.596472
vt 0.272183 0.596472
vt 0.305103 0.560537
vt 0.309653 0.560537
vt 0.277273 0.560537
vt 0.272183 0.560537
vt 0.869585 0.557732
vt 0.874939 0.557732
vt 0.874939 0.593667
vt 0.869585 0.593667
vt 0.910471 0.557732
vt 0.910471 0.593667
vt 0.874939 0.629602
vt 0.869585 0.629602
vt 0.910471 0.629602
vt 0.874939 0.665537
vt 0.869585 0.665537
vt 0.910471 0.665537
vt 0.915256 0.629602
vt 0.915256 0.665537
vt 0.874939 0.701472
vt 0.869585 0.701472
vt 0.910471 0.701472
vt 0.915256 0.701472
vt 0.925943 0.200401
vt 0.953774 0.200401
vt 0.953774 0.251236
vt 0.925943 0.251236
vt 0.296444 0.755112
vt 0.260912 0.755112
vt 0.260912 0.704277
vt 0.296444 0.704277
vt 0.953774 0.302071
vt 0.925943 0.302071
vt 0.318987 0.401858
vt 0.283455 0.401858
vt 0.283455 0.351023
vt 0.318987 0.351023
vt 0.244963 0.483507
vt 0.240063 0.482455
vt 0.244963 0.466050
vt 0.235754 0.479423
vt 0.232556 0.474779
vt 0.230854 0.469081
vt 0.230854 0.463019
vt 0.232556 0.457321
vt 0.235754 0.452677
vt 0.240063 0.449646
vt 0.244963 0.448593
vt 0.249862 0.449646
vt 0.254171 0.452677
vt 0.257370 0.457321
vt 0.259071 0.463019
vt 0.259071 0.469081
vt 0.257370 0.474779
vt 0.254171 0.479423
vt 0.249862 0.482455
vt 0.098857 0.408798
vt 0.098857 0.391163
vt 0.099619 0.391163
vt 0.099619 0.408798
vt 0.042992 0.116942
vt 0.042992 0.102406
vt 0.043931 0.102406
vt 0.043931 0.116942
vt 0.058021 0.103297
vt 0.058960 0.103297
vt 0.058960 0.117834
vt 0.058021 0.117834
vt 0.084321 0.390401
vt 0.098857 0.390401
vt 0.084321 0.391163
vt 0.099619 0.390401
vt 0.046749 0.049381
vt 0.046749 0.031746
vt 0.047689 0.031746
vt 0.047688 0.049381
vt 0.050506 0.090435
vt 0.050506 0.072800
vt 0.051446 0.072800
vt 0.051446 0.090435
vt 0.114060 0.390401
vt 0.114060 0.391163
vt 0.058960 0.153642
vt 0.058021 0.153642
vt 0.058021 0.139201
vt 0.058960 0.139201
vt 0.058960 0.124760
vt 0.058021 0.124760
vt 0.482589 0.307169
vt 0.483528 0.307169
vt 0.483528 0.324979
vt 0.482589 0.324979
vt 0.098857 0.372591
vt 0.099619 0.372591
vt 0.487286 0.244279
vt 0.486346 0.244279
vt 0.486346 0.226469
vt 0.487286 0.226469
vt 0.407290 0.459771
vt 0.402124 0.458661
vt 0.402473 0.457493
vt 0.407290 0.458528
vt 0.397581 0.455465
vt 0.398237 0.454513
vt 0.394209 0.450568
vt 0.395093 0.449947
vt 0.392415 0.444561
vt 0.393420 0.444346
vt 0.392415 0.438169
vt 0.393420 0.438385
vt 0.394209 0.432162
vt 0.395093 0.432784
vt 0.397581 0.427266
vt 0.398237 0.428218
vt 0.402124 0.424069
vt 0.402473 0.425238
vt 0.407290 0.422959
vt 0.407290 0.424203
vt 0.412457 0.424069
vt 0.412108 0.425238
vt 0.417000 0.427266
vt 0.416344 0.428218
vt 0.420372 0.432162
vt 0.419488 0.432784
vt 0.422166 0.438169
vt 0.421161 0.438385
vt 0.422166 0.444561
vt 0.421161 0.444346
vt 0.420372 0.450568
vt 0.419488 0.449947
vt 0.417000 0.455465
vt 0.416344 0.454512
vt 0.412457 0.458661
vt 0.412108 0.457493
vt 0.961800 0.370504
vt 0.957257 0.373700
vt 0.956908 0.372532
vt 0.961144 0.369552
vt 0.952091 0.374810
vt 0.952090 0.373567
vt 0.946924 0.373700
vt 0.947273 0.372532
vt 0.942381 0.370504
vt 0.943037 0.369552
vt 0.939009 0.365607
vt 0.939893 0.364986
vt 0.937215 0.359600
vt 0.938220 0.359385
vt 0.937215 0.353208
vt 0.938220 0.353424
vt 0.939009 0.347201
vt 0.939893 0.347823
vt 0.942381 0.342305
vt 0.943037 0.343257
vt 0.946924 0.339108
vt 0.947273 0.340277
vt 0.952091 0.337998
vt 0.952090 0.339242
vt 0.957257 0.339108
vt 0.956908 0.340277
vt 0.961800 0.342305
vt 0.961144 0.343257
vt 0.965171 0.347201
vt 0.964288 0.347823
vt 0.966966 0.353208
vt 0.965961 0.353424
vt 0.966966 0.359600
vt 0.965961 0.359385
vt 0.965171 0.365607
vt 0.964288 0.364986
vt 0.813226 0.343468
vt 0.813226 0.337618
vt 0.817279 0.337618
vt 0.817279 0.343468
vt 0.813226 0.332475
vt 0.817279 0.332475
vt 0.813226 0.328656
vt 0.817279 0.328656
vt 0.253397 0.247199
vt 0.253397 0.241110
vt 0.257026 0.241110
vt 0.257026 0.247199
vt 0.253397 0.234630
vt 0.257026 0.234630
vt 0.253397 0.228541
vt 0.257026 0.228541
vt 0.820741 0.338172
vt 0.820741 0.334354
vt 0.824793 0.334354
vt 0.824793 0.338172
vt 0.820741 0.329211
vt 0.824793 0.329211
vt 0.820741 0.323361
vt 0.824793 0.323361
vt 0.820741 0.317511
vt 0.824793 0.317511
vt 0.820741 0.312367
vt 0.824793 0.312367
vt 0.820741 0.308549
vt 0.824793 0.308549
vt 0.933458 0.159012
vt 0.933458 0.152922
vt 0.937086 0.152922
vt 0.937086 0.159012
vt 0.933458 0.146442
vt 0.937086 0.146442
vt 0.933458 0.140353
vt 0.937086 0.140353
vt 0.813226 0.358280
vt 0.813226 0.354462
vt 0.817279 0.354462
vt 0.817279 0.358280
vt 0.813226 0.349318
vt 0.817279 0.349318
vt 0.265239 0.268854
vt 0.265239 0.273651
vt 0.260912 0.273651
vt 0.260912 0.268854
vt 0.265239 0.277211
vt 0.260912 0.277211
vt 0.869702 0.177963
vt 0.869702 0.183641
vt 0.865828 0.183641
vt 0.865828 0.177963
vt 0.869702 0.189683
vt 0.865828 0.189683
vt 0.869702 0.195362
vt 0.865828 0.195362
vt 0.212637 0.395885
vt 0.212637 0.399445
vt 0.208310 0.399445
vt 0.208310 0.395885
vt 0.212637 0.404242
vt 0.208310 0.404242
vt 0.212637 0.409696
vt 0.208310 0.409696
vt 0.212637 0.415151
vt 0.208310 0.415151
vt 0.212637 0.419947
vt 0.208310 0.419947
vt 0.212637 0.423507
vt 0.208310 0.423507
vt 0.862187 0.179635
vt 0.862187 0.185313
vt 0.858313 0.185313
vt 0.858313 0.179635
vt 0.862187 0.191356
vt 0.858313 0.191356
vt 0.862187 0.197034
vt 0.858313 0.197034
vt 0.265239 0.249589
vt 0.265239 0.253149
vt 0.260912 0.253149
vt 0.260912 0.249589
vt 0.265239 0.257946
vt 0.260912 0.257946
vt 0.265239 0.263400
vt 0.260912 0.263400
vt 0.275630 0.339017
vt 0.276553 0.376330
vt 0.273107 0.376410
vt 0.272183 0.339100
vt 0.282099 0.341878
vt 0.282177 0.379218
vt 0.279698 0.379216
vt 0.280176 0.341900
vt 0.257154 0.376915
vt 0.257232 0.339577
vt 0.259156 0.339596
vt 0.259635 0.376909
vt 0.850798 0.190150
vt 0.852715 0.189897
vt 0.853132 0.193331
vt 0.851215 0.193584
vt 0.854974 0.184375
vt 0.857444 0.184654
vt 0.857027 0.188088
vt 0.854556 0.187809
vt 0.306659 0.502534
vt 0.297669 0.502700
vt 0.296993 0.468354
vt 0.305982 0.468187
vt 0.289181 0.500785
vt 0.288586 0.470581
vt 0.282218 0.497020
vt 0.281776 0.474602
vt 0.277619 0.491858
vt 0.277384 0.479929
vt 0.275941 0.485923
vt 0.242126 0.437987
vt 0.242486 0.405227
vt 0.243351 0.405239
vt 0.242990 0.437983
vt 0.404911 0.457538
vt 0.404047 0.457533
vt 0.403687 0.424985
vt 0.404551 0.424974
vt 0.254098 0.340989
vt 0.254737 0.373752
vt 0.254060 0.373569
vt 0.253397 0.341002
vt 0.050518 0.036718
vt 0.051223 0.036726
vt 0.051211 0.037591
vt 0.050506 0.037583
vt 0.050518 0.036718
vt 0.050506 0.035854
vt 0.051211 0.035846
vt 0.051223 0.036711
vt 0.876965 0.176291
vt 0.877826 0.176387
vt 0.874204 0.208776
vt 0.873342 0.208680
vt 0.899643 0.174714
vt 0.900504 0.174618
vt 0.904127 0.207007
vt 0.903265 0.207103
vt 0.220183 0.434482
vt 0.219582 0.401995
vt 0.220287 0.401981
vt 0.220888 0.434468
vt 0.908931 0.209432
vt 0.899616 0.209604
vt 0.899766 0.208978
vt 0.908756 0.208812
vt 0.908230 0.173840
vt 0.908079 0.174465
vt 0.898914 0.174012
vt 0.899089 0.174632
vt 0.890203 0.176320
vt 0.890682 0.176859
vt 0.883146 0.180486
vt 0.883872 0.180880
vt 0.878595 0.186007
vt 0.879481 0.186207
vt 0.891278 0.207063
vt 0.890819 0.207619
vt 0.884314 0.203297
vt 0.883604 0.203717
vt 0.879716 0.198136
vt 0.878839 0.198368
vt 0.878037 0.192200
vt 0.877099 0.192218
vt 0.849187 0.188459
vt 0.849071 0.194714
vt 0.847178 0.194739
vt 0.847294 0.188484
vt 0.929701 0.157620
vt 0.930187 0.152595
vt 0.932150 0.152814
vt 0.931663 0.157839
vt 0.930983 0.144986
vt 0.932945 0.145205
vt 0.931991 0.135711
vt 0.933953 0.135930
vt 0.933089 0.125888
vt 0.935052 0.126107
vt 0.924163 0.125885
vt 0.925269 0.135778
vt 0.923293 0.135999
vt 0.922186 0.126106
vt 0.926334 0.145030
vt 0.924357 0.145250
vt 0.927228 0.152524
vt 0.925252 0.152745
vt 0.927845 0.157357
vt 0.925868 0.157577
vt 0.848934 0.182143
vt 0.847041 0.182168
vt 0.469593 0.136692
vt 0.468620 0.127741
vt 0.470583 0.127522
vt 0.471555 0.136473
vt 0.467560 0.118261
vt 0.469523 0.118042
vt 0.296499 0.073032
vt 0.295432 0.082579
vt 0.293455 0.082358
vt 0.294523 0.072811
vt 0.294404 0.091507
vt 0.292427 0.091286
vt 0.293541 0.098739
vt 0.291564 0.098518
vt 0.292946 0.103403
vt 0.290970 0.103182
vt 0.845421 0.183716
vt 0.845177 0.189811
vt 0.843284 0.189786
vt 0.843528 0.183692
vt 0.845288 0.195847
vt 0.843395 0.195823
vt 0.470830 0.148883
vt 0.470360 0.144034
vt 0.472323 0.143815
vt 0.472793 0.148664
vt 0.963516 0.615882
vt 0.967461 0.615882
vt 0.967461 0.739829
vt 0.963516 0.739829
vt 0.925943 0.533253
vt 0.929889 0.533253
vt 0.929889 0.657199
vt 0.925943 0.657199
vt 0.959947 0.702238
vt 0.956001 0.702238
vt 0.956001 0.578291
vt 0.959947 0.578291
vt 0.918429 0.533253
vt 0.922374 0.533253
vt 0.922374 0.657198
vt 0.918429 0.657198
vt 0.922374 0.781144
vt 0.918429 0.781144
vt 0.963516 0.214127
vt 0.967461 0.214127
vt 0.967461 0.338073
vt 0.963516 0.338073
vt 0.952432 0.702236
vt 0.948487 0.702236
vt 0.948487 0.578291
vt 0.952432 0.578291
vt 0.948487 0.454345
vt 0.952432 0.454345
vt 0.952432 0.578291
vt 0.963516 0.491937
vt 0.967461 0.491937
vt 0.967461 0.615882
vt 0.940972 0.454345
vt 0.944918 0.454345
vt 0.944918 0.578291
vt 0.940972 0.578291
vt 0.959947 0.578291
vt 0.956001 0.454345
vt 0.959947 0.454345
vt 0.963516 0.367990
vt 0.967461 0.367990
vt 0.035477 0.633807
vt 0.039423 0.633807
vt 0.039423 0.757754
vt 0.035477 0.757754
vt 0.042992 0.624305
vt 0.046937 0.624305
vt 0.046937 0.748254
vt 0.042992 0.748254
vt 0.944918 0.702238
vt 0.940972 0.702238
vt 0.944918 0.578291
vt 0.933458 0.533253
vt 0.937403 0.533253
vt 0.937403 0.657202
vt 0.933458 0.657202
vt 0.247927 0.436774
vt 0.249260 0.435670
vt 0.251614 0.436774
vt 0.214933 0.467162
vt 0.214933 0.464107
vt 0.178252 0.436774
vt 0.180607 0.435670
vt 0.181940 0.436774
vt 0.183408 0.390568
vt 0.185432 0.392416
vt 0.246458 0.390514
vt 0.244435 0.392362
vt 0.031720 0.638558
vt 0.034379 0.638558
vt 0.034379 0.689837
vt 0.031720 0.689837
vt 0.031720 0.757208
vt 0.034379 0.757208
vt 0.034379 0.808430
vt 0.031720 0.808430
vt 0.121894 0.552658
vt 0.124293 0.552658
vt 0.124293 0.615708
vt 0.121894 0.615708
vt 0.034379 0.723521
vt 0.031720 0.723521
vt 0.031720 0.723521
vt 0.034379 0.723521
vt 0.418716 0.789568
vt 0.420680 0.789568
vt 0.420681 0.837574
vt 0.418716 0.837574
vt 0.895885 0.455918
vt 0.897658 0.455918
vt 0.897658 0.514920
vt 0.895885 0.514920
vt 0.422473 0.758046
vt 0.424438 0.758046
vt 0.424438 0.805994
vt 0.422473 0.805994
vt 0.418716 0.788344
vt 0.418716 0.758046
vt 0.420680 0.758046
vt 0.424438 0.837517
vt 0.422473 0.837517
vt 0.422473 0.807218
vt 0.223339 0.523964
vt 0.224067 0.523964
vt 0.224067 0.565173
vt 0.223339 0.565173
vt 0.216552 0.567447
vt 0.215825 0.567447
vt 0.215825 0.526244
vt 0.216552 0.526244
vt 0.265696 0.336375
vt 0.268981 0.336375
vt 0.269095 0.377223
vt 0.265981 0.377223
vt 0.224067 0.566444
vt 0.223339 0.566447
vt 0.215825 0.524970
vt 0.216552 0.524973
vt 0.267531 0.378486
vt 0.392415 0.529308
vt 0.393163 0.529308
vt 0.393163 0.530461
vt 0.392415 0.530463
vt 0.926666 0.140417
vt 0.925943 0.140417
vt 0.925943 0.138464
vt 0.926666 0.138465
vt 0.231063 0.346167
vt 0.231968 0.349043
vt 0.230854 0.348114
vt 0.396921 0.529741
vt 0.396172 0.529741
vt 0.396172 0.494612
vt 0.396921 0.494612
vt 0.925943 0.136493
vt 0.926667 0.136493
vt 0.926667 0.138463
vt 0.925943 0.138464
vt 0.396172 0.493165
vt 0.396921 0.493168
vt 0.302813 0.349250
vt 0.303990 0.346182
vt 0.304206 0.348146
vt 0.392415 0.494327
vt 0.393163 0.494327
vt 0.265696 0.333078
vt 0.268981 0.333078
vt 0.227842 0.560959
vt 0.227097 0.560959
vt 0.227097 0.524783
vt 0.227842 0.524783
vt 0.193281 0.402366
vt 0.194027 0.402366
vt 0.194027 0.438175
vt 0.193281 0.438175
vt 0.265696 0.301877
vt 0.268981 0.301877
vt 0.107586 0.422364
vt 0.106865 0.422364
vt 0.106865 0.391163
vt 0.107586 0.391163
vt 0.103108 0.391163
vt 0.103829 0.391163
vt 0.103829 0.422364
vt 0.103108 0.422364
vt 0.854556 0.196018
vt 0.854556 0.192734
vt 0.855277 0.192734
vt 0.855277 0.196018
vt 0.460000 0.889346
vt 0.464825 0.932380
vt 0.396172 0.932380
vt 0.400997 0.889346
vt 0.430499 0.960818
vt 0.839711 0.195751
vt 0.839527 0.195751
vt 0.839527 0.192919
vt 0.839711 0.192919
vt 0.850798 0.196415
vt 0.850798 0.193583
vt 0.850983 0.193583
vt 0.850983 0.196415
vt 0.204553 0.395123
vt 0.207385 0.395123
vt 0.207385 0.440863
vt 0.204553 0.440863
vt 0.031720 0.189548
vt 0.031900 0.189490
vt 0.046338 0.234105
vt 0.046159 0.234163
vt 0.241200 0.438106
vt 0.238368 0.438106
vt 0.238368 0.392368
vt 0.241200 0.392368
vt 0.061190 0.039218
vt 0.061370 0.039277
vt 0.046929 0.083900
vt 0.046749 0.083842
vt 0.230854 0.071200
vt 0.230854 0.031746
vt 0.234799 0.031746
vt 0.234799 0.071200
vt 0.452531 0.334334
vt 0.456476 0.334334
vt 0.456476 0.373788
vt 0.452531 0.373788
vt 0.937403 0.657202
vt 0.937403 0.736110
vt 0.933458 0.736110
vt 0.899643 0.454345
vt 0.939097 0.454345
vt 0.939097 0.533253
vt 0.899643 0.533253
vt 0.046937 0.827162
vt 0.042992 0.827162
vt 0.046937 0.748254
vt 0.467560 0.889346
vt 0.507014 0.889346
vt 0.507014 0.968254
vt 0.467560 0.968254
vt 0.857886 0.189500
vt 0.857886 0.189718
vt 0.853826 0.189724
vt 0.853826 0.189503
vt 0.857886 0.189892
vt 0.853826 0.189900
vt 0.478840 0.209289
vt 0.479129 0.209289
vt 0.479125 0.213103
vt 0.478832 0.213103
vt 0.479449 0.209289
vt 0.479449 0.213103
vt 0.479769 0.209289
vt 0.479774 0.213103
vt 0.480058 0.209289
vt 0.480066 0.213103
vt 0.245456 0.175494
vt 0.245456 0.175667
vt 0.241396 0.175661
vt 0.241396 0.175485
vt 0.245456 0.175885
vt 0.241396 0.175882
vt 0.245456 0.176127
vt 0.241396 0.176127
vt 0.245456 0.176369
vt 0.241396 0.176372
vt 0.245456 0.176587
vt 0.241396 0.176593
vt 0.245456 0.176760
vt 0.241396 0.176769
vt 0.463811 0.139805
vt 0.464100 0.139805
vt 0.464095 0.143618
vt 0.463803 0.143618
vt 0.464420 0.139805
vt 0.464420 0.143618
vt 0.464740 0.139805
vt 0.464744 0.143618
vt 0.465029 0.139805
vt 0.465037 0.143618
vt 0.857886 0.188625
vt 0.857886 0.188798
vt 0.853826 0.188792
vt 0.853826 0.188616
vt 0.857886 0.189016
vt 0.853826 0.189013
vt 0.857886 0.189258
vt 0.853826 0.189258
vt 0.853328 0.189598
vt 0.853328 0.189437
vt 0.853328 0.189725
vt 0.479213 0.213572
vt 0.479000 0.213572
vt 0.479449 0.213572
vt 0.479685 0.213572
vt 0.479898 0.213572
vt 0.240897 0.175788
vt 0.240897 0.175660
vt 0.240897 0.175949
vt 0.240897 0.176127
vt 0.240897 0.176305
vt 0.240897 0.176467
vt 0.240897 0.176594
vt 0.464184 0.144086
vt 0.463971 0.144086
vt 0.464420 0.144086
vt 0.464656 0.144086
vt 0.464869 0.144086
vt 0.853328 0.188919
vt 0.853328 0.188791
vt 0.853328 0.189080
vt 0.853328 0.189258
vt 0.852403 0.189598
vt 0.852403 0.189437
vt 0.852403 0.189725
vt 0.479213 0.214441
vt 0.479000 0.214441
vt 0.479449 0.214441
vt 0.479685 0.214441
vt 0.479898 0.214441
vt 0.239973 0.175788
vt 0.239973 0.175660
vt 0.239973 0.175949
vt 0.239973 0.176127
vt 0.239973 0.176305
vt 0.239973 0.176467
vt 0.239973 0.176594
vt 0.464184 0.144954
vt 0.463971 0.144954
vt 0.464420 0.144954
vt 0.464656 0.144954
vt 0.464869 0.144954
vt 0.852403 0.188919
vt 0.852403 0.188791
vt 0.852403 0.189080
vt 0.852403 0.189258
vt 0.851331 0.189352
vt 0.851459 0.189219
vt 0.851230 0.189458
vt 0.479213 0.215604
vt 0.479000 0.215543
vt 0.479449 0.215625
vt 0.479685 0.215604
vt 0.479898 0.215543
vt 0.238901 0.176033
vt 0.238800 0.175927
vt 0.239029 0.176166
vt 0.239170 0.176314
vt 0.239311 0.176461
vt 0.239439 0.176594
vt 0.239540 0.176700
vt 0.464184 0.145300
vt 0.463971 0.145361
vt 0.464420 0.145279
vt 0.464656 0.145300
vt 0.464869 0.145361
vt 0.851869 0.188791
vt 0.851970 0.188685
vt 0.851742 0.188924
vt 0.851600 0.189072
vt 0.850798 0.188583
vt 0.851025 0.188586
vt 0.243473 0.185200
vt 0.243289 0.185308
vt 0.243289 0.184410
vt 0.243473 0.184412
vt 0.243057 0.185377
vt 0.243057 0.184409
vt 0.242799 0.185401
vt 0.242799 0.184408
vt 0.242542 0.185377
vt 0.242542 0.184409
vt 0.242310 0.185308
vt 0.242310 0.184410
vt 0.242125 0.185200
vt 0.242125 0.184412
vt 0.238595 0.176799
vt 0.238368 0.176802
vt 0.238846 0.176796
vt 0.239098 0.176793
vt 0.239325 0.176791
vt 0.475074 0.209286
vt 0.475257 0.209394
vt 0.475257 0.209484
vt 0.475074 0.209486
vt 0.475488 0.209463
vt 0.475488 0.209483
vt 0.050506 0.039923
vt 0.050529 0.039669
vt 0.050562 0.039669
vt 0.050521 0.039923
vt 0.050506 0.039415
vt 0.050521 0.039415
vt 0.476000 0.209463
vt 0.476231 0.209394
vt 0.476231 0.209484
vt 0.476000 0.209483
vt 0.476414 0.209286
vt 0.476414 0.209486
vt 0.851528 0.188592
vt 0.851755 0.188595
vt 0.851277 0.188589
vt 0.850889 0.187589
vt 0.851073 0.187591
vt 0.243196 0.183393
vt 0.243345 0.183395
vt 0.243008 0.183392
vt 0.242799 0.183391
vt 0.242591 0.183392
vt 0.242403 0.183393
vt 0.242254 0.183395
vt 0.238643 0.177794
vt 0.238459 0.177796
vt 0.238846 0.177792
vt 0.239050 0.177789
vt 0.239234 0.177787
vt 0.475350 0.210498
vt 0.475202 0.210500
vt 0.475537 0.210497
vt 0.475744 0.209482
vt 0.475744 0.210497
vt 0.475951 0.210497
vt 0.476138 0.210498
vt 0.476287 0.210500
vt 0.851480 0.187596
vt 0.851664 0.187598
vt 0.851277 0.187594
vt 0.850890 0.186224
vt 0.851073 0.186226
vt 0.243125 0.181995
vt 0.243248 0.181997
vt 0.242971 0.181994
vt 0.242799 0.181994
vt 0.242628 0.181994
vt 0.242473 0.181995
vt 0.242350 0.181997
vt 0.238643 0.179159
vt 0.238460 0.179162
vt 0.238846 0.179157
vt 0.239050 0.179155
vt 0.239233 0.179152
vt 0.475420 0.211887
vt 0.475298 0.211889
vt 0.475574 0.211886
vt 0.475744 0.211886
vt 0.475914 0.211886
vt 0.476068 0.211887
vt 0.476190 0.211889
vt 0.851480 0.186231
vt 0.851664 0.186233
vt 0.851277 0.186228
vt 0.850798 0.184275
vt 0.851025 0.184277
vt 0.243150 0.180000
vt 0.243282 0.180002
vt 0.242984 0.179999
vt 0.242799 0.179998
vt 0.242615 0.179999
vt 0.242449 0.180000
vt 0.242317 0.180002
vt 0.238595 0.181108
vt 0.238368 0.181111
vt 0.238846 0.181105
vt 0.239098 0.181102
vt 0.239325 0.181099
vt 0.475396 0.213867
vt 0.475264 0.213870
vt 0.475561 0.213866
vt 0.475744 0.213866
vt 0.475927 0.213866
vt 0.476093 0.213867
vt 0.476224 0.213870
vt 0.851528 0.184283
vt 0.851755 0.184286
vt 0.851277 0.184281
vt 0.850798 0.182309
vt 0.851025 0.182312
vt 0.243203 0.177988
vt 0.243354 0.177990
vt 0.243011 0.177987
vt 0.242799 0.177986
vt 0.242587 0.177987
vt 0.242396 0.177988
vt 0.242244 0.177990
vt 0.238595 0.183073
vt 0.238368 0.183076
vt 0.238846 0.183070
vt 0.239098 0.183068
vt 0.239325 0.183065
vt 0.475343 0.215867
vt 0.475192 0.215869
vt 0.475533 0.215866
vt 0.475744 0.215865
vt 0.475955 0.215866
vt 0.476145 0.215867
vt 0.476296 0.215869
vt 0.851528 0.182318
vt 0.851755 0.182321
vt 0.851277 0.182315
vt 0.850798 0.181308
vt 0.851025 0.181310
vt 0.243289 0.176963
vt 0.243473 0.176965
vt 0.243057 0.176961
vt 0.242799 0.176961
vt 0.242542 0.176961
vt 0.242310 0.176963
vt 0.242125 0.176965
vt 0.238595 0.184075
vt 0.238368 0.184078
vt 0.238846 0.184072
vt 0.239098 0.184069
vt 0.239325 0.184066
vt 0.475257 0.216886
vt 0.475074 0.216888
vt 0.475488 0.216885
vt 0.475744 0.216884
vt 0.476000 0.216885
vt 0.476231 0.216886
vt 0.476414 0.216888
vt 0.851528 0.181316
vt 0.851755 0.181319
vt 0.851277 0.181313
vt 0.926475 0.136457
vt 0.926260 0.136348
vt 0.926260 0.135902
vt 0.926475 0.135934
vt 0.926090 0.136177
vt 0.926090 0.135854
vt 0.242873 0.176768
vt 0.242939 0.176769
vt 0.242799 0.176767
vt 0.242726 0.176768
vt 0.242660 0.176769
vt 0.926090 0.135273
vt 0.926260 0.135102
vt 0.926260 0.135548
vt 0.926090 0.135596
vt 0.926475 0.134993
vt 0.926475 0.135516
vt 0.926713 0.134955
vt 0.926713 0.135506
vt 0.926951 0.134993
vt 0.926951 0.135516
vt 0.927165 0.135102
vt 0.927165 0.135548
vt 0.927335 0.135273
vt 0.927335 0.135596
vt 0.475671 0.217077
vt 0.475605 0.217079
vt 0.475744 0.217077
vt 0.475817 0.217077
vt 0.475883 0.217079
vt 0.927335 0.136177
vt 0.927165 0.136348
vt 0.927165 0.135902
vt 0.927335 0.135854
vt 0.926951 0.136457
vt 0.926951 0.135934
vt 0.926713 0.136494
vt 0.926713 0.135944
vt 0.925981 0.135793
vt 0.925981 0.135657
vt 0.927445 0.135657
vt 0.927445 0.135793
vt 0.927482 0.135725
vt 0.925943 0.135725
vt 0.445030 0.721625
vt 0.567647 0.721625
vt 0.578453 0.819174
vt 0.445018 0.819405
vt 0.923485 0.894945
vt 0.843284 0.894945
vt 0.843552 0.798735
vt 0.923218 0.798734
vt 0.271718 0.758046
vt 0.394334 0.758046
vt 0.394347 0.855826
vt 0.260912 0.855593
vt 0.852235 0.783619
vt 0.914535 0.783620
vt 0.863746 0.763617
vt 0.883382 0.729525
vt 0.903023 0.763616
vt 0.567886 0.834499
vt 0.445017 0.834500
vt 0.271479 0.870920
vt 0.394347 0.870919
vt 0.560691 0.854781
vt 0.556111 0.889346
vt 0.445017 0.889346
vt 0.445017 0.854781
vt 0.283254 0.925765
vt 0.278674 0.891200
vt 0.394348 0.891201
vt 0.394348 0.925765
vt 0.229734 0.892721
vt 0.174587 0.892721
vt 0.174541 0.878921
vt 0.229780 0.878921
vt 0.229641 0.920321
vt 0.174680 0.920322
vt 0.174634 0.906521
vt 0.229687 0.906521
vt 0.174495 0.865122
vt 0.229826 0.865122
vt 0.098246 0.939663
vt 0.031720 0.939663
vt 0.031720 0.925954
vt 0.097383 0.925954
vt 0.031720 0.912246
vt 0.096996 0.912246
vt 0.031720 0.898538
vt 0.097633 0.898538
vt 0.031720 0.884831
vt 0.099833 0.884831
vt 0.105307 0.900991
vt 0.171220 0.900991
vt 0.171220 0.914699
vt 0.105945 0.914699
vt 0.103108 0.887284
vt 0.171220 0.887284
vt 0.171220 0.928408
vt 0.105557 0.928408
vt 0.171220 0.942116
vt 0.104695 0.942116
vt 0.201945 0.956786
vt 0.190166 0.940364
vt 0.213794 0.940363
vt 0.218653 0.933100
vt 0.184865 0.933100
vt 0.180279 0.927611
vt 0.222310 0.927610
vt 0.080160 0.873614
vt 0.122780 0.876068
vt 0.171220 0.865119
vt 0.156350 0.866624
vt 0.139824 0.870625
vt 0.063116 0.868172
vt 0.046591 0.864171
vt 0.031720 0.862666
vt 0.960100 0.434051
vt 0.960100 0.454345
vt 0.903400 0.454345
vt 0.903400 0.434051
vt 0.960100 0.416468
vt 0.903400 0.416468
vt 0.960100 0.399420
vt 0.903400 0.399420
vt 0.960100 0.384080
vt 0.903400 0.384080
vt 0.827750 0.196843
vt 0.827750 0.288041
vt 0.820741 0.288041
vt 0.820741 0.196896
vt 0.966422 0.122979
vt 0.966422 0.214127
vt 0.959759 0.214127
vt 0.959759 0.122937
vt 0.599944 0.894721
vt 0.580770 0.881276
vt 0.580819 0.873920
vt 0.600084 0.887304
vt 0.599932 0.906739
vt 0.600092 0.914055
vt 0.580809 0.927435
vt 0.580783 0.920308
vt 0.608392 0.900665
vt 0.619373 0.900671
vt 0.568511 0.935967
vt 0.568488 0.929020
vt 0.561491 0.867739
vt 0.561531 0.860538
vt 0.568168 0.865143
vt 0.568125 0.872397
vt 0.600995 0.811075
vt 0.580281 0.822239
vt 0.580281 0.721625
vt 0.600995 0.721625
vt 0.621683 0.806829
vt 0.621683 0.721625
vt 0.642397 0.805365
vt 0.642397 0.721625
vt 0.820235 0.292442
vt 0.813226 0.292389
vt 0.813226 0.201243
vt 0.820235 0.201243
vt 0.966422 0.122894
vt 0.959759 0.122937
vt 0.959759 0.031746
vt 0.966422 0.031746
vt 0.600984 0.811052
vt 0.621692 0.806801
vt 0.621692 0.721625
vt 0.600984 0.721625
vt 0.580277 0.822231
vt 0.580277 0.721625
vt 0.496704 0.578016
vt 0.445017 0.578016
vt 0.445017 0.557501
vt 0.496704 0.557501
vt 0.548392 0.578017
vt 0.548392 0.557501
vt 0.600080 0.578016
vt 0.600080 0.557501
vt 0.651767 0.578016
vt 0.651767 0.557501
vt 0.205569 0.762544
vt 0.257257 0.762545
vt 0.257257 0.783060
vt 0.205569 0.783060
vt 0.153882 0.762545
vt 0.153882 0.783060
vt 0.102194 0.762545
vt 0.102194 0.783060
vt 0.050506 0.762545
vt 0.050506 0.783060
vt 0.496704 0.701110
vt 0.445017 0.701110
vt 0.445017 0.680594
vt 0.496704 0.680594
vt 0.496704 0.639563
vt 0.445017 0.639563
vt 0.445017 0.619048
vt 0.496704 0.619048
vt 0.445017 0.495954
vt 0.496704 0.495954
vt 0.496704 0.516470
vt 0.445017 0.516470
vt 0.548392 0.701110
vt 0.548392 0.680594
vt 0.548392 0.639563
vt 0.548392 0.619048
vt 0.548392 0.495954
vt 0.548392 0.516470
vt 0.600080 0.701110
vt 0.600080 0.680594
vt 0.600080 0.639563
vt 0.600080 0.619048
vt 0.600080 0.495954
vt 0.600080 0.516470
vt 0.651767 0.701110
vt 0.651767 0.680594
vt 0.651767 0.639563
vt 0.651767 0.619048
vt 0.651767 0.495954
vt 0.651767 0.516470
vt 0.205569 0.639451
vt 0.257257 0.639451
vt 0.257257 0.659967
vt 0.205569 0.659967
vt 0.205569 0.700998
vt 0.257257 0.700998
vt 0.257257 0.721513
vt 0.205569 0.721513
vt 0.257257 0.844607
vt 0.205569 0.844607
vt 0.205569 0.824091
vt 0.257257 0.824091
vt 0.153882 0.639451
vt 0.153882 0.659967
vt 0.153882 0.700998
vt 0.153882 0.721513
vt 0.153882 0.844607
vt 0.153882 0.824091
vt 0.102194 0.639451
vt 0.102194 0.659967
vt 0.102194 0.700998
vt 0.102194 0.721513
vt 0.102194 0.844607
vt 0.102194 0.824091
vt 0.050506 0.639451
vt 0.050506 0.659967
vt 0.050506 0.700998
vt 0.050506 0.721513
vt 0.050506 0.844607
vt 0.050506 0.824091
vt 0.106344 0.430483
vt 0.124999 0.442743
vt 0.076541 0.424800
vt 0.054875 0.403302
vt 0.312861 0.531004
vt 0.294206 0.543264
vt 0.242737 0.570445
vt 0.264403 0.548947
vt 0.294206 0.410861
vt 0.312861 0.423121
vt 0.264403 0.405178
vt 0.242737 0.383680
vt 0.124999 0.550626
vt 0.106344 0.562887
vt 0.054875 0.590068
vt 0.076541 0.568570
vt 0.218279 0.483658
vt 0.236935 0.489862
vt 0.191486 0.489454
vt 0.172831 0.482594
vt 0.162311 0.461980
vt 0.180967 0.469941
vt 0.135519 0.465789
vt 0.116863 0.454955
vt 0.050376 0.378385
vt 0.069032 0.398790
vt 0.033209 0.377543
vt 0.406141 0.490089
vt 0.360693 0.491153
vt 0.379349 0.484293
vt 0.424797 0.483885
vt 0.350173 0.511767
vt 0.304725 0.518793
vt 0.323381 0.507958
vt 0.368829 0.503806
vt 0.238238 0.595363
vt 0.221071 0.596204
vt 0.256894 0.574957
vt 0.406141 0.464036
vt 0.424797 0.470240
vt 0.379349 0.469831
vt 0.360693 0.462972
vt 0.350173 0.442358
vt 0.368829 0.450319
vt 0.323381 0.446167
vt 0.304725 0.435332
vt 0.238238 0.358762
vt 0.256894 0.379167
vt 0.221071 0.357921
vt 0.218279 0.509712
vt 0.172831 0.510776
vt 0.191486 0.503916
vt 0.236934 0.503508
vt 0.162311 0.531390
vt 0.116863 0.538415
vt 0.135519 0.527581
vt 0.180967 0.523429
vt 0.050376 0.614985
vt 0.033209 0.615826
vt 0.069032 0.594580
vt 0.384540 0.533035
vt 0.384540 0.758046
vt 0.358812 0.758046
vt 0.358812 0.533035
vt 0.322722 0.533035
vt 0.322722 0.758046
vt 0.309756 0.758046
vt 0.309756 0.533035
vt 0.852078 0.361960
vt 0.852078 0.557732
vt 0.832652 0.557732
vt 0.832652 0.361960
vt 0.848961 0.557732
vt 0.848961 0.753504
vt 0.829535 0.753505
vt 0.829535 0.557732
vt 0.788263 0.475439
vt 0.788263 0.700449
vt 0.775296 0.700449
vt 0.775296 0.475439
vt 0.739207 0.475439
vt 0.739207 0.700449
vt 0.713478 0.700449
vt 0.713478 0.475439
vt 0.496704 0.598532
vt 0.445017 0.598532
vt 0.445017 0.536985
vt 0.496704 0.536985
vt 0.548392 0.598532
vt 0.548392 0.536985
vt 0.600080 0.598532
vt 0.600080 0.536985
vt 0.651767 0.598532
vt 0.651767 0.536985
vt 0.205569 0.742029
vt 0.257257 0.742029
vt 0.257257 0.803576
vt 0.205569 0.803576
vt 0.153882 0.742029
vt 0.153882 0.803576
vt 0.102194 0.742029
vt 0.102194 0.803576
vt 0.050506 0.742029
vt 0.050506 0.803576
vt 0.496704 0.721625
vt 0.445017 0.721625
vt 0.445017 0.660079
vt 0.496704 0.660079
vt 0.445017 0.475439
vt 0.496704 0.475439
vt 0.548392 0.721625
vt 0.548392 0.660079
vt 0.548392 0.475439
vt 0.600080 0.721625
vt 0.600080 0.660079
vt 0.600080 0.475439
vt 0.651767 0.721625
vt 0.651767 0.660079
vt 0.651767 0.475439
vt 0.205569 0.618936
vt 0.257257 0.618936
vt 0.257257 0.680482
vt 0.205569 0.680482
vt 0.257257 0.865122
vt 0.205569 0.865122
vt 0.153882 0.618936
vt 0.153882 0.680482
vt 0.153882 0.865122
vt 0.102194 0.618936
vt 0.102194 0.680482
vt 0.102194 0.865122
vt 0.050506 0.618936
vt 0.050506 0.680482
vt 0.050506 0.865122
vt 0.143655 0.453615
vt 0.098207 0.442773
vt 0.087688 0.416368
vt 0.275550 0.557379
vt 0.286069 0.530974
vt 0.331517 0.520132
vt 0.331517 0.433993
vt 0.286069 0.423151
vt 0.275550 0.396745
vt 0.087688 0.577002
vt 0.098207 0.550597
vt 0.143655 0.539755
vt 0.255590 0.496685
vt 0.210142 0.496685
vt 0.154175 0.475809
vt 0.199623 0.477893
vt 0.031720 0.354793
vt 0.387485 0.495855
vt 0.342037 0.497939
vt 0.398004 0.477062
vt 0.443453 0.477062
vt 0.219582 0.618954
vt 0.342037 0.456186
vt 0.387485 0.458270
vt 0.219582 0.335170
vt 0.199623 0.515477
vt 0.154175 0.517561
vt 0.031720 0.638577
vt 0.442597 0.533035
vt 0.442597 0.758046
vt 0.415369 0.758046
vt 0.415369 0.533035
vt 0.337301 0.758046
vt 0.337302 0.533035
vt 0.871505 0.557732
vt 0.871505 0.361960
vt 0.890931 0.361960
vt 0.890931 0.557732
vt 0.813226 0.557732
vt 0.813226 0.361960
vt 0.868387 0.557732
vt 0.868387 0.753504
vt 0.810109 0.753505
vt 0.810109 0.557732
vt 0.790683 0.753505
vt 0.790683 0.557732
vt 0.760717 0.700449
vt 0.760717 0.475439
vt 0.682650 0.700449
vt 0.682650 0.475439
vt 0.655422 0.700449
vt 0.452226 0.416009
vt 0.454459 0.436678
vt 0.442745 0.436678
vt 0.440878 0.416009
vt 0.422473 0.416009
vt 0.430540 0.416009
vt 0.431995 0.436678
vt 0.423188 0.436678
vt 0.653537 0.762963
vt 0.645471 0.762963
vt 0.644015 0.742294
vt 0.652822 0.742294
vt 0.623784 0.762963
vt 0.621551 0.742294
vt 0.633265 0.742294
vt 0.635132 0.762963
vt 0.461470 0.374672
vt 0.454459 0.395341
vt 0.442745 0.395340
vt 0.448422 0.374672
vt 0.461470 0.457347
vt 0.468139 0.436678
vt 0.476801 0.457347
vt 0.431995 0.395341
vt 0.423188 0.395341
vt 0.425306 0.374672
vt 0.436314 0.374672
vt 0.436314 0.457347
vt 0.425306 0.457347
vt 0.644015 0.783632
vt 0.652822 0.783632
vt 0.650705 0.804301
vt 0.639696 0.804301
vt 0.639696 0.721626
vt 0.650705 0.721625
vt 0.614540 0.804301
vt 0.621551 0.783632
vt 0.633265 0.783632
vt 0.627588 0.804301
vt 0.614540 0.721625
vt 0.607871 0.742294
vt 0.599209 0.721625
vt 0.594393 0.762963
vt 0.591075 0.742294
vt 0.610563 0.762963
vt 0.580277 0.804301
vt 0.591075 0.783632
vt 0.607871 0.783632
vt 0.599209 0.804301
vt 0.627588 0.721625
vt 0.481617 0.416009
vt 0.484935 0.436678
vt 0.465447 0.416009
vt 0.495733 0.374672
vt 0.484935 0.395341
vt 0.468139 0.395341
vt 0.476801 0.374672
vt 0.448422 0.457347
vt 0.495733 0.457347
vt 0.276513 0.448974
vt 0.314670 0.448974
vt 0.298199 0.458682
vt 0.270742 0.458866
vt 0.262974 0.406584
vt 0.273509 0.418408
vt 0.259374 0.417531
vt 0.253397 0.406584
vt 0.284861 0.468409
vt 0.265094 0.469415
vt 0.273509 0.479539
vt 0.259374 0.480416
vt 0.262974 0.491363
vt 0.253397 0.491363
vt 0.284861 0.429539
vt 0.265094 0.428532
vt 0.298199 0.439265
vt 0.270742 0.439081
vt 0.108579 0.541460
vt 0.089364 0.541460
vt 0.089364 0.529763
vt 0.108579 0.529763
vt 0.070150 0.541460
vt 0.070150 0.529763
vt 0.050935 0.541460
vt 0.050935 0.529763
vt 0.031720 0.541460
vt 0.031720 0.529763
vt 0.089364 0.518008
vt 0.108579 0.518008
vt 0.070150 0.518008
vt 0.050935 0.518008
vt 0.031720 0.518008
vt 0.089364 0.506736
vt 0.108579 0.506736
vt 0.070150 0.506736
vt 0.050935 0.506736
vt 0.031720 0.506736
vt 0.089364 0.496165
vt 0.108579 0.496165
vt 0.070150 0.496165
vt 0.050935 0.496165
vt 0.031720 0.496165
vt 0.089364 0.485595
vt 0.108579 0.485595
vt 0.070150 0.485595
vt 0.050935 0.485595
vt 0.031720 0.485595
vt 0.089364 0.474322
vt 0.108579 0.474322
vt 0.070150 0.474322
vt 0.050935 0.474322
vt 0.031720 0.474322
vt 0.089364 0.462567
vt 0.108579 0.462567
vt 0.070150 0.462567
vt 0.050935 0.462567
vt 0.031720 0.462567
vt 0.089364 0.450870
vt 0.108579 0.450870
vt 0.070150 0.450870
vt 0.050935 0.450870
vt 0.031720 0.450870
vt 0.655423 0.700449
vt 0.668080 0.700573
vt 0.668376 0.916377
vt 0.655422 0.916377
vt 0.031971 0.031819
vt 0.040762 0.031746
vt 0.040762 0.189496
vt 0.031720 0.189496
vt 0.156606 0.571544
vt 0.187155 0.589360
vt 0.187076 0.599106
vt 0.156383 0.581372
vt 0.156626 0.555621
vt 0.156370 0.545927
vt 0.187093 0.528199
vt 0.187134 0.537642
vt 0.143147 0.563669
vt 0.125651 0.563661
vt 0.217812 0.510471
vt 0.217848 0.519542
vt 0.217870 0.607297
vt 0.217806 0.616838
vt 0.828288 0.192469
vt 0.860278 0.211199
vt 0.860278 0.361960
vt 0.828255 0.361960
vt 0.892272 0.218321
vt 0.892272 0.361960
vt 0.924261 0.220725
vt 0.924261 0.361960
vt 0.909229 0.172978
vt 0.877227 0.175430
vt 0.877227 0.031746
vt 0.909229 0.031746
vt 0.845265 0.182542
vt 0.845265 0.031746
vt 0.813265 0.201246
vt 0.813226 0.031746
vt 0.691875 0.724474
vt 0.691875 0.916377
vt 0.715508 0.733532
vt 0.715508 0.916377
vt 0.725955 0.734863
vt 0.725955 0.916377
vt 0.736631 0.733471
vt 0.736631 0.916377
vt 0.760482 0.724426
vt 0.760482 0.916377
vt 0.784493 0.700566
vt 0.784149 0.916786
vt 0.648483 0.820157
vt 0.580277 0.866417
vt 0.585433 0.820211
vt 0.653639 0.866417
vt 0.616958 0.896804
vt 0.916331 0.775739
vt 0.914672 0.775739
vt 0.914672 0.701472
vt 0.916331 0.701472
vt 0.910914 0.775738
vt 0.910914 0.701472
vt 0.912574 0.701472
vt 0.912574 0.775738
vt 0.786925 0.902040
vt 0.786925 0.827772
vt 0.828411 0.827772
vt 0.828411 0.902040
vt 0.031720 0.206535
vt 0.033339 0.206015
vt 0.046332 0.246497
vt 0.044713 0.247016
vt 0.550376 0.889346
vt 0.550376 0.963614
vt 0.508890 0.963614
vt 0.508890 0.889346
vt 0.495581 0.192175
vt 0.497201 0.192695
vt 0.484208 0.233176
vt 0.482589 0.232656
vt 0.835950 0.194620
vt 0.835770 0.194564
vt 0.836558 0.192008
vt 0.836739 0.192064
vt 0.832801 0.192886
vt 0.832012 0.190330
vt 0.832193 0.190274
vt 0.832982 0.192830
vt 0.402544 0.841232
vt 0.399930 0.841232
vt 0.399930 0.758046
vt 0.402544 0.758046
vt 0.948672 0.785436
vt 0.948487 0.785436
vt 0.948672 0.702236
vt 0.398787 0.841230
vt 0.396172 0.841230
vt 0.396172 0.758046
vt 0.398787 0.758046
vt 0.952244 0.785428
vt 0.952244 0.702236
vt 0.952429 0.702236
vt 0.952429 0.785428
vt 0.411201 0.842372
vt 0.411201 0.758046
vt 0.413086 0.758046
vt 0.413086 0.842372
vt 0.059583 0.032336
vt 0.044830 0.078301
vt 0.042992 0.077711
vt 0.057744 0.031746
vt 0.958020 0.116073
vt 0.958020 0.200401
vt 0.955559 0.195371
vt 0.955559 0.121103
vt 0.914073 0.195371
vt 0.910914 0.200401
vt 0.914073 0.121103
vt 0.910914 0.116073
vt 0.044830 0.078298
vt 0.059583 0.124263
vt 0.057744 0.124853
vt 0.042992 0.078888
vt 0.414959 0.758046
vt 0.416843 0.758046
vt 0.416843 0.842375
vt 0.414959 0.842375
vt 0.942052 0.775011
vt 0.940972 0.775011
vt 0.942052 0.702238
vt 0.826218 0.288038
vt 0.827294 0.288177
vt 0.814302 0.328657
vt 0.813226 0.328517
vt 0.492900 0.265252
vt 0.491825 0.265391
vt 0.478832 0.224908
vt 0.479907 0.224768
vt 0.944730 0.702238
vt 0.945810 0.702238
vt 0.945810 0.775012
vt 0.944730 0.775012
vt 0.828412 0.753505
vt 0.828412 0.827772
vt 0.786925 0.753505
vt 0.910914 0.116073
vt 0.910914 0.031746
vt 0.958020 0.031746
vt 0.958020 0.116073
vt 0.263633 0.228708
vt 0.256164 0.227103
vt 0.263633 0.202096
vt 0.249595 0.222482
vt 0.244720 0.215402
vt 0.242125 0.206717
vt 0.242125 0.197475
vt 0.244720 0.188790
vt 0.249595 0.181710
vt 0.256164 0.177089
vt 0.263633 0.175484
vt 0.271103 0.177089
vt 0.277671 0.181710
vt 0.282546 0.188790
vt 0.285141 0.197475
vt 0.285141 0.206717
vt 0.282546 0.215402
vt 0.277671 0.222482
vt 0.271103 0.227103
vt 0.053880 0.374052
vt 0.053880 0.347168
vt 0.055041 0.347168
vt 0.055041 0.374052
vt 0.495293 0.126829
vt 0.495293 0.148988
vt 0.493861 0.148988
vt 0.493861 0.126829
vt 0.491536 0.149705
vt 0.490103 0.149705
vt 0.490103 0.127546
vt 0.491536 0.127546
vt 0.031720 0.346006
vt 0.053880 0.346006
vt 0.031720 0.347168
vt 0.055041 0.346006
vt 0.491536 0.100663
vt 0.490103 0.100663
vt 0.495293 0.099946
vt 0.493861 0.126829
vt 0.493861 0.099946
vt 0.077055 0.346006
vt 0.077055 0.347168
vt 0.471317 0.148827
vt 0.472750 0.148827
vt 0.472750 0.170840
vt 0.471317 0.170840
vt 0.467560 0.170897
vt 0.467560 0.148883
vt 0.468992 0.148883
vt 0.468992 0.170897
vt 0.089511 0.383362
vt 0.088079 0.383362
vt 0.088079 0.356211
vt 0.089511 0.356211
vt 0.053880 0.318855
vt 0.055041 0.318855
vt 0.084321 0.351023
vt 0.085754 0.351023
vt 0.085754 0.378173
vt 0.084321 0.378173
vt 0.223472 0.577409
vt 0.215597 0.575717
vt 0.216129 0.573936
vt 0.223472 0.575514
vt 0.208671 0.570845
vt 0.209671 0.569393
vt 0.203531 0.563380
vt 0.204878 0.562433
vt 0.200796 0.554223
vt 0.202328 0.553895
vt 0.200796 0.544479
vt 0.202328 0.544808
vt 0.203531 0.535322
vt 0.204878 0.536270
vt 0.208671 0.527857
vt 0.209671 0.529310
vt 0.215597 0.522985
vt 0.216129 0.524767
vt 0.223472 0.521293
vt 0.223472 0.523189
vt 0.231347 0.522985
vt 0.230815 0.524767
vt 0.238273 0.527857
vt 0.237273 0.529310
vt 0.243413 0.535322
vt 0.242066 0.536270
vt 0.246148 0.544479
vt 0.244616 0.544808
vt 0.246148 0.554223
vt 0.244616 0.553895
vt 0.243413 0.563380
vt 0.242066 0.562433
vt 0.238273 0.570845
vt 0.237273 0.569393
vt 0.231347 0.575717
vt 0.230815 0.573936
vt 0.223244 0.441947
vt 0.216318 0.446819
vt 0.215786 0.445038
vt 0.222244 0.440495
vt 0.208443 0.448511
vt 0.208443 0.446616
vt 0.200568 0.446819
vt 0.201100 0.445038
vt 0.193642 0.441947
vt 0.194642 0.440495
vt 0.188502 0.434482
vt 0.189849 0.433535
vt 0.185767 0.425325
vt 0.187299 0.424997
vt 0.185767 0.415581
vt 0.187299 0.415910
vt 0.188502 0.406424
vt 0.189849 0.407372
vt 0.193642 0.398959
vt 0.194642 0.400412
vt 0.200568 0.394087
vt 0.201100 0.395869
vt 0.208443 0.392395
vt 0.208443 0.394291
vt 0.216318 0.394087
vt 0.215786 0.395869
vt 0.223244 0.398959
vt 0.222244 0.400412
vt 0.228384 0.406424
vt 0.227037 0.407372
vt 0.231119 0.415581
vt 0.229587 0.415910
vt 0.231119 0.425325
vt 0.229587 0.424997
vt 0.228384 0.434482
vt 0.227037 0.433535
vt 0.289633 0.054325
vt 0.289633 0.063242
vt 0.283455 0.063242
vt 0.283455 0.054325
vt 0.289633 0.071084
vt 0.283455 0.071084
vt 0.289633 0.076904
vt 0.283455 0.076904
vt 0.942746 0.125888
vt 0.942746 0.135171
vt 0.937215 0.135171
vt 0.937215 0.125888
vt 0.942746 0.145049
vt 0.937215 0.145049
vt 0.942746 0.154332
vt 0.937215 0.154332
vt 0.289633 0.082724
vt 0.283455 0.082724
vt 0.283455 0.076904
vt 0.289633 0.090566
vt 0.283455 0.090566
vt 0.289633 0.099483
vt 0.283455 0.099483
vt 0.289633 0.108400
vt 0.283455 0.108400
vt 0.289633 0.116242
vt 0.283455 0.116242
vt 0.289633 0.122062
vt 0.283455 0.122062
vt 0.920202 0.166775
vt 0.920202 0.176057
vt 0.914672 0.176057
vt 0.914672 0.166775
vt 0.920202 0.185936
vt 0.914672 0.185936
vt 0.920202 0.195218
vt 0.914672 0.195218
vt 0.289633 0.031746
vt 0.289633 0.037566
vt 0.283455 0.037566
vt 0.283455 0.031746
vt 0.289633 0.045408
vt 0.283455 0.045408
vt 0.054263 0.073929
vt 0.054263 0.066617
vt 0.060860 0.066617
vt 0.060860 0.073929
vt 0.054263 0.061190
vt 0.060860 0.061190
vt 0.929701 0.193297
vt 0.929701 0.184641
vt 0.935606 0.184641
vt 0.935606 0.193297
vt 0.929701 0.175430
vt 0.935606 0.175430
vt 0.929701 0.166775
vt 0.935606 0.166775
vt 0.031720 0.272010
vt 0.031720 0.266582
vt 0.038316 0.266582
vt 0.038316 0.272010
vt 0.031720 0.259271
vt 0.038316 0.259271
vt 0.031720 0.250956
vt 0.038316 0.250956
vt 0.031720 0.242641
vt 0.038316 0.242641
vt 0.031720 0.235329
vt 0.038316 0.235329
vt 0.031720 0.229902
vt 0.038316 0.229902
vt 0.922186 0.193297
vt 0.922186 0.184641
vt 0.928092 0.184641
vt 0.928092 0.193297
vt 0.922186 0.175430
vt 0.928092 0.175430
vt 0.922186 0.166775
vt 0.928092 0.166775
vt 0.054263 0.103297
vt 0.054263 0.097870
vt 0.060860 0.097870
vt 0.060860 0.103297
vt 0.054263 0.090558
vt 0.060860 0.090558
vt 0.054263 0.082244
vt 0.060860 0.082244
vt 0.475074 0.090927
vt 0.486911 0.090927
vt 0.486911 0.150108
vt 0.475074 0.150108
vt 0.110622 0.513880
vt 0.110622 0.502044
vt 0.116540 0.502044
vt 0.116540 0.513880
vt 0.081693 0.382676
vt 0.081693 0.394512
vt 0.075775 0.394512
vt 0.075775 0.382676
vt 0.956001 0.273308
vt 0.956001 0.214127
vt 0.961919 0.214127
vt 0.961919 0.273308
vt 0.075775 0.370840
vt 0.081693 0.370840
vt 0.042992 0.184027
vt 0.042992 0.124846
vt 0.054828 0.124846
vt 0.054828 0.184027
vt 0.110622 0.490208
vt 0.116540 0.490208
vt 0.075775 0.359004
vt 0.081693 0.359004
vt 0.475074 0.209289
vt 0.486911 0.150108
vt 0.486911 0.209289
vt 0.110622 0.478371
vt 0.116540 0.478371
vt 0.075775 0.347168
vt 0.081693 0.347168
vt 0.475074 0.090927
vt 0.475074 0.031746
vt 0.486911 0.031746
vt 0.486911 0.090927
vt 0.110622 0.466535
vt 0.116540 0.466535
vt 0.925943 0.716380
vt 0.931861 0.657199
vt 0.931861 0.716380
vt 0.122458 0.490208
vt 0.122458 0.502044
vt 0.122458 0.478371
vt 0.122458 0.466535
vt 0.069857 0.359004
vt 0.069857 0.347168
vt 0.069857 0.370840
vt 0.069857 0.382676
vt 0.031720 0.600642
vt 0.037638 0.541460
vt 0.037638 0.600642
vt 0.128376 0.478371
vt 0.128376 0.490208
vt 0.128376 0.466535
vt 0.063939 0.359004
vt 0.063939 0.347168
vt 0.063939 0.370840
vt 0.910914 0.592434
vt 0.910914 0.533253
vt 0.916832 0.533253
vt 0.916832 0.592434
vt 0.134294 0.466535
vt 0.134294 0.478371
vt 0.058021 0.359004
vt 0.058021 0.347168
vt 0.561527 0.940814
vt 0.561504 0.933968
vt 0.892128 0.361964
vt 0.899266 0.365825
vt 0.902117 0.372548
vt 0.892128 0.367984
vt 0.912870 0.379204
vt 0.912870 0.373184
vt 0.933500 0.377437
vt 0.933500 0.383456
vt 0.942589 0.378061
vt 0.942589 0.384081
vt 0.933487 0.377407
vt 0.933487 0.383427
vt 0.912884 0.373162
vt 0.912884 0.379181
vt 0.899656 0.366018
vt 0.901793 0.372037
vt 0.892143 0.367980
vt 0.892143 0.361960
vt 0.899266 0.455929
vt 0.892128 0.452068
vt 0.473425 0.115584
vt 0.463803 0.119629
vt 0.463803 0.035792
vt 0.471294 0.031746

# vertex normals
vn 0.009780 0.047978 0.998801
vn 0.009780 0.047978 0.998801
vn -0.002251 -0.998827 0.048365
vn -0.002251 -0.998827 0.048365
vn -0.002251 -0.998827 0.048365
vn -0.002251 -0.998827 0.048365
vn 0.002251 0.998827 -0.048368
vn 0.002251 0.998827 -0.048368
vn 0.002251 0.998827 -0.048368
vn -0.999346 0.004820 0.035847
vn -0.999346 0.004820 0.035847
vn -0.999346 0.004820 0.035847
vn 0.999714 -0.003455 -0.023677
vn 0.012236 0.057492 0.998271
vn 0.012236 0.057491 0.998271
vn 0.012236 0.057491 0.998271
vn 0.012238 0.057491 0.998271
vn 0.012240 0.057494 0.998271
vn 0.012240 0.057494 0.998271
vn 0.012240 0.057498 0.998271
vn 0.012240 0.057498 0.998271
vn 0.012239 0.057550 0.998268
vn 0.003384 -0.998366 0.057039
vn 0.003384 -0.998366 0.057039
vn -0.002546 0.998367 -0.057075
vn -0.002546 0.998367 -0.057075
vn -0.002546 0.998367 -0.057075
vn 0.012114 0.054540 0.998438
vn 0.012114 0.054540 0.998438
vn 0.003138 -0.998343 0.057454
vn 0.003138 -0.998343 0.057454
vn 0.003138 -0.998343 0.057454
vn -0.003164 0.998342 -0.057468
vn -0.003164 0.998342 -0.057468
vn 0.999920 0.002460 -0.012406
vn 0.999920 0.002460 -0.012406
vn 0.999920 0.002460 -0.012406
vn -0.999920 -0.002461 0.012393
vn -0.999920 -0.002461 0.012393
vn -0.999920 -0.002461 0.012393
vn 0.012234 0.057494 0.998271
vn 0.012234 0.057494 0.998271
vn 0.012234 0.057494 0.998271
vn 0.012378 0.057451 0.998272
vn 0.012362 0.057505 0.998269
vn 0.012367 0.057504 0.998269
vn 0.012326 0.057270 0.998283
vn 0.012359 0.057545 0.998266
vn 0.012312 0.057755 0.998255
vn 0.012329 0.057484 0.998270
vn 0.012336 0.057486 0.998270
vn 0.012247 0.057491 0.998271
vn 0.012264 0.057486 0.998271
vn 0.012236 0.057505 0.998270
vn 0.012228 0.057503 0.998270
vn 0.012250 0.057501 0.998270
vn 0.012249 0.057503 0.998270
vn 0.012321 0.057520 0.998268
vn 0.012313 0.057525 0.998268
vn 0.012289 0.057527 0.998268
vn 0.012284 0.057524 0.998269
vn 0.012253 0.057501 0.998270
vn 0.012244 0.057495 0.998271
vn 0.012237 0.057487 0.998271
vn 0.012237 0.057487 0.998271
vn -0.003163 0.998343 -0.057454
vn 0.474768 0.878302 -0.056398
vn 0.474771 0.878300 -0.056398
vn -0.003161 0.998343 -0.057454
vn 0.779606 0.624613 -0.045519
vn 0.779608 0.624611 -0.045519
vn 0.931515 0.362267 -0.032270
vn 0.931516 0.362266 -0.032270
vn 0.992652 0.119497 -0.019044
vn 0.992651 0.119501 -0.019044
vn 0.999920 0.002465 -0.012400
vn -0.999920 -0.002461 0.012393
vn -0.993395 0.114609 0.005572
vn -0.993395 0.114607 0.005572
vn -0.999920 -0.002461 0.012393
vn -0.933802 0.357673 -0.009152
vn -0.933802 0.357672 -0.009152
vn -0.783565 0.620760 -0.026143
vn -0.783565 0.620759 -0.026143
vn -0.480344 0.875948 -0.044555
vn -0.480339 0.875951 -0.044555
vn -0.931516 -0.362264 0.032276
vn -0.992652 -0.119496 0.019041
vn -0.992652 -0.119496 0.019041
vn -0.931517 -0.362264 0.032276
vn -0.999920 -0.002458 0.012388
vn 0.999920 0.002461 -0.012404
vn 0.993395 -0.114611 -0.005582
vn 0.993395 -0.114609 -0.005582
vn 0.933800 -0.357677 0.009149
vn 0.933802 -0.357674 0.009149
vn 0.783566 -0.620758 0.026143
vn 0.783564 -0.620761 0.026143
vn 0.480348 -0.875946 0.044553
vn 0.480345 -0.875947 0.044553
vn 0.003171 -0.998343 0.057454
vn 0.003170 -0.998343 0.057454
vn -0.474781 -0.878295 0.056402
vn -0.474777 -0.878297 0.056402
vn -0.779616 -0.624601 0.045525
vn -0.779615 -0.624603 0.045525
vn -0.999814 -0.019094 0.002572
vn -0.999814 -0.019094 0.002572
vn -0.999814 -0.019094 0.002572
vn -0.999814 -0.019094 0.002572
vn 0.018663 -0.999492 -0.025822
vn 0.018663 -0.999492 -0.025822
vn 0.018663 -0.999492 -0.025822
vn -0.018671 0.999492 0.025823
vn -0.018671 0.999492 0.025823
vn -0.029340 0.026102 -0.999229
vn 0.017095 -0.025560 0.999527
vn 0.017095 -0.025560 0.999527
vn 0.017095 -0.025560 0.999527
vn -0.999940 -0.009630 0.005251
vn -0.999940 -0.009630 0.005252
vn -0.999940 -0.009630 0.005251
vn -0.999940 -0.009629 0.005254
vn -0.999940 -0.009629 0.005254
vn -0.999940 -0.009628 0.005255
vn -0.999940 -0.009628 0.005255
vn -0.999940 -0.009623 0.005255
vn -0.999940 -0.009623 0.005255
vn -0.999940 -0.009570 0.005257
vn 0.009904 -0.999746 -0.020250
vn 0.009904 -0.999746 -0.020250
vn 0.009904 -0.999746 -0.020250
vn -0.009891 0.999729 0.021088
vn -0.009891 0.999729 0.021088
vn -0.009891 0.999729 0.021088
vn -0.009891 0.999729 0.021088
vn -0.999908 -0.012600 0.005059
vn -0.999908 -0.012600 0.005059
vn 0.009489 -0.999745 -0.020476
vn 0.009489 -0.999745 -0.020476
vn 0.009489 -0.999745 -0.020476
vn 0.009489 -0.999745 -0.020476
vn -0.009509 0.999745 0.020473
vn -0.009509 0.999745 0.020473
vn 0.005455 -0.020416 0.999777
vn 0.005455 -0.020416 0.999777
vn 0.005455 -0.020416 0.999777
vn -0.005480 0.020417 -0.999776
vn -0.005480 0.020417 -0.999776
vn -0.005480 0.020417 -0.999776
vn -0.999940 -0.009628 0.005300
vn -0.999940 -0.009628 0.005300
vn -0.999940 -0.009628 0.005300
vn -0.999939 -0.009678 0.005386
vn -0.999939 -0.009620 0.005356
vn -0.999939 -0.009622 0.005363
vn -0.999937 -0.009869 0.005332
vn -0.999940 -0.009574 0.005406
vn -0.999942 -0.009341 0.005352
vn -0.999939 -0.009645 0.005369
vn -0.999939 -0.009642 0.005377
vn -0.999940 -0.009641 0.005283
vn -0.999939 -0.009647 0.005299
vn -0.999940 -0.009628 0.005254
vn -0.999940 -0.009629 0.005254
vn -0.999940 -0.009631 0.005262
vn -0.999940 -0.009630 0.005260
vn -0.999940 -0.009610 0.005306
vn -0.999940 -0.009608 0.005299
vn -0.999940 -0.009601 0.005286
vn -0.999940 -0.009598 0.005286
vn -0.999940 -0.009615 0.005265
vn -0.999940 -0.009623 0.005257
vn -0.999940 -0.009639 0.005253
vn -0.999940 -0.009639 0.005253
vn -0.009521 0.999745 0.020474
vn -0.005771 0.868605 0.495472
vn -0.005771 0.868603 0.495475
vn -0.009521 0.999745 0.020477
vn -0.001692 0.607600 0.794242
vn -0.001692 0.607599 0.794242
vn 0.001640 0.341431 0.939905
vn 0.001640 0.341430 0.939906
vn 0.004291 0.096945 0.995281
vn 0.004291 0.096945 0.995281
vn 0.005448 -0.020413 0.999777
vn 0.005448 -0.020413 0.999777
vn -0.005453 0.020417 -0.999777
vn -0.006524 0.137495 -0.990481
vn -0.006524 0.137492 -0.990481
vn -0.005453 0.020417 -0.999777
vn -0.008510 0.379519 -0.925145
vn -0.010206 0.639514 -0.768712
vn -0.010206 0.639516 -0.768710
vn -0.010975 0.888105 -0.459509
vn -0.010975 0.888107 -0.459505
vn -0.001643 -0.341432 -0.939905
vn -0.004287 -0.096940 -0.995281
vn -0.004287 -0.096943 -0.995281
vn -0.001643 -0.341432 -0.939905
vn -0.005435 0.020420 -0.999777
vn -0.005435 0.020420 -0.999777
vn 0.005444 -0.020416 0.999777
vn 0.006525 -0.137495 0.990481
vn 0.006525 -0.137495 0.990481
vn 0.005444 -0.020416 0.999777
vn 0.008513 -0.379521 0.925144
vn 0.008513 -0.379520 0.925144
vn 0.010202 -0.639517 0.768709
vn 0.010202 -0.639518 0.768709
vn 0.010980 -0.888104 0.459511
vn 0.010980 -0.888104 0.459510
vn 0.009527 -0.999745 -0.020468
vn 0.009527 -0.999745 -0.020467
vn 0.005765 -0.868601 -0.495479
vn 0.005765 -0.868603 -0.495476
vn 0.001687 -0.607595 -0.794245
vn 0.001687 -0.607600 -0.794242
vn 0.999863 -0.005290 0.015697
vn 0.999863 -0.005290 0.015697
vn 0.999863 -0.005290 0.015697
vn -0.005317 -0.999696 0.024067
vn -0.005317 -0.999696 0.024067
vn 0.005305 0.999696 -0.024068
vn 0.005305 0.999696 -0.024068
vn 0.005305 0.999696 -0.024068
vn 0.010700 0.024841 0.999634
vn 0.010700 0.024841 0.999634
vn 0.010700 0.024841 0.999634
vn 0.010700 0.024841 0.999634
vn 0.001539 -0.024132 -0.999708
vn 0.001539 -0.024132 -0.999708
vn 0.001539 -0.024132 -0.999708
vn 0.999906 0.004180 0.013034
vn 0.999906 0.004179 0.013033
vn 0.999906 0.004180 0.013034
vn 0.999906 0.004178 0.013031
vn 0.999906 0.004182 0.013030
vn 0.999906 0.004182 0.013030
vn 0.999906 0.004184 0.013030
vn 0.999906 0.004184 0.013030
vn 0.999906 0.004245 0.013028
vn 0.003539 -0.999820 0.018657
vn 0.003539 -0.999820 0.018657
vn 0.003539 -0.999820 0.018657
vn -0.003557 0.999804 -0.019495
vn -0.003557 0.999804 -0.019495
vn -0.003557 0.999804 -0.019495
vn 0.999912 0.001214 0.013221
vn 0.999912 0.001214 0.013221
vn 0.003921 -0.999814 0.018906
vn 0.003921 -0.999814 0.018906
vn -0.003923 0.999815 -0.018847
vn -0.003923 0.999815 -0.018847
vn 0.013101 -0.018828 -0.999737
vn 0.013101 -0.018828 -0.999737
vn 0.013101 -0.018828 -0.999737
vn 0.013101 -0.018828 -0.999737
vn -0.013126 0.018828 0.999737
vn -0.013126 0.018828 0.999737
vn -0.013126 0.018828 0.999737
vn 0.999907 0.004182 0.012992
vn 0.999907 0.004182 0.012992
vn 0.999907 0.004182 0.012992
vn 0.999909 0.004121 0.012882
vn 0.999908 0.004187 0.012914
vn 0.999908 0.004186 0.012906
vn 0.999909 0.003893 0.012943
vn 0.999908 0.004237 0.012875
vn 0.999906 0.004471 0.012930
vn 0.999908 0.004168 0.012912
vn 0.999908 0.004170 0.012904
vn 0.999907 0.004171 0.012997
vn 0.999907 0.004166 0.012983
vn 0.999906 0.004182 0.013028
vn 0.999906 0.004181 0.013026
vn 0.999907 0.004173 0.013021
vn 0.999906 0.004175 0.013023
vn 0.999907 0.004201 0.012967
vn 0.999907 0.004205 0.012974
vn 0.999907 0.004210 0.012992
vn 0.999907 0.004209 0.012995
vn 0.999906 0.004186 0.013021
vn 0.999906 0.004177 0.013030
vn 0.999906 0.004161 0.013033
vn 0.999906 0.004161 0.013033
vn -0.003922 0.999814 -0.018887
vn 0.002819 0.869425 -0.494057
vn 0.002819 0.869424 -0.494058
vn -0.003922 0.999814 -0.018889
vn 0.007801 0.608886 -0.793220
vn 0.007801 0.608885 -0.793220
vn 0.010816 0.342939 -0.939295
vn 0.010816 0.342937 -0.939296
vn 0.012554 0.098529 -0.995055
vn 0.012554 0.098531 -0.995055
vn 0.013091 -0.018824 -0.999737
vn -0.013108 0.018828 0.999737
vn -0.013482 0.135923 0.990628
vn -0.013482 0.135923 0.990628
vn -0.013645 0.378059 0.925681
vn -0.013645 0.378061 0.925680
vn -0.012687 0.638315 0.769670
vn -0.012687 0.638316 0.769670
vn -0.009702 0.887408 0.460882
vn -0.009702 0.887411 0.460877
vn -0.010801 -0.342938 0.939296
vn -0.012559 -0.098528 0.995055
vn -0.012559 -0.098526 0.995055
vn -0.010801 -0.342938 0.939296
vn -0.013115 0.018831 0.999737
vn -0.013115 0.018831 0.999737
vn 0.013131 -0.018827 -0.999737
vn 0.013498 -0.135926 -0.990627
vn 0.013498 -0.135924 -0.990627
vn 0.013131 -0.018827 -0.999737
vn 0.013652 -0.378064 -0.925679
vn 0.013652 -0.378064 -0.925679
vn 0.012700 -0.638318 -0.769668
vn 0.012700 -0.638320 -0.769666
vn 0.009716 -0.887405 -0.460887
vn 0.009716 -0.887408 -0.460883
vn 0.003934 -0.999814 0.018880
vn 0.003934 -0.999814 0.018880
vn -0.002800 -0.869419 0.494068
vn -0.002800 -0.869422 0.494062
vn -0.007783 -0.608880 0.793224
vn -0.007783 -0.608882 0.793222
vn -0.999819 -0.011208 -0.015365
vn -0.999819 -0.011208 -0.015365
vn -0.999819 -0.011208 -0.015365
vn 0.010749 -0.999921 0.006480
vn 0.010749 -0.999921 0.006480
vn 0.010749 -0.999921 0.006480
vn -0.010751 0.999921 -0.006480
vn -0.010751 0.999921 -0.006480
vn -0.010751 0.999921 -0.006480
vn -0.010839 -0.005766 -0.999925
vn -0.010839 -0.005766 -0.999925
vn -0.001401 0.006408 0.999978
vn -0.001401 0.006408 0.999978
vn -0.001401 0.006408 0.999978
vn -0.999914 -0.001659 -0.012992
vn -0.999914 -0.001661 -0.012991
vn -0.999914 -0.001661 -0.012991
vn -0.999914 -0.001661 -0.012989
vn -0.999914 -0.001658 -0.012988
vn -0.999914 -0.001658 -0.012988
vn -0.999914 -0.001655 -0.012988
vn -0.999914 -0.001655 -0.012988
vn -0.999914 -0.001600 -0.012988
vn 0.001899 -0.999927 0.011894
vn 0.001899 -0.999927 0.011894
vn 0.001899 -0.999927 0.011894
vn -0.001896 0.999937 -0.011056
vn -0.001896 0.999937 -0.011056
vn -0.001896 0.999937 -0.011056
vn -0.001896 0.999937 -0.011056
vn -0.999904 -0.004642 -0.013088
vn -0.999904 -0.004642 -0.013088
vn -0.999904 -0.004642 -0.013088
vn -0.999904 -0.004642 -0.013088
vn 0.001513 -0.999931 0.011634
vn 0.001513 -0.999931 0.011634
vn -0.001512 0.999931 -0.011680
vn -0.001512 0.999931 -0.011680
vn -0.001512 0.999931 -0.011680
vn -0.001512 0.999931 -0.011680
vn -0.013011 0.011648 0.999847
vn -0.013011 0.011648 0.999847
vn -0.013011 0.011648 0.999847
vn 0.013010 -0.011648 -0.999847
vn 0.013010 -0.011648 -0.999847
vn -0.999915 -0.001656 -0.012950
vn -0.999915 -0.001656 -0.012950
vn -0.999915 -0.001656 -0.012950
vn -0.999916 -0.001705 -0.012856
vn -0.999916 -0.001650 -0.012883
vn -0.999916 -0.001651 -0.012877
vn -0.999915 -0.001898 -0.012904
vn -0.999916 -0.001599 -0.012841
vn -0.999916 -0.001367 -0.012901
vn -0.999916 -0.001667 -0.012880
vn -0.999916 -0.001665 -0.012871
vn -0.999915 -0.001664 -0.012966
vn -0.999915 -0.001668 -0.012951
vn -0.999914 -0.001656 -0.012990
vn -0.999914 -0.001656 -0.012991
vn -0.999914 -0.001666 -0.012979
vn -0.999914 -0.001664 -0.012982
vn -0.999915 -0.001642 -0.012934
vn -0.999915 -0.001641 -0.012944
vn -0.999915 -0.001637 -0.012962
vn -0.999915 -0.001636 -0.012963
vn -0.999914 -0.001656 -0.012983
vn -0.999914 -0.001664 -0.012990
vn -0.999914 -0.001678 -0.012990
vn -0.999914 -0.001678 -0.012990
vn -0.001507 0.999931 -0.011664
vn -0.007546 0.884083 0.467268
vn -0.007546 0.884081 0.467272
vn -0.001507 0.999931 -0.011663
vn -0.011122 0.632781 0.774251
vn -0.011122 0.632779 0.774253
vn -0.012686 0.371407 0.928384
vn -0.012686 0.371406 0.928384
vn -0.013100 0.128809 0.991583
vn -0.013100 0.128810 0.991583
vn -0.013012 0.011653 0.999847
vn -0.013012 0.011653 0.999847
vn 0.013019 -0.011648 -0.999847
vn 0.012749 0.105670 -0.994320
vn 0.012749 0.105670 -0.994320
vn 0.013019 -0.011648 -0.999847
vn 0.011586 0.349673 -0.936800
vn 0.011586 0.349675 -0.936800
vn 0.009220 0.614566 -0.788812
vn 0.009220 0.614567 -0.788811
vn 0.004888 0.872955 -0.487776
vn 0.004888 0.872957 -0.487773
vn 0.012681 -0.371407 -0.928384
vn 0.013104 -0.128807 -0.991583
vn 0.013104 -0.128808 -0.991583
vn 0.012681 -0.371407 -0.928384
vn 0.013020 -0.011646 -0.999847
vn 0.013020 -0.011646 -0.999847
vn -0.012999 0.011649 0.999848
vn -0.012736 -0.105671 0.994320
vn -0.012736 -0.105672 0.994319
vn -0.012999 0.011649 0.999848
vn -0.011589 -0.349680 0.936797
vn -0.011589 -0.349679 0.936798
vn -0.009221 -0.614569 0.788809
vn -0.009221 -0.614571 0.788808
vn -0.004873 -0.872952 0.487782
vn -0.004873 -0.872954 0.487778
vn 0.001521 -0.999931 0.011671
vn 0.001521 -0.999931 0.011669
vn 0.007545 -0.884078 -0.467279
vn 0.007545 -0.884079 -0.467276
vn 0.011112 -0.632774 -0.774256
vn 0.011112 -0.632777 -0.774254
vn 0.999863 -0.005782 0.015522
vn 0.999863 -0.005782 0.015522
vn 0.999863 -0.005782 0.015522
vn 0.999863 -0.005782 0.015522
vn -0.005310 -0.999958 -0.007474
vn -0.005310 -0.999958 -0.007474
vn -0.005310 -0.999958 -0.007474
vn -0.005310 -0.999958 -0.007474
vn 0.005309 0.999958 0.007474
vn 0.005309 0.999958 0.007474
vn 0.005309 0.999958 0.007474
vn 0.010704 -0.006696 0.999920
vn 0.010704 -0.006696 0.999920
vn 0.010704 -0.006696 0.999920
vn 0.001533 0.007411 -0.999971
vn 0.001533 0.007411 -0.999971
vn 0.001533 0.007411 -0.999971
vn 0.999906 0.003767 0.013159
vn 0.999906 0.003765 0.013158
vn 0.999906 0.003765 0.013158
vn 0.999906 0.003765 0.013156
vn 0.999906 0.003765 0.013156
vn 0.999906 0.003769 0.013155
vn 0.999906 0.003772 0.013155
vn 0.999906 0.003772 0.013155
vn 0.999906 0.003830 0.013155
vn 0.003547 -0.999911 -0.012887
vn 0.003547 -0.999911 -0.012887
vn 0.003547 -0.999911 -0.012887
vn 0.003547 -0.999911 -0.012887
vn -0.003531 0.999921 0.012048
vn -0.003531 0.999921 0.012048
vn -0.003531 0.999921 0.012048
vn 0.999912 0.000800 0.013253
vn 0.999912 0.000800 0.013253
vn 0.999912 0.000800 0.013253
vn 0.999912 0.000800 0.013253
vn 0.003927 -0.999912 -0.012647
vn 0.003927 -0.999912 -0.012647
vn -0.003940 0.999912 0.012661
vn -0.003940 0.999912 0.012661
vn 0.013113 0.012712 -0.999833
vn 0.013113 0.012712 -0.999833
vn 0.013113 0.012712 -0.999833
vn 0.013113 0.012712 -0.999833
vn -0.013121 -0.012712 0.999833
vn -0.013121 -0.012712 0.999833
vn -0.013121 -0.012712 0.999833
vn -0.013121 -0.012712 0.999833
vn 0.999907 0.003770 0.013134
vn 0.999907 0.003770 0.013134
vn 0.999907 0.003770 0.013134
vn 0.999908 0.003724 0.013029
vn 0.999908 0.003776 0.013057
vn 0.999908 0.003776 0.013051
vn 0.999908 0.003538 0.013075
vn 0.999908 0.003821 0.013009
vn 0.999906 0.004024 0.013069
vn 0.999908 0.003759 0.013042
vn 0.999908 0.003761 0.013034
vn 0.999907 0.003762 0.013130
vn 0.999907 0.003757 0.013113
vn 0.999906 0.003774 0.013159
vn 0.999906 0.003773 0.013159
vn 0.999906 0.003764 0.013147
vn 0.999906 0.003767 0.013150
vn 0.999907 0.003787 0.013102
vn 0.999907 0.003790 0.013108
vn 0.999907 0.003796 0.013121
vn 0.999907 0.003796 0.013123
vn 0.999906 0.003776 0.013147
vn 0.999906 0.003768 0.013155
vn 0.999906 0.003753 0.013158
vn 0.999906 0.003753 0.013158
vn -0.003936 0.999912 0.012657
vn 0.002813 0.884575 -0.466390
vn 0.002813 0.884574 -0.466391
vn -0.003936 0.999912 0.012655
vn 0.007804 0.633601 -0.773621
vn 0.007804 0.633599 -0.773622
vn 0.010814 0.372392 -0.928012
vn 0.010814 0.372391 -0.928013
vn 0.012560 0.129863 -0.991452
vn 0.012560 0.129865 -0.991452
vn 0.013112 0.012716 -0.999833
vn 0.013112 0.012716 -0.999833
vn -0.013112 -0.012712 0.999833
vn -0.013480 0.104611 0.994422
vn -0.013480 0.104612 0.994422
vn -0.013639 0.348675 0.937145
vn -0.013639 0.348676 0.937144
vn -0.012694 0.613723 0.789419
vn -0.012694 0.613724 0.789419
vn -0.009720 0.872431 0.488641
vn -0.009720 0.872433 0.488638
vn -0.010813 -0.372391 0.928013
vn -0.012568 -0.129860 0.991453
vn -0.012568 -0.129862 0.991452
vn -0.010813 -0.372393 0.928012
vn -0.013122 -0.012708 0.999833
vn 0.013105 0.012714 -0.999833
vn 0.013480 -0.104613 -0.994422
vn 0.013480 -0.104613 -0.994422
vn 0.013105 0.012714 -0.999833
vn 0.013650 -0.348682 -0.937142
vn 0.013650 -0.348681 -0.937142
vn 0.012697 -0.613726 -0.789417
vn 0.012697 -0.613728 -0.789415
vn 0.009704 -0.872427 -0.488647
vn 0.009704 -0.872429 -0.488644
vn 0.003925 -0.999912 -0.012662
vn 0.003925 -0.999912 -0.012662
vn -0.002805 -0.884570 0.466399
vn -0.002805 -0.884570 0.466398
vn -0.007793 -0.633594 0.773626
vn -0.007793 -0.633597 0.773624
vn 0.000000 -0.111414 0.993774
vn 0.000000 -1.000000 0.000000
vn 0.000000 -0.111414 -0.993774
vn 0.000000 0.770071 0.637958
vn 0.000000 0.770071 -0.637958
vn 0.000000 0.035181 0.999381
vn 0.000000 0.035181 0.999381
vn -0.000000 0.015218 0.999884
vn -0.000000 0.015218 0.999884
vn 0.000000 0.035181 0.999381
vn 0.000000 0.015217 0.999884
vn 0.000000 0.035181 0.999381
vn 0.000000 0.015218 0.999884
vn 0.000000 0.015218 0.999884
vn -0.000000 -0.034038 0.999421
vn -0.000001 -0.034038 0.999421
vn -0.000000 -0.034038 0.999421
vn 0.000000 -0.034038 0.999421
vn 0.000001 -0.034038 0.999421
vn -0.000000 -0.102912 0.994690
vn -0.000000 -0.102912 0.994690
vn 0.000000 -0.102912 0.994690
vn 0.000000 -0.102912 0.994690
vn 0.000000 -0.102912 0.994690
vn -0.000000 -0.188537 0.982066
vn -0.000000 -0.188537 0.982066
vn 0.000000 -0.188537 0.982066
vn 0.000000 -0.188537 0.982066
vn 0.000000 -0.188537 0.982066
vn -0.000000 -0.275596 0.961274
vn -0.000001 -0.275596 0.961274
vn 0.000000 -0.275596 0.961274
vn 0.000000 -0.275596 0.961274
vn -0.000000 -0.275596 0.961274
vn -0.000000 -0.316314 0.948655
vn -0.000001 -0.316313 0.948655
vn 0.000000 -0.316314 0.948654
vn -0.000000 -0.316314 0.948654
vn -0.000000 -0.316314 0.948654
vn 1.000000 0.000000 0.000000
vn 1.000000 0.000001 0.000000
vn 1.000000 0.000000 -0.000000
vn 1.000000 -0.000000 -0.000000
vn 1.000000 0.000001 -0.000000
vn 1.000000 0.000000 0.000000
vn 1.000000 -0.000001 -0.000000
vn 1.000000 -0.000000 -0.000000
vn 1.000000 -0.000001 0.000000
vn 1.000000 -0.000000 0.000000
vn 1.000000 0.000000 0.000000
vn 1.000000 -0.000000 0.000000
vn 1.000000 0.000001 0.000000
vn 1.000000 0.000001 -0.000000
vn 1.000000 0.000001 0.000001
vn 1.000000 0.000001 0.000000
vn 1.000000 0.000000 -0.000000
vn 1.000000 0.000001 0.000000
vn 1.000000 -0.000000 -0.000000
vn 1.000000 -0.000000 -0.000000
vn 1.000000 0.000000 0.000000
vn 0.000000 0.035182 -0.999381
vn -0.000000 0.035182 -0.999381
vn -0.000000 0.015217 -0.999884
vn 0.000000 0.015217 -0.999884
vn -0.000001 0.035182 -0.999381
vn -0.000000 0.015217 -0.999884
vn 0.000000 0.035182 -0.999381
vn 0.000000 0.015217 -0.999884
vn 0.000001 0.035182 -0.999381
vn 0.000000 0.015217 -0.999884
vn -0.000000 -0.034040 -0.999420
vn 0.000001 -0.034040 -0.999420
vn -0.000000 -0.034040 -0.999420
vn -0.000000 -0.034039 -0.999420
vn -0.000000 -0.034039 -0.999420
vn -0.000001 -0.102911 -0.994691
vn 0.000001 -0.102912 -0.994690
vn -0.000001 -0.102911 -0.994691
vn 0.000000 -0.102911 -0.994691
vn -0.000000 -0.102912 -0.994690
vn -0.000001 -0.188536 -0.982066
vn 0.000001 -0.188536 -0.982066
vn -0.000000 -0.188536 -0.982066
vn 0.000000 -0.188537 -0.982066
vn -0.000000 -0.188537 -0.982066
vn -0.000000 -0.275595 -0.961274
vn 0.000000 -0.275595 -0.961274
vn 0.000000 -0.275595 -0.961274
vn 0.000001 -0.275595 -0.961274
vn 0.000000 -0.275595 -0.961274
vn -0.000000 -0.316312 -0.948655
vn -0.000000 -0.316312 -0.948655
vn -0.000000 -0.316312 -0.948655
vn 0.000001 -0.316311 -0.948655
vn 0.000001 -0.316311 -0.948655
vn -1.000000 0.000000 0.000000
vn -1.000000 0.000000 0.000000
vn -1.000000 0.000000 0.000000
vn -1.000000 0.000000 0.000000
vn -1.000000 0.000000 0.000000
vn -1.000000 0.000000 0.000000
vn -1.000000 0.000000 0.000000
vn -1.000000 -0.000000 0.000000
vn -1.000000 -0.000000 0.000000
vn -1.000000 -0.000000 0.000000
vn -1.000000 0.000000 0.000000
vn -1.000000 0.000000 0.000000
vn -1.000000 0.000000 0.000000
vn -1.000000 0.000000 0.000000
vn -1.000000 -0.000000 0.000000
vn -1.000000 0.000000 0.000000
vn -1.000000 0.000000 0.000000
vn -1.000000 -0.000000 -0.000000
vn -1.000000 0.000000 0.000000
vn 0.000000 0.540899 0.841088
vn 0.000001 0.540899 0.841088
vn 0.000002 0.676182 0.736735
vn 0.000001 0.676181 0.736735
vn -0.000000 0.540898 0.841088
vn 0.000000 0.676181 0.736735
vn -0.000000 0.540899 0.841088
vn -0.000001 0.676181 0.736735
vn -0.000001 0.540898 0.841088
vn -0.000002 0.676181 0.736736
vn 1.000000 -0.000000 -0.000000
vn 1.000000 -0.000001 -0.000001
vn 1.000000 -0.000001 -0.000001
vn 1.000000 -0.000001 -0.000001
vn 1.000000 -0.000000 0.000000
vn 1.000000 -0.000000 0.000000
vn -0.000001 0.540899 -0.841088
vn -0.000001 0.540898 -0.841088
vn -0.000001 0.676182 -0.736735
vn -0.000000 0.676181 -0.736735
vn -0.000001 0.540899 -0.841088
vn -0.000002 0.676181 -0.736735
vn 0.000000 0.540899 -0.841088
vn 0.000001 0.676182 -0.736735
vn 0.000002 0.540898 -0.841088
vn 0.000004 0.676181 -0.736735
vn -1.000000 0.000000 0.000000
vn -1.000000 0.000000 -0.000000
vn -1.000000 0.000000 0.000000
vn -1.000000 0.000000 0.000000
vn -0.000000 0.441073 0.897471
vn -0.000001 0.441073 0.897471
vn -0.000000 0.465577 0.885007
vn -0.000000 0.465577 0.885007
vn 0.000002 0.741910 0.670500
vn 0.000001 0.741910 0.670500
vn 0.000001 0.441073 0.897471
vn 0.000000 0.465577 0.885007
vn 0.000000 0.741910 0.670500
vn -0.000000 0.441074 0.897471
vn -0.000000 0.465578 0.885007
vn -0.000001 0.741910 0.670500
vn -0.000002 0.441074 0.897471
vn -0.000001 0.465578 0.885007
vn -0.000002 0.741909 0.670500
vn -0.000001 0.441074 -0.897471
vn -0.000003 0.441074 -0.897471
vn -0.000002 0.465577 -0.885007
vn -0.000001 0.465578 -0.885007
vn -0.000001 0.741910 -0.670500
vn -0.000000 0.741910 -0.670500
vn 0.000000 0.441074 -0.897471
vn -0.000000 0.465578 -0.885007
vn -0.000002 0.741910 -0.670500
vn 0.000001 0.441074 -0.897471
vn 0.000001 0.465577 -0.885007
vn 0.000001 0.741910 -0.670500
vn 0.000001 0.441074 -0.897471
vn 0.000001 0.465577 -0.885007
vn 0.000005 0.741910 -0.670500
vn 0.000000 1.000000 0.000000
vn 0.000000 1.000000 -0.000001
vn 0.000000 1.000000 -0.000000
vn 0.000000 1.000000 -0.000001
vn 0.000000 1.000000 -0.000000
vn 0.000000 1.000000 -0.000000
vn 0.000000 1.000000 -0.000000
vn 0.000000 1.000000 -0.000000
vn 0.000000 1.000000 0.000000
vn 0.000000 1.000000 0.000000
vn 0.000000 1.000000 -0.000000
vn 0.000000 1.000000 -0.000000
vn 0.000000 1.000000 0.000000
vn 0.000000 1.000000 0.000000
vn -0.000001 0.000000 1.000000
vn -0.000000 0.000000 1.000000
vn -0.000000 0.000000 1.000000
vn -0.000001 0.000000 1.000000
vn 0.000000 0.000000 1.000000
vn 0.000000 0.000000 1.000000
vn 0.000001 0.000000 1.000000
vn 0.000001 0.000000 1.000000
vn -0.000000 0.000000 1.000000
vn -0.000001 0.000000 1.000000
vn 0.000000 0.000000 1.000000
vn 0.000001 0.000000 1.000000
vn 1.000000 0.000000 0.000000
vn 1.000000 0.000000 -0.000000
vn 1.000000 0.000000 -0.000000
vn 1.000000 0.000000 -0.000001
vn 1.000000 0.000000 -0.000000
vn 1.000000 0.000000 -0.000001
vn 1.000000 0.000000 -0.000000
vn 1.000000 0.000000 -0.000000
vn 0.000000 0.000000 -1.000000
vn -1.000000 0.000000 -0.000001
vn -1.000000 0.000000 -0.000000
vn -1.000000 0.000000 -0.000000
vn -1.000000 0.000000 -0.000000
vn -1.000000 0.000000 -0.000001
vn -1.000000 0.000000 -0.000000
vn -1.000000 0.000000 -0.000000
vn 0.000000 0.000000 1.000000
vn 1.000000 0.000000 0.000000
vn -1.000000 0.000000 -0.000000
vn -1.000000 0.000000 0.000000
vn -1.000000 -0.000000 0.000000
vn -1.000000 0.000000 0.000001
vn -1.000000 0.000000 0.000001
vn -1.000000 0.000000 0.000001
vn -1.000000 -0.000002 0.000001
vn -1.000000 -0.000002 0.000001
vn -1.000000 0.000000 0.000001
vn -1.000000 0.000000 0.000000
vn -1.000000 0.000001 0.000000
vn -1.000000 -0.000000 -0.000000
vn -1.000000 0.000000 -0.000001
vn -1.000000 0.000001 -0.000001
vn -1.000000 0.000000 -0.000001
vn -1.000000 0.000000 -0.000001
vn -1.000000 -0.000002 -0.000001
vn -1.000000 -0.000002 -0.000001
vn -1.000000 0.000000 -0.000000
vn 0.000000 0.000000 -1.000000
vn 0.000000 0.000000 -1.000000
vn 0.000000 0.000000 -1.000000
vn 0.000000 -0.000000 1.000000
vn 0.000000 -0.000000 1.000000
vn 0.000000 -0.000000 1.000000
vn -0.995282 0.097025 -0.000000
vn -0.995037 0.091671 -0.038692
vn -0.994998 0.090748 -0.041768
vn -0.995282 0.097025 0.000000
vn -0.994394 0.075727 -0.073795
vn -0.994301 0.073081 -0.077619
vn -0.993622 0.050153 -0.100997
vn -0.993549 0.047008 -0.103199
vn -0.993094 0.017584 -0.115996
vn -0.993083 0.016162 -0.116300
vn -0.993095 -0.017589 -0.115989
vn -0.993083 -0.016160 -0.116295
vn -0.993624 -0.050150 -0.100978
vn -0.993551 -0.047000 -0.103185
vn -0.994397 -0.075707 -0.073776
vn -0.994304 -0.073060 -0.077602
vn -0.995040 -0.091642 -0.038680
vn -0.995001 -0.090719 -0.041758
vn -0.995285 -0.096995 -0.000000
vn -0.995285 -0.096995 0.000000
vn -0.995040 -0.091645 0.038680
vn -0.995000 -0.090722 0.041758
vn -0.994397 -0.075710 0.073778
vn -0.994303 -0.073062 0.077606
vn -0.993623 -0.050148 0.100985
vn -0.993550 -0.046998 0.103192
vn -0.993094 -0.017588 0.115995
vn -0.993083 -0.016158 0.116301
vn -0.993093 0.017587 0.116002
vn -0.993082 0.016164 0.116306
vn -0.993621 0.050159 0.101002
vn -0.993548 0.047013 0.103205
vn -0.994394 0.075725 0.073796
vn -0.994301 0.073080 0.077621
vn -0.995038 0.091668 0.038692
vn -0.994998 0.090744 0.041768
vn 0.994386 0.075777 -0.073853
vn 0.995030 0.091734 -0.038720
vn 0.994991 0.090809 -0.041799
vn 0.994293 0.073131 -0.077679
vn 0.995275 0.097095 -0.000000
vn 0.995275 0.097095 0.000000
vn 0.995031 0.091729 0.038720
vn 0.994991 0.090805 0.041799
vn 0.994386 0.075777 0.073853
vn 0.994292 0.073131 0.077682
vn 0.993611 0.050196 0.101081
vn 0.993538 0.047047 0.103286
vn 0.993082 0.017600 0.116092
vn 0.993071 0.016176 0.116397
vn 0.993083 -0.017602 0.116086
vn 0.993072 -0.016172 0.116392
vn 0.993613 -0.050191 0.101061
vn 0.993541 -0.047038 0.103270
vn 0.994389 -0.075767 0.073830
vn 0.994295 -0.073118 0.077661
vn 0.995033 -0.091709 0.038707
vn 0.994993 -0.090785 0.041787
vn 0.995278 -0.097063 -0.000000
vn 0.995278 -0.097063 0.000000
vn 0.995034 -0.091706 -0.038707
vn 0.994994 -0.090782 -0.041786
vn 0.994389 -0.075758 -0.073828
vn 0.994296 -0.073109 -0.077658
vn 0.993614 -0.050184 -0.101054
vn 0.993541 -0.047032 -0.103263
vn 0.993084 -0.017601 -0.116079
vn 0.993072 -0.016171 -0.116385
vn 0.993083 0.017599 -0.116086
vn 0.993072 0.016176 -0.116391
vn 0.993612 0.050193 -0.101076
vn 0.993539 0.047046 -0.103280
vn 0.000000 1.000000 -0.000000
vn 0.000000 0.914130 0.405421
vn 0.000000 0.914130 0.405421
vn 0.000000 0.699202 0.714924
vn 0.000000 0.699202 0.714924
vn 0.000000 0.428171 0.903698
vn 0.000000 0.143211 0.989692
vn 0.000000 -0.143211 0.989692
vn 0.000000 -0.143211 0.989692
vn 0.000000 -0.428172 0.903697
vn 0.000000 -0.428172 0.903697
vn 0.000000 -0.699201 0.714925
vn 0.000000 -0.914126 0.405429
vn 0.000000 -1.000000 -0.000000
vn 0.000000 -0.914126 -0.405430
vn 0.000000 -0.699204 -0.714922
vn 0.000000 -0.428173 -0.903697
vn 0.000000 -0.428173 -0.903697
vn 0.000000 -0.143211 -0.989692
vn 0.000000 -0.143211 -0.989692
vn 0.000000 0.143212 -0.989692
vn 0.000000 0.428173 -0.903697
vn 0.000000 0.699204 -0.714922
vn 0.000000 0.699205 -0.714922
vn 0.000000 0.914130 -0.405422
vn 0.000000 0.914130 -0.405422
vn 0.000000 -0.914129 -0.405424
vn 0.000000 -0.699206 -0.714921
vn 0.000000 -0.143208 -0.989693
vn 0.000000 0.143208 -0.989693
vn 0.000000 0.143208 -0.989693
vn 0.000000 0.428172 -0.903697
vn 0.000000 0.428172 -0.903697
vn 0.000000 0.699204 -0.714922
vn 0.000000 0.699204 -0.714922
vn 0.000000 0.914126 -0.405429
vn 0.000000 1.000000 0.000000
vn 0.000000 0.914126 0.405431
vn 0.000000 0.699199 0.714927
vn 0.000000 0.699199 0.714927
vn 0.000000 0.428175 0.903696
vn 0.000000 0.428175 0.903696
vn 0.000000 0.143214 0.989692
vn 0.000000 0.143214 0.989692
vn 0.000000 -0.143213 0.989692
vn 0.000000 -0.428174 0.903696
vn 0.000000 -0.699204 0.714923
vn 0.000000 -0.914130 0.405422
vn 0.000000 -1.000000 0.000000
vn 0.015694 -0.120318 -0.992611
vn 0.015694 -0.120318 -0.992611
vn 0.015694 -0.120318 -0.992611
vn 0.023558 -0.992457 0.120311
vn 0.023558 -0.992457 0.120311
vn -0.023559 0.992457 -0.120306
vn -0.023559 0.992457 -0.120306
vn -0.023559 0.992457 -0.120306
vn -0.023559 0.992457 -0.120306
vn 0.999647 0.022940 -0.013431
vn 0.999647 0.022940 -0.013431
vn 0.999647 0.022940 -0.013431
vn 0.999647 0.022940 -0.013431
vn -0.999720 -0.023641 0.001198
vn -0.999720 -0.023641 0.001198
vn -0.999720 -0.023641 0.001198
vn 0.013036 -0.110912 -0.993745
vn 0.013035 -0.110914 -0.993744
vn 0.013035 -0.110914 -0.993744
vn 0.013036 -0.110912 -0.993745
vn 0.013034 -0.110916 -0.993744
vn 0.013034 -0.110916 -0.993744
vn 0.013032 -0.110910 -0.993745
vn 0.013032 -0.110906 -0.993746
vn 0.013032 -0.110906 -0.993746
vn 0.013030 -0.110854 -0.993751
vn 0.018147 -0.993594 0.111541
vn 0.018147 -0.993594 0.111541
vn -0.018985 0.993579 -0.111540
vn -0.018985 0.993579 -0.111540
vn -0.018985 0.993579 -0.111540
vn 0.013222 -0.113848 -0.993410
vn 0.013222 -0.113848 -0.993410
vn 0.018400 -0.993633 0.111154
vn 0.018400 -0.993633 0.111154
vn -0.018353 0.993635 -0.111141
vn -0.018353 0.993635 -0.111141
vn -0.018353 0.993635 -0.111141
vn -0.999746 -0.019705 -0.010913
vn -0.999746 -0.019705 -0.010913
vn -0.999746 -0.019705 -0.010913
vn -0.999746 -0.019705 -0.010913
vn 0.999746 0.019707 0.010920
vn 0.999746 0.019707 0.010920
vn 0.013008 -0.110910 -0.993745
vn 0.013008 -0.110910 -0.993745
vn 0.013008 -0.110910 -0.993745
vn 0.013008 -0.110910 -0.993745
vn 0.012899 -0.110967 -0.993740
vn 0.012916 -0.110904 -0.993747
vn 0.012911 -0.110906 -0.993747
vn 0.012955 -0.111175 -0.993716
vn 0.012900 -0.110860 -0.993752
vn 0.012948 -0.110635 -0.993777
vn 0.012942 -0.110923 -0.993745
vn 0.012934 -0.110921 -0.993745
vn 0.013018 -0.110915 -0.993745
vn 0.013008 -0.110920 -0.993744
vn 0.013044 -0.110898 -0.993746
vn 0.013042 -0.110901 -0.993746
vn 0.013034 -0.110908 -0.993745
vn 0.013038 -0.110904 -0.993746
vn 0.012964 -0.110893 -0.993748
vn 0.012975 -0.110891 -0.993748
vn 0.013005 -0.110894 -0.993747
vn 0.013010 -0.110897 -0.993747
vn 0.013033 -0.110918 -0.993744
vn 0.013038 -0.110924 -0.993743
vn 0.013038 -0.110928 -0.993743
vn 0.013038 -0.110928 -0.993743
vn -0.018379 0.993635 -0.111137
vn -0.493613 0.863577 -0.102865
vn -0.493616 0.863575 -0.102865
vn -0.018381 0.993635 -0.111137
vn -0.792908 0.604347 -0.077863
vn -0.792909 0.604345 -0.077862
vn -0.939121 0.339891 -0.050263
vn -0.939121 0.339890 -0.050263
vn -0.995005 0.096932 -0.023873
vn -0.995004 0.096934 -0.023873
vn -0.999746 -0.019701 -0.010914
vn -0.999746 -0.019701 -0.010914
vn 0.999746 0.019707 0.010921
vn 0.990697 0.136071 -0.002187
vn 0.990697 0.136069 -0.002187
vn 0.999746 0.019707 0.010921
vn 0.925874 0.376648 -0.029896
vn 0.925873 0.376649 -0.029896
vn 0.769996 0.635145 -0.060794
vn 0.769996 0.635146 -0.060795
vn 0.461335 0.882398 -0.092431
vn 0.461332 0.882400 -0.092431
vn 0.939122 -0.339890 0.050256
vn 0.995005 -0.096930 0.023878
vn 0.995005 -0.096931 0.023878
vn 0.939121 -0.339891 0.050257
vn 0.999746 0.019710 0.010925
vn -0.999746 -0.019704 -0.010909
vn -0.990697 -0.136071 0.002196
vn -0.990696 -0.136072 0.002196
vn -0.925872 -0.376653 0.029895
vn -0.925872 -0.376653 0.029895
vn -0.769994 -0.635148 0.060792
vn -0.769992 -0.635150 0.060793
vn -0.461340 -0.882394 0.092442
vn -0.461338 -0.882396 0.092442
vn 0.018370 -0.993634 0.111149
vn 0.018370 -0.993634 0.111149
vn 0.493624 -0.863571 0.102863
vn 0.493622 -0.863572 0.102863
vn 0.792915 -0.604338 0.077853
vn 0.792913 -0.604340 0.077853
vn -1.000000 0.000000 0.000000
vn -1.000000 0.000000 0.000000
vn -1.000000 0.000000 0.000000
vn -1.000000 0.000000 -0.000000
vn -1.000000 0.000000 0.000000
vn -1.000000 0.000000 -0.000000
vn -1.000000 0.000000 -0.000000
vn -1.000000 0.000001 -0.000000
vn -1.000000 -0.000000 0.000000
vn -1.000000 -0.000001 0.000000
vn -1.000000 -0.000000 0.000000
vn -1.000000 -0.000001 0.000000
vn 0.000000 -0.110764 0.993847
vn 0.000000 -0.110764 0.993847
vn 0.000000 -0.110891 -0.993833
vn 0.000000 -1.000000 -0.000854
vn 0.000000 0.770074 0.637955
vn 0.000000 0.770073 -0.637956
vn 0.000000 0.770073 -0.637956
vn 0.000000 0.110719 -0.993852
vn 0.000000 0.110719 -0.993852
vn 0.000000 1.000000 0.000912
vn 0.000000 0.110855 0.993837
vn 0.000000 0.110855 0.993837
vn 0.000007 -0.770074 -0.637954
vn 0.000007 -0.770074 -0.637954
vn 0.000007 -0.770074 -0.637954
vn -0.000001 -0.770074 0.637955
vn 0.000000 -0.002795 0.999996
vn 0.000000 0.006969 -0.999976
vn -1.000000 0.000001 0.000000
vn -1.000000 -0.000000 0.000000
vn -1.000000 0.000000 0.000000
vn -1.000000 0.000000 0.000000
vn 0.001560 0.778463 0.627689
vn 0.001560 0.778463 0.627689
vn 0.001560 0.778463 0.627689
vn 0.001553 0.775451 -0.631406
vn 0.001553 0.775451 -0.631406
vn 0.001808 0.767761 -0.640734
vn 0.001808 0.767761 -0.640734
vn 0.001721 -0.106226 -0.994340
vn 0.001721 -0.106226 -0.994340
vn -1.000000 0.000003 0.000000
vn -1.000000 0.000003 0.000000
vn -1.000000 -0.000004 0.000000
vn 0.000000 0.934609 -0.355676
vn 0.001814 -0.108564 0.994088
vn 0.001814 -0.108564 0.994088
vn 0.001814 -0.108564 0.994088
vn 0.001713 0.783424 0.621486
vn -1.000000 -0.000000 0.000000
vn -1.000000 -0.000000 0.000000
vn 0.000000 0.936152 0.351595
vn -1.000000 0.000001 0.000000
vn -1.000000 -0.000000 0.000000
vn 0.000000 -0.936546 0.350546
vn 0.000000 -0.935423 -0.353530
vn -1.000000 -0.000000 0.000000
vn -1.000000 -0.000000 0.000000
vn -1.000000 -0.000000 0.000000
vn 0.000000 -0.951324 0.308192
vn 0.000000 0.951419 -0.307900
vn 0.000000 0.307901 0.951418
vn 0.000000 -0.307900 -0.951419
vn -1.000000 -0.000009 0.000000
vn -1.000000 -0.000009 0.000000
vn -1.000000 -0.000009 0.000000
vn 0.003441 0.909198 -0.416350
vn 0.003108 0.698670 -0.715437
vn -0.045746 0.699172 -0.713489
vn -0.049821 0.908653 -0.414568
vn 0.002806 0.458188 -0.888851
vn -0.041801 0.458951 -0.887478
vn 0.002617 0.224656 -0.974434
vn -0.039232 0.225136 -0.973537
vn 0.002554 0.000000 -0.999997
vn -0.038366 0.000001 -0.999264
vn 0.002617 -0.224654 -0.974435
vn -0.039233 -0.225134 -0.973537
vn 0.002806 -0.458187 -0.888851
vn -0.041801 -0.458951 -0.887478
vn 0.003108 -0.698674 -0.715433
vn -0.045746 -0.699176 -0.713485
vn 0.003441 -0.909197 -0.416351
vn -0.049821 -0.908653 -0.414569
vn 0.003600 -0.999994 -0.000000
vn 0.003600 -0.999994 -0.000000
vn 0.003441 -0.909189 0.416370
vn -0.049820 -0.908645 0.414587
vn 0.003108 -0.698666 0.715441
vn -0.045744 -0.699167 0.713494
vn 0.002806 -0.458211 0.888839
vn -0.041799 -0.458974 0.887466
vn 0.002617 -0.224643 0.974438
vn -0.039231 -0.225124 0.973540
vn 0.002554 -0.000000 0.999997
vn -0.038365 0.000001 0.999264
vn 0.002617 0.224644 0.974437
vn -0.039232 0.225124 0.973540
vn 0.002806 0.458211 0.888839
vn -0.041800 0.458972 0.887467
vn 0.003108 0.698661 0.715446
vn -0.045745 0.699162 0.713498
vn 0.003441 0.909188 0.416371
vn -0.049821 0.908644 0.414588
vn 0.003600 0.999994 0.000000
vn 0.003600 0.999994 0.000000
vn -0.206612 0.679452 -0.704029
vn -0.229716 0.882957 -0.409411
vn -0.186089 0.446267 -0.875338
vn -0.173458 0.219031 -0.960176
vn -0.169324 0.000004 -0.985560
vn -0.173454 -0.219033 -0.960176
vn -0.186091 -0.446261 -0.875341
vn -0.206610 -0.679452 -0.704030
vn -0.229715 -0.882958 -0.409409
vn -0.520496 -0.853864 -0.000001
vn -0.520496 -0.853864 -0.000002
vn -0.229705 -0.882957 0.409417
vn -0.206601 -0.679438 0.704046
vn -0.186085 -0.446276 0.875334
vn -0.173454 -0.219023 0.960179
vn -0.169318 0.000004 0.985561
vn -0.173453 0.219018 0.960180
vn -0.186097 0.446261 0.875339
vn -0.206604 0.679442 0.704041
vn -0.229704 0.882957 0.409418
vn -0.520504 0.853859 -0.000000
vn -0.520504 0.853859 -0.000001
vn -0.089197 0.687000 -0.721162
vn -0.052478 0.899689 -0.433365
vn -0.112446 0.449385 -0.886233
vn -0.124844 0.220125 -0.967450
vn -0.128701 0.000000 -0.991683
vn -0.124846 -0.220129 -0.967449
vn -0.112448 -0.449379 -0.886236
vn -0.089197 -0.687004 -0.721158
vn -0.052478 -0.899694 -0.433355
vn -0.005366 -0.999706 -0.023636
vn 0.037087 -0.917070 0.396998
vn 0.061468 -0.707616 0.703918
vn 0.069850 -0.464730 0.882693
vn 0.070658 -0.227974 0.971100
vn 0.070181 0.000000 0.997534
vn 0.070660 0.227967 0.971102
vn 0.069843 0.464721 0.882698
vn 0.061469 0.707628 0.703907
vn 0.037086 0.917071 0.396995
vn -0.005366 0.999706 -0.023639
vn -0.373402 0.712608 -0.593937
vn -0.222031 0.902347 -0.369422
vn -0.201101 0.425510 -0.882326
vn -0.216967 0.208261 -0.953705
vn -0.221704 0.000001 -0.975114
vn -0.216968 -0.208267 -0.953703
vn -0.201105 -0.425509 -0.882326
vn -0.373401 -0.712613 -0.593932
vn -0.222031 -0.902351 -0.369412
vn -0.032227 -0.997389 -0.064631
vn 0.153585 -0.949899 0.272219
vn 0.283277 -0.773498 0.566970
vn 0.207457 -0.481056 0.851790
vn 0.233751 -0.236092 0.943197
vn 0.242239 0.000001 0.970217
vn 0.233756 0.236073 0.943201
vn 0.207457 0.481053 0.851792
vn 0.283263 0.773508 0.566964
vn 0.153586 0.949898 0.272222
vn -0.032225 0.997389 -0.064634
vn -0.608464 0.784664 -0.118636
vn -0.339380 0.940446 -0.019574
vn -0.714801 0.490476 -0.498491
vn -0.723976 0.469838 -0.505085
vn -0.794256 0.245741 -0.555670
vn -0.796521 0.234437 -0.557310
vn -0.819109 0.000000 -0.573638
vn -0.819109 0.000000 -0.573638
vn -0.794253 -0.245742 -0.555673
vn -0.796518 -0.234439 -0.557312
vn -0.714802 -0.490460 -0.498505
vn -0.723978 -0.469820 -0.505099
vn -0.608474 -0.784657 -0.118629
vn -0.339380 -0.940446 -0.019571
vn -0.027448 -0.996505 0.078895
vn 0.287303 -0.945594 0.152674
vn 0.569728 -0.800958 0.184057
vn 0.740605 -0.589460 0.322556
vn 0.795147 -0.581481 0.172110
vn 0.906213 -0.386007 0.172560
vn 0.939392 -0.306466 0.153693
vn 0.304999 0.005561 -0.952336
vn 0.305010 -0.000004 -0.952349
vn 0.305010 -0.000004 -0.952349
vn 0.304999 0.005561 -0.952336
vn 0.305011 -0.005568 -0.952332
vn 0.305011 -0.005568 -0.952332
vn 0.906153 0.385992 0.172905
vn 0.740537 0.589463 0.322705
vn 0.795133 0.581492 0.172135
vn 0.939386 0.306479 0.153705
vn 0.569728 0.800957 0.184059
vn 0.287305 0.945594 0.152673
vn -0.027448 0.996505 0.078894
vn -0.563251 0.819935 0.102252
vn -0.291203 0.950095 0.111889
vn -0.798392 0.582192 0.153697
vn -0.789903 0.606622 0.089789
vn -0.939465 0.306222 0.153734
vn -0.942818 0.323749 0.079255
vn -0.988111 0.000000 0.153743
vn -0.997174 -0.000000 0.075130
vn -0.939462 -0.306230 0.153733
vn -0.942813 -0.323763 0.079256
vn -0.798395 -0.582187 0.153699
vn -0.789907 -0.606617 0.089789
vn -0.563277 -0.819916 0.102254
vn -0.291204 -0.950095 0.111892
vn 0.001433 -0.993315 0.115426
vn 0.293749 -0.949325 0.111775
vn 0.565073 -0.818699 0.102103
vn 0.790816 -0.605447 0.089693
vn 0.943061 -0.323041 0.079252
vn 0.988196 -0.000000 0.153194
vn 0.997171 -0.000000 0.075168
vn 0.943056 0.323057 0.079251
vn 0.790822 0.605438 0.089698
vn 0.565078 0.818696 0.102098
vn 0.293750 0.949325 0.111774
vn 0.001433 0.993315 0.115429
vn -0.511961 0.859009 -0.000135
vn -0.257403 0.966205 0.013849
vn -0.748395 0.662973 -0.019272
vn -0.929039 0.368162 -0.036652
vn -0.999039 -0.000000 -0.043838
vn -0.929035 -0.368173 -0.036651
vn -0.748395 -0.662973 -0.019273
vn -0.511983 -0.858996 -0.000138
vn -0.257403 -0.966205 0.013848
vn 0.000363 -0.999821 0.018902
vn 0.257988 -0.966048 0.013883
vn 0.512304 -0.858804 -0.000071
vn 0.748466 -0.662896 -0.019189
vn 0.929029 -0.368194 -0.036578
vn 0.999041 -0.000000 -0.043773
vn 0.929024 0.368207 -0.036581
vn 0.748472 0.662889 -0.019189
vn 0.512301 0.858806 -0.000073
vn 0.257988 0.966048 0.013884
vn 0.000363 0.999821 0.018903
vn -0.488901 0.871663 -0.034338
vn -0.243245 0.969384 -0.033552
vn -0.727825 0.684841 -0.035550
vn -0.921146 0.387473 -0.036801
vn -0.999302 -0.000000 -0.037363
vn -0.921142 -0.387482 -0.036800
vn -0.727824 -0.684842 -0.035548
vn -0.488918 -0.871654 -0.034337
vn -0.243245 -0.969384 -0.033551
vn -0.000342 -0.999446 -0.033269
vn 0.242586 -0.969551 -0.033498
vn 0.488395 -0.871949 -0.034268
vn 0.727511 -0.685176 -0.035527
vn 0.921044 -0.387708 -0.036889
vn 0.999296 0.000000 -0.037522
vn 0.921040 0.387717 -0.036888
vn 0.727508 0.685179 -0.035527
vn 0.488395 0.871949 -0.034267
vn 0.242586 0.969551 -0.033498
vn -0.000342 0.999446 -0.033269
vn -0.511881 0.857397 -0.053372
vn -0.257920 0.963628 -0.069987
vn -0.748420 0.662507 -0.030846
vn -0.929650 0.368291 -0.010624
vn -0.999997 0.000000 -0.002329
vn -0.929646 -0.368302 -0.010623
vn -0.748423 -0.662504 -0.030845
vn -0.511902 -0.857385 -0.053371
vn -0.257920 -0.963628 -0.069987
vn -0.001143 -0.997107 -0.076002
vn 0.255872 -0.964175 -0.069965
vn 0.510480 -0.858235 -0.053326
vn 0.747759 -0.663255 -0.030797
vn 0.929500 -0.368670 -0.010601
vn 0.999997 0.000000 -0.002325
vn 0.929498 0.368675 -0.010601
vn 0.747759 0.663256 -0.030795
vn 0.510488 0.858230 -0.053327
vn 0.255872 0.964176 -0.069964
vn -0.001143 0.997107 -0.076002
vn -0.545974 0.832334 -0.095565
vn -0.280521 0.951451 -0.126688
vn -0.777355 0.626721 -0.054234
vn -0.941741 0.336059 -0.013713
vn -0.999946 0.000000 0.010399
vn -0.941738 -0.336068 -0.013714
vn -0.777358 -0.626715 -0.054241
vn -0.545992 -0.832321 -0.095572
vn -0.280521 -0.951450 -0.126693
vn -0.002710 -0.990406 -0.138164
vn 0.275744 -0.952809 -0.126966
vn 0.542834 -0.834344 -0.095927
vn 0.775976 -0.628406 -0.054472
vn 0.941484 -0.336775 -0.013769
vn 0.999947 -0.000000 0.010331
vn 0.941484 0.336776 -0.013770
vn 0.775981 0.628399 -0.054479
vn 0.542834 0.834344 -0.095930
vn 0.275744 0.952809 -0.126963
vn -0.002710 0.990406 -0.138161
vn -0.049328 0.326461 0.943923
vn -0.135381 0.359772 0.923166
vn -0.097750 0.224676 0.969518
vn -0.030477 0.195389 0.980252
vn -0.303256 0.422136 0.854305
vn -0.257660 0.283203 0.923801
vn -0.590013 0.474031 0.653589
vn -0.993188 0.000001 0.116519
vn -0.964614 0.238147 0.113160
vn -0.964608 -0.238164 0.113174
vn -0.590033 -0.474023 0.653578
vn -0.303273 -0.422133 0.854300
vn -0.257681 -0.283206 0.923794
vn -0.135385 -0.359771 0.923166
vn -0.097754 -0.224676 0.969518
vn -0.049328 -0.326461 0.943923
vn -0.030477 -0.195389 0.980252
vn 0.011323 -0.316206 0.948623
vn 0.011598 -0.186731 0.982343
vn 0.071810 -0.326104 0.942603
vn 0.053546 -0.195200 0.979301
vn 0.157151 -0.358787 0.920095
vn 0.120255 -0.224101 0.967118
vn 0.322219 -0.419679 0.848554
vn 0.277344 -0.281565 0.918587
vn 0.599858 -0.469714 0.647719
vn 0.993232 0.000000 0.116145
vn 0.964834 -0.237419 0.112817
vn 0.964828 0.237436 0.112831
vn 0.599794 0.469734 0.647763
vn 0.322275 0.419690 0.848527
vn 0.277356 0.281618 0.918567
vn 0.599794 0.469734 0.647763
vn 0.157160 0.358797 0.920090
vn 0.120275 0.224123 0.967110
vn 0.071808 0.326107 0.942602
vn 0.053543 0.195201 0.979301
vn 0.011323 0.316206 0.948623
vn 0.011598 0.186729 0.982343
vn 0.011569 0.000000 0.999933
vn 0.011569 0.000000 0.999933
vn 0.011721 0.000062 0.999931
vn 0.011721 0.000062 0.999931
vn 0.012920 0.000000 0.999916
vn 0.011563 0.000000 0.999933
vn 0.999999 0.001298 -0.001084
vn 0.999999 0.001298 -0.001084
vn 0.999999 0.001298 -0.001084
vn 0.999999 0.001298 -0.001084
vn -0.000001 -0.110105 -0.993920
vn -0.000001 -0.110105 -0.993920
vn -0.999999 0.001295 -0.001087
vn -0.999999 0.001295 -0.001087
vn 0.000003 0.567654 -0.823267
vn 0.000003 0.499878 -0.866096
vn 0.000003 0.499879 -0.866095
vn 0.000003 0.567654 -0.823267
vn 0.000001 0.286445 -0.958097
vn -0.000005 0.131345 -0.991337
vn 0.000001 0.286447 -0.958096
vn 0.861848 0.507165 -0.001392
vn 0.863940 0.503595 -0.000799
vn 0.864553 0.502542 -0.000624
vn 0.861848 0.507165 -0.001392
vn -0.863927 0.503616 -0.000800
vn -0.861821 0.507210 -0.001394
vn -0.861821 0.507210 -0.001394
vn -0.864544 0.502556 -0.000625
vn 0.866584 0.499031 -0.000001
vn 0.866472 0.499225 0.000000
vn 0.866472 0.499225 0.000000
vn 0.866569 0.499057 -0.000001
vn -0.866542 0.499104 -0.000002
vn -0.866626 0.498959 -0.000002
vn -0.866614 0.498979 -0.000002
vn 0.000000 0.009213 0.999958
vn 0.000000 0.009213 0.999958
vn 0.000000 0.103099 0.994671
vn 0.000000 0.103099 0.994671
vn 0.000001 -0.000471 1.000000
vn 0.000001 0.007650 0.999971
vn 0.000000 -0.045500 0.998964
vn 0.000000 -0.045500 0.998964
vn 0.000000 0.158452 0.987367
vn 0.000000 0.158452 0.987367
vn -0.999994 0.003342 0.000000
vn -0.999994 0.003341 0.000000
vn -0.999994 0.003341 0.000000
vn -0.999994 0.003345 0.000000
vn -0.999994 0.003345 0.000000
vn -0.999994 0.003346 0.000000
vn -0.999994 0.003346 0.000000
vn -0.999996 0.002704 0.000000
vn -0.999996 0.002901 0.000000
vn 0.999994 0.003345 0.000000
vn 0.999994 0.003345 0.000000
vn 0.999994 0.003344 0.000000
vn 0.999994 0.003344 0.000000
vn 0.999996 0.002902 0.000000
vn 0.999996 0.002705 -0.000000
vn 0.999994 0.003344 0.000000
vn 0.999994 0.003344 0.000000
vn 0.999994 0.003344 0.000000
vn 0.999994 0.003344 0.000000
vn 0.000005 0.121546 0.992586
vn 0.000001 0.252384 0.967627
vn 0.000001 0.251819 0.967774
vn -0.000001 0.361373 0.932421
vn -0.000001 0.362984 0.931795
vn 0.000003 0.282444 0.959284
vn 0.000003 0.283576 0.958950
vn -1.000000 0.000001 0.000000
vn 1.000000 0.000000 0.000000
vn 1.000000 -0.000001 -0.000002
vn 1.000000 -0.000000 -0.000001
vn 1.000000 -0.000000 0.000000
vn -1.000000 0.000002 -0.000000
vn -1.000000 0.000000 -0.000000
vn -1.000000 0.000001 0.000001
vn 0.000000 -0.910652 0.413174
vn 0.000000 -0.868726 0.495293
vn 0.000000 -0.910652 0.413174
vn 0.000000 -0.962633 0.270810
vn 0.000000 -0.962633 0.270810
vn 0.000000 -0.984969 0.172731
vn 0.000000 -0.984969 0.172731
vn -0.000000 -0.994920 0.100672
vn -0.000000 -0.994920 0.100672
vn -0.005545 0.999985 0.000000
vn -0.005545 0.999985 0.000000
vn 0.003263 0.999995 0.000000
vn 0.003263 0.999995 0.000000
vn 0.003263 0.999995 0.000000
vn -0.012166 0.112727 0.993552
vn -0.013553 0.264085 0.964404
vn -0.012961 0.364291 0.931195
vn -0.013197 0.160177 0.987000
vn 0.007687 0.115004 0.993335
vn 0.007707 0.163226 0.986559
vn 0.007465 0.364756 0.931073
vn 0.007639 0.265147 0.964178
vn -0.001722 0.063409 0.997986
vn -0.001688 0.063414 0.997986
vn 0.007171 0.471225 0.881984
vn 0.007173 0.471224 0.881984
vn -0.010014 0.469683 0.882778
vn -0.010014 0.469683 0.882778
vn -0.011045 0.469119 0.883066
vn -0.011727 0.468746 0.883255
vn 0.821474 0.570245 0.000000
vn 0.821621 0.570034 0.000000
vn 0.821621 0.570034 0.000000
vn 0.821443 0.570291 0.000000
vn 0.821568 0.570111 0.000000
vn 0.821592 0.570076 0.000000
vn 0.821946 0.569566 0.000000
vn 0.821946 0.569566 0.000000
vn 0.005545 -0.999985 0.000000
vn 0.005545 -0.999985 0.000000
vn -0.003263 -0.999995 0.000000
vn -0.003263 -0.999995 0.000000
vn -0.003263 -0.999995 0.000000
vn -0.003263 -0.999995 0.000000
vn -0.821599 0.570065 0.000000
vn -0.821550 0.570137 0.000000
vn -0.821545 0.570144 0.000000
vn -0.821601 0.570062 0.000000
vn -0.821474 0.570246 0.000000
vn -0.821474 0.570246 0.000000
vn -0.821591 0.570078 0.000000
vn -0.821591 0.570078 0.000000
vn -0.000001 0.526920 0.849915
vn 0.000001 0.526920 0.849915
vn 0.000001 0.577235 0.816578
vn -0.000000 0.577235 0.816578
vn -0.000000 0.526920 0.849915
vn -0.000001 0.577234 0.816578
vn 0.000000 0.526921 0.849915
vn 0.000000 0.577235 0.816578
vn -0.000000 0.526921 0.849914
vn -0.000001 0.577236 0.816577
vn -0.000001 0.526921 -0.849915
vn 0.000001 0.526921 -0.849914
vn 0.000000 0.577236 -0.816577
vn -0.000001 0.577236 -0.816578
vn -0.000002 0.526920 -0.849915
vn -0.000002 0.577235 -0.816578
vn 0.000001 0.526921 -0.849914
vn 0.000001 0.577236 -0.816578
vn 0.000003 0.526922 -0.849914
vn 0.000004 0.577236 -0.816578
vn 0.000000 0.315573 0.948901
vn 0.000001 0.315574 0.948901
vn 0.000001 0.305466 0.952203
vn 0.000000 0.305466 0.952203
vn -0.000000 0.392289 0.919842
vn 0.000001 0.392288 0.919842
vn 0.000000 0.400860 0.916139
vn -0.000001 0.400860 0.916139
vn 0.000001 0.762672 0.646785
vn 0.000000 0.762672 0.646785
vn 0.000000 0.713387 0.700770
vn 0.000001 0.713387 0.700770
vn -0.000000 0.315572 0.948902
vn -0.000000 0.305465 0.952203
vn -0.000000 0.392290 0.919842
vn -0.000000 0.400860 0.916139
vn -0.000000 0.762672 0.646786
vn -0.000001 0.713387 0.700771
vn 0.000000 0.315572 0.948902
vn -0.000000 0.305466 0.952203
vn -0.000000 0.392289 0.919842
vn 0.000000 0.400859 0.916140
vn -0.000000 0.762672 0.646786
vn -0.000000 0.713386 0.700771
vn 0.000000 0.315572 0.948901
vn -0.000000 0.305466 0.952203
vn -0.000001 0.392289 0.919842
vn -0.000000 0.400859 0.916140
vn -0.000000 0.762672 0.646786
vn 0.000000 0.713386 0.700771
vn -0.000001 0.315571 -0.948902
vn -0.000001 0.315571 -0.948902
vn -0.000002 0.305464 -0.952204
vn -0.000001 0.305464 -0.952204
vn -0.000000 0.392289 -0.919842
vn -0.000001 0.392288 -0.919842
vn 0.000000 0.400860 -0.916139
vn -0.000000 0.400860 -0.916139
vn -0.000000 0.762671 -0.646786
vn -0.000000 0.762671 -0.646786
vn -0.000001 0.713387 -0.700771
vn 0.000000 0.713386 -0.700771
vn 0.000000 0.315571 -0.948902
vn 0.000000 0.305464 -0.952204
vn -0.000000 0.392288 -0.919842
vn -0.000001 0.400859 -0.916140
vn -0.000001 0.762672 -0.646786
vn -0.000002 0.713387 -0.700770
vn 0.000000 0.315571 -0.948902
vn 0.000000 0.305464 -0.952204
vn 0.000000 0.392288 -0.919842
vn 0.000001 0.400858 -0.916140
vn 0.000001 0.762672 -0.646786
vn 0.000001 0.713387 -0.700770
vn -0.000000 0.315572 -0.948902
vn 0.000000 0.305465 -0.952203
vn 0.000002 0.392288 -0.919842
vn 0.000002 0.400859 -0.916140
vn 0.000002 0.762672 -0.646786
vn 0.000003 0.713387 -0.700770
vn -1.000000 0.000000 -0.000000
vn -1.000000 0.000000 -0.000000
vn 1.000000 0.000003 0.000005
vn 1.000000 0.000003 0.000005
vn 1.000000 0.000003 0.000005
vn 1.000000 0.000003 0.000005
vn 1.000000 0.000001 -0.000002
vn 1.000000 0.000001 -0.000002
vn -1.000000 -0.000000 0.000002
vn -1.000000 -0.000000 0.000002
vn -1.000000 -0.000000 0.000002
vn -1.000000 0.000000 0.000000
vn -1.000000 0.000000 0.000000
vn -1.000000 0.000000 0.000001
vn -1.000000 0.000000 0.000001
vn -1.000000 0.000000 0.000001
vn -1.000000 0.000000 0.000001
vn 1.000000 0.000000 -0.000002
vn 1.000000 0.000000 -0.000002
vn 1.000000 0.000000 -0.000002
vn 1.000000 -0.000001 -0.000007
vn 1.000000 -0.000001 -0.000007
vn 1.000000 -0.000001 -0.000007
vn 1.000000 -0.000001 -0.000007
vn 1.000000 -0.000001 -0.000000
vn 1.000000 -0.000001 -0.000000
vn 1.000000 -0.000001 -0.000000
vn 1.000000 0.000001 0.000002
vn 1.000000 0.000001 0.000002
vn 1.000000 0.000001 0.000002
vn 1.000000 0.000000 0.000001
vn 1.000000 0.000000 0.000001
vn 1.000000 0.000000 0.000001
vn 1.000000 -0.000000 0.000000
vn 1.000000 -0.000000 0.000000
vn -1.000000 -0.000001 0.000001
vn -1.000000 -0.000001 0.000001
vn -1.000000 -0.000001 0.000001
vn -1.000000 0.000000 -0.000001
vn -1.000000 0.000000 -0.000001
vn -1.000000 0.000002 -0.000003
vn 0.000000 -0.704345 -0.709858
vn 0.000000 -0.704345 -0.709857
vn 0.000000 -0.704345 -0.709857
vn 0.000000 -0.704345 -0.709858
vn 0.000000 -0.502193 -0.864755
vn 0.000000 -0.502194 -0.864755
vn 0.000000 -0.502193 -0.864755
vn 0.000000 -0.502193 -0.864755
vn 0.000000 -0.345116 -0.938560
vn 0.000000 -0.345116 -0.938560
vn 0.000000 -0.345116 -0.938560
vn -0.000000 -0.345115 0.938560
vn -0.000000 -0.345115 0.938560
vn -0.000000 -0.345115 0.938560
vn -0.000000 -0.345115 0.938560
vn -0.000000 -0.502195 0.864754
vn -0.000000 -0.502195 0.864754
vn -0.000000 -0.502195 0.864754
vn -0.000000 -0.704345 0.709857
vn -0.000000 -0.704345 0.709857
vn -0.000000 -0.704345 0.709857
vn -0.000001 0.458251 0.888823
vn 0.000000 0.458252 0.888822
vn 0.000002 0.647389 0.762160
vn 0.000000 0.647389 0.762160
vn -0.000000 0.458251 0.888823
vn -0.000001 0.647389 0.762160
vn 0.000000 0.458251 0.888823
vn -0.000000 0.647389 0.762160
vn -0.000000 0.458251 0.888823
vn -0.000000 0.647389 0.762160
vn -0.000000 0.458252 -0.888823
vn 0.000001 0.458251 -0.888823
vn -0.000000 0.647390 -0.762159
vn -0.000001 0.647390 -0.762159
vn -0.000001 0.458252 -0.888822
vn -0.000002 0.647390 -0.762159
vn 0.000001 0.458252 -0.888822
vn 0.000001 0.647390 -0.762159
vn 0.000003 0.458252 -0.888822
vn 0.000004 0.647390 -0.762159
vn 0.000001 0.343463 0.939166
vn 0.000001 0.343463 0.939166
vn 0.000001 0.345055 0.938582
vn 0.000000 0.345056 0.938582
vn 0.000000 0.784383 0.620277
vn 0.000000 0.784383 0.620277
vn -0.000001 0.343462 0.939166
vn -0.000000 0.345057 0.938582
vn -0.000000 0.784383 0.620277
vn 0.000001 0.343463 0.939166
vn 0.000001 0.343463 0.939166
vn -0.000000 0.345057 0.938582
vn -0.000000 0.784382 0.620277
vn -0.000000 0.343464 0.939166
vn -0.000000 0.343464 0.939166
vn -0.000001 0.345056 0.938582
vn -0.000000 0.784382 0.620278
vn -0.000001 0.343462 -0.939167
vn -0.000001 0.343462 -0.939167
vn -0.000001 0.343462 -0.939167
vn -0.000002 0.345054 -0.938583
vn -0.000001 0.345055 -0.938583
vn -0.000001 0.784382 -0.620278
vn -0.000000 0.784382 -0.620278
vn -0.000000 0.343459 -0.939167
vn -0.000000 0.343459 -0.939167
vn -0.000000 0.345055 -0.938583
vn -0.000000 0.784382 -0.620278
vn 0.000000 0.343460 -0.939167
vn 0.000000 0.345055 -0.938583
vn 0.000000 0.784382 -0.620278
vn 0.000000 0.343460 -0.939167
vn 0.000000 0.343460 -0.939167
vn 0.000001 0.345054 -0.938583
vn 0.000001 0.784382 -0.620278
vn -1.000000 0.000001 0.000001
vn -1.000000 0.000001 0.000001
vn -1.000000 0.000000 0.000001
vn 1.000000 0.000002 0.000002
vn 1.000000 0.000001 0.000002
vn 1.000000 0.000001 0.000002
vn 1.000000 -0.000000 0.000000
vn 1.000000 0.000001 0.000000
vn -1.000000 -0.000001 0.000000
vn -1.000000 0.000002 -0.000004
vn -1.000000 -0.000000 -0.000001
vn -1.000000 -0.000000 -0.000001
vn -1.000000 0.000000 0.000001
vn -1.000000 0.000000 0.000001
vn -1.000000 -0.000003 -0.000001
vn -1.000000 -0.000000 0.000000
vn 1.000000 0.000000 -0.000002
vn 1.000000 0.000000 -0.000002
vn 1.000000 0.000000 0.000002
vn 1.000000 0.000002 0.000007
vn 1.000000 0.000002 0.000007
vn 1.000000 -0.000001 -0.000002
vn 1.000000 -0.000001 0.000007
vn 1.000000 -0.000001 0.000007
vn 1.000000 -0.000000 -0.000004
vn 1.000000 -0.000000 -0.000004
vn 1.000000 -0.000000 0.000000
vn -1.000000 0.000000 -0.000005
vn -1.000000 0.000000 -0.000005
vn -1.000000 -0.000001 0.000002
vn -1.000000 -0.000000 0.000000
vn -1.000000 0.000003 -0.000004
vn 0.000000 -0.997865 -0.065311
vn 0.000000 -0.765286 -0.643690
vn 0.000000 -0.765286 -0.643690
vn 0.000000 -0.638464 -0.769651
vn 0.000000 -0.638464 -0.769651
vn 0.000000 -0.638464 -0.769651
vn 0.000000 -0.546738 -0.837304
vn 0.000000 -0.546738 -0.837304
vn 0.000000 -0.546738 -0.837304
vn 0.000000 -0.473154 -0.880980
vn 0.000000 -0.473154 -0.880980
vn 0.000000 -0.341809 -0.939770
vn 0.000000 -0.341809 -0.939770
vn 0.000000 -0.361404 -0.932409
vn 0.000000 -0.361404 -0.932409
vn -0.000000 -0.361405 0.932409
vn -0.000000 -0.361405 0.932409
vn -0.000000 -0.361405 0.932409
vn -0.000000 -0.361405 0.932409
vn -0.000000 -0.341809 0.939770
vn -0.000000 -0.473152 0.880981
vn -0.000000 -0.473152 0.880981
vn -0.000000 -0.473152 0.880981
vn -0.000000 -0.546737 0.837304
vn -0.000000 -0.546737 0.837304
vn -0.000000 -0.546737 0.837304
vn -0.000000 -0.638465 0.769650
vn -0.000000 -0.638466 0.769650
vn -0.000000 -0.765287 0.643689
vn -0.000000 -0.765287 0.643689
vn -0.000000 -0.765287 0.643689
vn 0.000000 -0.997865 0.065313
vn 0.000000 -0.997865 0.065313
vn -0.000000 0.703210 0.710982
vn 0.147887 0.680303 0.717856
vn 0.130511 0.747473 0.651345
vn -0.000000 0.765438 0.643510
vn 0.000000 0.000000 1.000000
vn -0.000000 0.000000 1.000000
vn 0.000000 0.000000 1.000000
vn 0.000000 0.000000 1.000000
vn 0.000000 0.000002 -1.000000
vn 0.000000 0.000002 -1.000000
vn -0.000001 0.000003 -1.000000
vn -0.000001 0.000003 -1.000000
vn -0.000000 0.703211 -0.710982
vn -0.147886 0.680303 -0.717856
vn -0.130511 0.747473 -0.651345
vn 0.000000 0.765438 -0.643510
vn -0.221210 0.644693 0.731736
vn -0.147887 0.680303 0.717856
vn -0.130511 0.747473 0.651346
vn -0.195215 0.724743 0.660786
vn 0.221211 0.644693 0.731735
vn 0.159743 0.580501 0.798437
vn 0.239000 0.543851 0.804428
vn 0.000000 0.000000 1.000000
vn 0.000000 0.000000 1.000000
vn 0.000000 0.000000 1.000000
vn 0.000000 0.000000 -1.000000
vn 0.000001 0.000000 -1.000000
vn 0.000000 0.000000 -1.000000
vn 0.000000 0.000000 -1.000000
vn -0.000001 0.000003 -1.000000
vn -0.000001 0.000003 -1.000000
vn 0.221212 0.644693 -0.731735
vn 0.147887 0.680303 -0.717856
vn 0.130511 0.747473 -0.651345
vn 0.195216 0.724743 -0.660786
vn -0.221210 0.644693 -0.731735
vn -0.159742 0.580500 -0.798437
vn -0.238998 0.543851 -0.804429
vn -0.000000 0.552837 -0.833289
vn -0.179389 0.528403 -0.829825
vn -0.000000 0.604472 -0.796626
vn -0.117511 0.767214 -0.630535
vn 0.000000 0.782314 -0.622884
vn 0.244385 0.510243 -0.824577
vn 0.179390 0.528403 -0.829825
vn 0.159743 0.580500 -0.798437
vn 0.239000 0.543851 -0.804428
vn 0.117510 0.767213 -0.630535
vn 0.176774 0.749886 -0.637513
vn -0.176775 0.749886 -0.637512
vn -0.195216 0.724743 -0.660786
vn -0.244383 0.510243 -0.824578
vn -0.000000 0.552839 0.833288
vn 0.179390 0.528404 0.829824
vn -0.000000 0.604473 0.796626
vn 0.117511 0.767214 0.630535
vn -0.000000 0.782314 0.622884
vn -0.244384 0.510245 0.824577
vn -0.179390 0.528404 0.829824
vn -0.159743 0.580500 0.798437
vn -0.238999 0.543851 0.804428
vn -0.117510 0.767213 0.630535
vn -0.176773 0.749885 0.637513
vn 0.176775 0.749886 0.637512
vn 0.195216 0.724743 0.660786
vn 0.244385 0.510245 0.824576
vn -1.000000 0.000000 0.000000
vn -1.000000 0.000000 0.000000
vn -1.000000 0.000000 0.000000
vn -1.000000 -0.000000 0.000000
vn -1.000000 -0.000001 0.000000
vn -1.000000 -0.000001 0.000000
vn -1.000000 -0.000001 0.000000
vn -1.000000 -0.000001 0.000000
vn -1.000000 -0.000000 0.000000
vn -1.000000 0.000000 0.000000
vn -1.000000 -0.000000 0.000000
vn -1.000000 -0.000000 0.000000
vn -1.000000 0.000000 0.000000
vn 0.095047 -0.873734 -0.477028
vn 0.046887 -0.876742 -0.478670
vn 0.047954 -0.881409 -0.469914
vn 0.095578 -0.878614 -0.467869
vn 0.000000 -0.877707 -0.479197
vn -0.000000 -0.882501 -0.470310
vn -0.046887 -0.876742 -0.478670
vn -0.047954 -0.881409 -0.469914
vn -0.095047 -0.873733 -0.477028
vn -0.095579 -0.878614 -0.467869
vn 0.048063 -0.883508 -0.465943
vn 0.095765 -0.880330 -0.464594
vn -0.000000 -0.884486 -0.466567
vn -0.048063 -0.883508 -0.465943
vn -0.095766 -0.880330 -0.464594
vn 0.047440 -0.872192 -0.486858
vn 0.094514 -0.868818 -0.486026
vn -0.000000 -0.873026 -0.487675
vn -0.047440 -0.872192 -0.486858
vn -0.094515 -0.868819 -0.486026
vn 0.047730 -0.862777 -0.503327
vn 0.093553 -0.859972 -0.501693
vn 0.000000 -0.863761 -0.503901
vn -0.047730 -0.862777 -0.503327
vn -0.093554 -0.859973 -0.501692
vn 0.093553 -0.859972 0.501693
vn 0.047729 -0.862776 0.503328
vn 0.047440 -0.872191 0.486859
vn 0.094514 -0.868818 0.486027
vn 0.000000 -0.863761 0.503902
vn 0.000000 -0.873025 0.487675
vn -0.047730 -0.862776 0.503328
vn -0.047440 -0.872192 0.486858
vn -0.093553 -0.859972 0.501693
vn -0.094515 -0.868818 0.486027
vn 0.048063 -0.883508 0.465943
vn 0.095766 -0.880330 0.464595
vn 0.000000 -0.884486 0.466568
vn -0.048063 -0.883508 0.465943
vn -0.095766 -0.880330 0.464594
vn 0.047954 -0.881409 0.469913
vn 0.095578 -0.878615 0.467869
vn 0.000000 -0.882502 0.470310
vn -0.047954 -0.881409 0.469913
vn -0.095579 -0.878615 0.467869
vn 0.046887 -0.876742 0.478669
vn 0.095047 -0.873734 0.477027
vn 0.000000 -0.877708 0.479196
vn -0.046887 -0.876742 0.478669
vn -0.095048 -0.873734 0.477027
vn -0.012560 -0.999921 -0.000575
vn -0.012560 -0.999921 -0.000575
vn -0.012560 -0.999921 -0.000575
vn 0.012508 -0.999922 -0.000673
vn 0.012508 -0.999922 -0.000673
vn 0.012508 -0.999922 -0.000673
vn 0.015960 0.126357 -0.991856
vn 0.016957 0.319173 -0.947545
vn 0.015869 0.410130 -0.911889
vn 0.017082 0.169922 -0.985309
vn -0.010022 0.128930 -0.991603
vn -0.010033 0.173089 -0.984855
vn -0.009553 0.411995 -0.911136
vn -0.009827 0.321051 -0.947011
vn 0.002242 0.068730 -0.997633
vn 0.002200 0.068734 -0.997633
vn -0.009176 0.501282 -0.865235
vn -0.009176 0.501282 -0.865235
vn 0.014603 0.498907 -0.866532
vn 0.866246 0.499617 0.000050
vn 0.866209 0.499682 0.000031
vn 0.866200 0.499698 0.000026
vn 0.866098 0.499874 0.000000
vn 0.866094 0.499882 0.000000
vn 0.866036 0.499981 0.000000
vn 0.866036 0.499981 0.000000
vn -0.866419 0.499317 0.000000
vn -0.866110 0.499854 0.000000
vn -0.866132 0.499815 0.000000
vn -0.866122 0.499833 0.000036
vn -0.866080 0.499905 0.000030
vn -0.866289 0.499544 0.000058
vn -0.866289 0.499544 0.000058
vn 0.865547 -0.500827 -0.000878
vn 0.864895 -0.501952 -0.000543
vn 0.864732 -0.502233 -0.000459
vn 0.865547 -0.500827 -0.000878
vn 0.863640 -0.504110 0.000000
vn 0.863616 -0.504150 0.000000
vn 0.863100 -0.505033 0.000000
vn 0.863100 -0.505033 0.000000
vn -0.858612 -0.512626 0.000000
vn -0.860738 -0.509047 0.000000
vn -0.860645 -0.509205 0.000000
vn -0.863011 -0.505184 -0.000642
vn -0.862785 -0.505570 -0.000545
vn -0.863930 -0.503611 -0.001039
vn -0.863930 -0.503611 -0.001039
vn -1.000000 -0.000000 -0.000000
vn -1.000000 -0.000000 -0.000000
vn -1.000000 -0.000000 -0.000000
vn -1.000000 -0.000000 0.000000
vn -1.000000 -0.000001 0.000000
vn 0.000000 -0.952162 0.305592
vn 0.000000 0.952164 -0.305586
vn 0.000000 0.305596 0.952161
vn 1.000000 0.000000 0.000000
vn 0.000000 -0.305597 -0.952161
vn 0.000000 0.294823 0.955552
vn 0.000000 0.294823 0.955552
vn 0.000000 0.294823 0.955552
vn 0.000000 -0.955512 0.294952
vn 0.000000 -0.955512 0.294952
vn 0.000000 -0.294820 -0.955553
vn 0.000000 -0.294820 -0.955553
vn 0.000000 -0.294820 -0.955553
vn -0.000000 0.955557 -0.294807
vn -0.000000 0.955557 -0.294807
vn 0.000000 -0.952163 0.305591
vn -1.000000 -0.000002 0.000000
vn -1.000000 -0.000002 0.000000
vn 0.000000 -0.305597 -0.952161
vn -0.000000 -0.305596 -0.952161
vn -0.000000 -0.305597 -0.952161
vn 0.000000 -0.305597 -0.952161
vn -0.000000 -0.305597 -0.952161
vn -0.000000 -0.305597 -0.952161
vn 0.000000 -0.305597 -0.952161
vn 0.000000 -0.305597 -0.952161
vn 1.000000 -0.000000 0.000000
vn 1.000000 -0.000000 0.000000
vn 0.000000 0.952157 -0.305609
vn 0.000000 0.991688 -0.128668
vn 0.000000 -0.991684 0.128700
vn 0.000000 -0.305596 -0.952161
vn 0.000000 0.305597 0.952161
vn 1.000000 -0.000001 0.000000
vn 1.000000 -0.000000 -0.000000
vn 1.000000 0.000000 -0.000000
vn 1.000000 -0.000000 -0.000000
vn 1.000000 0.000000 -0.000000
vn 1.000000 0.000000 -0.000001
vn 1.000000 0.000000 -0.000001
vn 1.000000 0.000000 -0.000000
vn 1.000000 0.000000 -0.000000
vn 1.000000 0.000000 -0.000000
vn 1.000000 0.000000 0.000000
vn 1.000000 0.000000 0.000000
vn 1.000000 0.000000 0.000000
vn 1.000000 0.000000 0.000000
vn 1.000000 0.000000 0.000001
vn 1.000000 0.000000 0.000001
vn 1.000000 0.000000 0.000000
vn 1.000000 -0.000000 0.000000
vn 1.000000 -0.000000 0.000000
vn 0.000000 0.000000 1.000000
vn 0.000000 0.000000 1.000000
vn 0.000000 -0.000000 -1.000000
vn 0.000000 -0.000000 -1.000000
vn 0.995282 0.097027 0.000000
vn 0.995037 0.091670 0.038692
vn 0.994998 0.090748 0.041768
vn 0.995282 0.097027 -0.000000
vn 0.994394 0.075725 0.073797
vn 0.994301 0.073080 0.077621
vn 0.993622 0.050155 0.100998
vn 0.993549 0.047010 0.103200
vn 0.993094 0.017586 0.115998
vn 0.993082 0.016164 0.116302
vn 0.993095 -0.017589 0.115991
vn 0.993083 -0.016159 0.116297
vn 0.993624 -0.050150 0.100981
vn 0.993551 -0.047000 0.103187
vn 0.994397 -0.075709 0.073778
vn 0.994304 -0.073062 0.077604
vn 0.995040 -0.091645 0.038681
vn 0.995000 -0.090722 0.041759
vn 0.995285 -0.096998 0.000000
vn 0.995285 -0.096998 -0.000000
vn 0.995040 -0.091647 -0.038681
vn 0.995000 -0.090724 -0.041759
vn 0.994396 -0.075713 -0.073780
vn 0.994303 -0.073066 -0.077608
vn 0.993623 -0.050153 -0.100986
vn 0.993550 -0.047002 -0.103194
vn 0.993094 -0.017589 -0.115997
vn 0.993082 -0.016159 -0.116303
vn 0.993093 0.017586 -0.116005
vn 0.993082 0.016164 -0.116309
vn 0.993621 0.050157 -0.101003
vn 0.993548 0.047011 -0.103206
vn 0.994394 0.075726 -0.073797
vn 0.994301 0.073080 -0.077623
vn 0.995037 0.091671 -0.038692
vn 0.994998 0.090747 -0.041768
vn -0.994386 0.075777 0.073849
vn -0.995031 0.091730 0.038718
vn -0.994991 0.090807 0.041797
vn -0.994293 0.073129 0.077675
vn -0.995276 0.097089 0.000000
vn -0.995276 0.097089 -0.000000
vn -0.995031 0.091731 -0.038718
vn -0.994991 0.090808 -0.041797
vn -0.994386 0.075778 -0.073849
vn -0.994293 0.073131 -0.077677
vn -0.993612 0.050193 -0.101075
vn -0.993539 0.047045 -0.103279
vn -0.993083 0.017599 -0.116086
vn -0.993072 0.016175 -0.116391
vn -0.993084 -0.017602 -0.116079
vn -0.993072 -0.016171 -0.116385
vn -0.993614 -0.050188 -0.101056
vn -0.993541 -0.047035 -0.103265
vn -0.994389 -0.075762 -0.073828
vn -0.994295 -0.073113 -0.077659
vn -0.995034 -0.091705 -0.038706
vn -0.994994 -0.090781 -0.041786
vn -0.995278 -0.097061 0.000000
vn -0.995278 -0.097061 -0.000000
vn -0.995034 -0.091704 0.038706
vn -0.994994 -0.090780 0.041785
vn -0.994389 -0.075759 0.073826
vn -0.994296 -0.073111 0.077656
vn -0.993615 -0.050185 0.101050
vn -0.993542 -0.047033 0.103259
vn -0.993085 -0.017601 0.116073
vn -0.993073 -0.016171 0.116380
vn -0.993084 0.017598 0.116080
vn -0.993073 0.016175 0.116384
vn -0.993612 0.050190 0.101070
vn -0.993540 0.047043 0.103273
vn 0.000000 0.914129 -0.405423
vn 0.000000 0.914129 -0.405423
vn 0.000000 0.699200 -0.714926
vn 0.000000 0.699200 -0.714926
vn 0.000000 0.428170 -0.903698
vn 0.000000 0.143211 -0.989692
vn 0.000000 -0.143211 -0.989692
vn 0.000000 -0.143210 -0.989692
vn 0.000000 -0.428172 -0.903697
vn 0.000000 -0.699202 -0.714924
vn 0.000000 -0.914126 -0.405430
vn 0.000000 -1.000000 -0.000000
vn 0.000000 -0.914126 0.405431
vn 0.000000 -0.699204 0.714922
vn 0.000000 -0.428173 0.903697
vn 0.000000 -0.428173 0.903697
vn 0.000000 -0.143211 0.989692
vn 0.000000 -0.143211 0.989692
vn 0.000000 0.143212 0.989692
vn 0.000000 0.428173 0.903697
vn 0.000000 0.699203 0.714923
vn 0.000000 0.699203 0.714923
vn 0.000000 0.914129 0.405424
vn 0.000000 0.914129 0.405424
vn 0.000000 -0.914128 0.405425
vn 0.000000 -0.699202 0.714924
vn 0.000000 -0.143208 0.989693
vn 0.000000 0.143208 0.989693
vn 0.000000 0.143208 0.989693
vn 0.000000 0.428172 0.903697
vn 0.000000 0.428172 0.903697
vn 0.000000 0.699206 0.714920
vn 0.000000 0.699206 0.714920
vn 0.000000 0.914127 0.405427
vn 0.000000 1.000000 -0.000000
vn 0.000000 0.914127 -0.405428
vn 0.000000 0.699204 -0.714922
vn 0.000000 0.699205 -0.714922
vn 0.000000 0.428175 -0.903696
vn 0.000000 0.428175 -0.903696
vn 0.000000 0.143213 -0.989692
vn 0.000000 0.143213 -0.989692
vn 0.000000 -0.143214 -0.989692
vn 0.000000 -0.428174 -0.903696
vn 0.000000 -0.699200 -0.714926
vn 0.000000 -0.914130 -0.405421
vn -0.000001 -0.000001 1.000000
vn -0.000000 -0.000000 1.000000
vn -0.000000 -0.000000 1.000000
vn 0.007170 0.471226 0.881984
vn 0.007170 0.471226 0.881984
vn -0.819405 -0.573168 -0.007339
vn -0.817812 -0.575428 -0.008080
vn -0.820387 -0.571808 -0.000824
vn -0.821061 -0.570840 -0.000265
vn -0.817471 -0.575964 -0.002576
vn -0.816570 -0.577229 -0.004358
vn -0.818512 -0.574489 0.000000
vn -0.818457 -0.574567 0.000000
vn -0.817856 -0.575423 0.000000
vn -0.817856 -0.575423 0.000000
vn 0.812346 -0.583176 -0.000000
vn 0.814922 -0.579571 -0.000000
vn 0.814704 -0.579877 -0.000000
vn 0.812346 -0.583176 -0.000000
vn 0.810633 -0.585449 -0.011085
vn 0.812845 -0.582444 -0.006482
vn 0.813664 -0.580912 -0.022190
vn 0.821203 -0.570633 -0.002037
vn 0.822889 -0.568202 -0.000665
vn 0.818285 -0.574444 -0.020583
vn -0.821236 -0.570588 0.000494
vn -0.821236 -0.570588 0.000494
vn 0.823334 -0.567556 0.001350

# Mesh
g casa_buena
usemtl mat_casa_buena
f 4/4/1 1/1/1 2/2/2
f 2/2/2 3/3/2 4/4/1
f 1/8/6 5/5/3 6/6/4
f 6/6/4 2/7/5 1/8/6
f 3/12/9 7/9/7 8/10/8
f 8/10/8 4/11/9 3/12/9
f 8/16/10 5/13/10 1/14/11
f 1/14/11 4/15/12 8/16/10
f 3/20/13 2/17/13 6/18/13
f 6/18/13 7/19/13 3/20/13
f 12/24/14 9/21/14 10/22/15
f 10/22/15 11/23/16 12/24/14
f 11/23/16 10/22/15 13/25/17
f 13/25/17 14/26/17 11/23/16
f 14/26/17 13/25/17 15/27/18
f 15/27/18 16/28/19 14/26/17
f 16/28/19 15/27/18 17/29/20
f 17/29/20 18/30/21 16/28/19
f 18/30/21 17/29/20 19/31/22
f 23/35/24 20/32/23 21/33/23
f 21/33/23 22/34/23 23/35/24
f 27/39/27 24/36/25 25/37/26
f 25/37/26 26/38/27 27/39/27
f 27/43/29 21/40/28 20/41/28
f 20/41/28 24/42/28 27/43/29
f 31/47/32 28/44/30 29/45/31
f 29/45/31 30/46/31 31/47/32
f 35/51/34 32/48/33 33/49/34
f 33/49/34 34/50/33 35/51/34
f 32/55/36 28/52/35 31/53/36
f 31/53/36 33/54/37 32/55/36
f 34/59/40 30/56/38 29/57/39
f 29/57/39 35/58/40 34/59/40
f 29/63/43 28/60/41 32/61/41
f 32/61/41 35/62/42 29/63/43
f 39/67/47 36/64/44 37/65/45
f 37/65/45 38/66/46 39/67/47
f 40/68/48 36/64/44 39/67/47
f 40/68/48 39/67/47 41/69/49
f 43/71/51 42/70/50 40/68/48
f 40/68/48 41/69/49 43/71/51
f 45/73/53 44/72/52 42/70/50
f 42/70/50 43/71/51 45/73/53
f 47/75/55 46/74/54 44/72/52
f 44/72/52 45/73/53 47/75/55
f 49/77/57 48/76/56 46/74/54
f 46/74/54 47/75/55 49/77/57
f 51/79/59 50/78/58 38/66/46
f 38/66/46 37/65/45 51/79/59
f 53/81/61 52/80/60 50/78/58
f 50/78/58 51/79/59 53/81/61
f 55/83/63 54/82/62 52/80/60
f 52/80/60 53/81/61 55/83/63
f 57/85/65 56/84/64 54/82/62
f 54/82/62 55/83/63 57/85/65
f 48/76/56 49/77/57 56/84/64
f 56/84/64 57/85/65 48/76/56
f 59/89/69 57/86/66 55/87/67
f 55/87/67 58/88/68 59/89/69
f 58/93/68 55/90/67 53/91/70
f 53/91/70 60/92/71 58/93/68
f 60/92/71 53/91/70 51/94/72
f 51/94/72 61/95/73 60/92/71
f 61/95/73 51/94/72 37/96/74
f 37/96/74 62/97/75 61/95/73
f 62/97/75 37/96/74 36/98/76
f 36/98/76 63/99/76 62/97/75
f 65/103/80 40/100/77 42/101/78
f 42/101/78 64/102/79 65/103/80
f 64/102/79 42/101/78 44/104/81
f 44/104/81 66/105/82 64/102/79
f 66/105/82 44/104/81 46/106/83
f 46/106/83 67/107/84 66/105/82
f 67/107/84 46/106/83 48/108/85
f 48/108/85 68/109/86 67/107/84
f 68/111/86 48/110/85 57/86/66
f 57/86/66 59/89/69 68/111/86
f 50/115/90 69/112/87 70/113/88
f 70/113/88 38/114/89 50/115/90
f 38/114/89 70/113/88 71/116/91
f 71/116/91 39/117/91 38/114/89
f 41/121/92 72/118/92 73/119/93
f 73/119/93 43/120/94 41/121/92
f 43/120/94 73/119/93 74/122/95
f 74/122/95 45/123/96 43/120/94
f 45/123/96 74/122/95 75/124/97
f 75/124/97 47/125/98 45/123/96
f 47/125/98 75/124/97 76/126/99
f 76/126/99 49/127/100 47/125/98
f 49/131/100 76/128/99 77/129/101
f 77/129/101 56/130/102 49/131/100
f 56/130/102 77/129/101 78/132/103
f 78/132/103 54/133/104 56/130/102
f 54/137/104 78/134/103 79/135/105
f 79/135/105 52/136/106 54/137/104
f 52/136/106 79/135/105 69/112/87
f 69/112/87 50/115/90 52/136/106
f 83/141/110 80/138/107 81/139/108
f 81/139/108 82/140/109 83/141/110
f 80/145/112 84/142/111 85/143/112
f 85/143/112 81/144/113 80/145/112
f 82/149/114 86/146/114 87/147/115
f 87/147/115 83/148/115 82/149/114
f 87/153/116 84/150/116 80/151/116
f 80/151/116 83/152/116 87/153/116
f 82/157/117 81/154/117 85/155/118
f 85/155/118 86/156/119 82/157/117
f 91/161/122 88/158/120 89/159/121
f 89/159/121 90/160/121 91/161/122
f 90/160/121 89/159/121 92/162/123
f 92/162/123 93/163/124 90/160/121
f 93/163/124 92/162/123 94/164/125
f 94/164/125 95/165/126 93/163/124
f 95/165/126 94/164/125 96/166/127
f 96/166/127 97/167/128 95/165/126
f 97/167/128 96/166/127 98/168/129
f 102/172/131 99/169/130 100/170/131
f 100/170/131 101/171/132 102/172/131
f 106/176/136 103/173/133 104/174/134
f 104/174/134 105/175/135 106/176/136
f 106/180/138 100/177/137 99/178/138
f 99/178/138 103/179/138 106/180/138
f 110/184/142 107/181/139 108/182/140
f 108/182/140 109/183/141 110/184/142
f 114/188/143 111/185/143 112/186/143
f 112/186/143 113/187/144 114/188/143
f 111/192/145 107/189/145 110/190/146
f 110/190/146 112/191/147 111/192/145
f 113/196/150 109/193/148 108/194/149
f 108/194/149 114/195/149 113/196/150
f 108/200/153 107/197/151 111/198/152
f 111/198/152 114/199/152 108/200/153
f 118/204/157 115/201/154 116/202/155
f 116/202/155 117/203/156 118/204/157
f 119/205/158 115/201/154 118/204/157
f 119/205/158 118/204/157 120/206/159
f 122/208/161 121/207/160 119/205/158
f 119/205/158 120/206/159 122/208/161
f 124/210/163 123/209/162 121/207/160
f 121/207/160 122/208/161 124/210/163
f 126/212/165 125/211/164 123/209/162
f 123/209/162 124/210/163 126/212/165
f 128/214/167 127/213/166 125/211/164
f 125/211/164 126/212/165 128/214/167
f 130/216/169 129/215/168 117/203/156
f 117/203/156 116/202/155 130/216/169
f 132/218/171 131/217/170 129/215/168
f 129/215/168 130/216/169 132/218/171
f 134/220/173 133/219/172 131/217/170
f 131/217/170 132/218/171 134/220/173
f 136/222/175 135/221/174 133/219/172
f 133/219/172 134/220/173 136/222/175
f 127/213/166 128/214/167 135/221/174
f 135/221/174 136/222/175 127/213/166
f 138/226/179 136/223/176 134/224/177
f 134/224/177 137/225/178 138/226/179
f 137/225/178 134/224/177 132/227/180
f 132/227/180 139/228/181 137/225/178
f 139/232/181 132/229/180 130/230/182
f 130/230/182 140/231/183 139/232/181
f 140/231/183 130/230/182 116/233/184
f 116/233/184 141/234/185 140/231/183
f 141/234/185 116/233/184 115/235/186
f 115/235/186 142/236/187 141/234/185
f 144/240/191 119/237/188 121/238/189
f 121/238/189 143/239/190 144/240/191
f 143/239/190 121/238/189 123/241/192
f 123/241/192 145/242/192 143/239/190
f 145/246/192 123/243/192 125/244/193
f 125/244/193 146/245/194 145/246/192
f 146/245/194 125/244/193 127/247/195
f 127/247/195 147/248/196 146/245/194
f 147/248/196 127/247/195 136/223/176
f 136/223/176 138/226/179 147/248/196
f 129/252/200 148/249/197 149/250/198
f 149/250/198 117/251/199 129/252/200
f 117/251/199 149/250/198 150/253/201
f 150/253/201 118/254/202 117/251/199
f 120/258/206 151/255/203 152/256/204
f 152/256/204 122/257/205 120/258/206
f 122/257/205 152/256/204 153/259/207
f 153/259/207 124/260/208 122/257/205
f 124/264/208 153/261/207 154/262/209
f 154/262/209 126/263/210 124/264/208
f 126/263/210 154/262/209 155/265/211
f 155/265/211 128/266/212 126/263/210
f 128/266/212 155/265/211 156/267/213
f 156/267/213 135/268/214 128/266/212
f 135/268/214 156/267/213 157/269/215
f 157/269/215 133/270/216 135/268/214
f 133/270/216 157/269/215 158/271/217
f 158/271/217 131/272/218 133/270/216
f 131/274/218 158/273/217 148/249/197
f 148/249/197 129/252/200 131/274/218
f 162/278/219 159/275/219 160/276/220
f 160/276/220 161/277/221 162/278/219
f 159/282/223 163/279/222 164/280/223
f 164/280/223 160/281/223 159/282/223
f 161/286/224 165/283/224 166/284/225
f 166/284/225 162/285/226 161/286/224
f 166/290/230 163/287/227 159/288/228
f 159/288/228 162/289/229 166/290/230
f 161/294/232 160/291/231 164/292/232
f 164/292/232 165/293/233 161/294/232
f 170/298/236 167/295/234 168/296/235
f 168/296/235 169/297/235 170/298/236
f 169/297/235 168/296/235 171/299/237
f 171/299/237 172/300/237 169/297/235
f 172/300/237 171/299/237 173/301/238
f 173/301/238 174/302/239 172/300/237
f 174/302/239 173/301/238 175/303/240
f 175/303/240 176/304/241 174/302/239
f 176/304/241 175/303/240 177/305/242
f 181/309/243 178/306/243 179/307/244
f 179/307/244 180/308/245 181/309/243
f 185/313/248 182/310/246 183/311/247
f 183/311/247 184/312/248 185/313/248
f 185/317/250 179/314/249 178/315/250
f 178/315/250 182/316/250 185/317/250
f 189/321/252 186/318/251 187/319/252
f 187/319/252 188/320/252 189/321/252
f 193/325/254 190/322/253 191/323/254
f 191/323/254 192/324/254 193/325/254
f 190/329/258 186/326/255 189/327/256
f 189/327/256 191/328/257 190/329/258
f 192/333/261 188/330/259 187/331/260
f 187/331/260 193/332/259 192/333/261
f 187/337/262 186/334/262 190/335/263
f 190/335/263 193/336/264 187/337/262
f 197/341/268 194/338/265 195/339/266
f 195/339/266 196/340/267 197/341/268
f 198/342/269 194/338/265 197/341/268
f 198/342/269 197/341/268 199/343/270
f 201/345/272 200/344/271 198/342/269
f 198/342/269 199/343/270 201/345/272
f 203/347/274 202/346/273 200/344/271
f 200/344/271 201/345/272 203/347/274
f 205/349/276 204/348/275 202/346/273
f 202/346/273 203/347/274 205/349/276
f 207/351/278 206/350/277 204/348/275
f 204/348/275 205/349/276 207/351/278
f 209/353/280 208/352/279 196/340/267
f 196/340/267 195/339/266 209/353/280
f 211/355/282 210/354/281 208/352/279
f 208/352/279 209/353/280 211/355/282
f 213/357/284 212/356/283 210/354/281
f 210/354/281 211/355/282 213/357/284
f 215/359/286 214/358/285 212/356/283
f 212/356/283 213/357/284 215/359/286
f 206/350/277 207/351/278 214/358/285
f 214/358/285 215/359/286 206/350/277
f 217/363/290 215/360/287 213/361/288
f 213/361/288 216/362/289 217/363/290
f 216/362/289 213/361/288 211/364/291
f 211/364/291 218/365/292 216/362/289
f 218/369/292 211/366/291 209/367/293
f 209/367/293 219/368/294 218/369/292
f 219/368/294 209/367/293 195/370/295
f 195/370/295 220/371/296 219/368/294
f 220/371/296 195/370/295 194/372/297
f 194/372/297 221/373/297 220/371/296
f 223/377/298 198/374/298 200/375/299
f 200/375/299 222/376/300 223/377/298
f 222/376/300 200/375/299 202/378/301
f 202/378/301 224/379/302 222/376/300
f 224/383/302 202/380/301 204/381/303
f 204/381/303 225/382/304 224/383/302
f 225/382/304 204/381/303 206/384/305
f 206/384/305 226/385/306 225/382/304
f 226/385/306 206/384/305 215/360/287
f 215/360/287 217/363/290 226/385/306
f 208/389/310 227/386/307 228/387/308
f 228/387/308 196/388/309 208/389/310
f 196/388/309 228/387/308 229/390/311
f 229/390/311 197/391/312 196/388/309
f 199/395/316 230/392/313 231/393/314
f 231/393/314 201/394/315 199/395/316
f 201/394/315 231/393/314 232/396/317
f 232/396/317 203/397/318 201/394/315
f 203/401/318 232/398/317 233/399/319
f 233/399/319 205/400/320 203/401/318
f 205/400/320 233/399/319 234/402/321
f 234/402/321 207/403/322 205/400/320
f 207/403/322 234/402/321 235/404/323
f 235/404/323 214/405/324 207/403/322
f 214/405/324 235/404/323 236/406/325
f 236/406/325 212/407/326 214/405/324
f 212/407/326 236/406/325 237/408/327
f 237/408/327 210/409/328 212/407/326
f 210/411/328 237/410/327 227/386/307
f 227/386/307 208/389/310 210/411/328
f 241/415/331 238/412/329 239/413/330
f 239/413/330 240/414/330 241/415/331
f 238/419/332 242/416/332 243/417/333
f 243/417/333 239/418/334 238/419/332
f 240/423/337 244/420/335 245/421/336
f 245/421/336 241/422/337 240/423/337
f 245/427/339 242/424/338 238/425/339
f 238/425/339 241/426/339 245/427/339
f 240/431/342 239/428/340 243/429/341
f 243/429/341 244/430/340 240/431/342
f 249/435/343 246/432/343 247/433/344
f 247/433/344 248/434/345 249/435/343
f 248/434/345 247/433/344 250/436/346
f 250/436/346 251/437/346 248/434/345
f 251/437/346 250/436/346 252/438/347
f 252/438/347 253/439/348 251/437/346
f 253/439/348 252/438/347 254/440/349
f 254/440/349 255/441/350 253/439/348
f 255/441/350 254/440/349 256/442/351
f 260/446/353 257/443/352 258/444/353
f 258/444/353 259/445/354 260/446/353
f 264/450/358 261/447/355 262/448/356
f 262/448/356 263/449/357 264/450/358
f 264/454/362 258/451/359 257/452/360
f 257/452/360 261/453/361 264/454/362
f 268/458/364 265/455/363 266/456/364
f 266/456/364 267/457/363 268/458/364
f 272/462/368 269/459/365 270/460/366
f 270/460/366 271/461/367 272/462/368
f 269/466/371 265/463/369 268/464/370
f 268/464/370 270/465/369 269/466/371
f 271/470/373 267/467/372 266/468/373
f 266/468/373 272/469/373 271/470/373
f 266/474/374 265/471/374 269/472/375
f 269/472/375 272/473/376 266/474/374
f 276/478/380 273/475/377 274/476/378
f 274/476/378 275/477/379 276/478/380
f 277/479/381 273/475/377 276/478/380
f 277/479/381 276/478/380 278/480/382
f 280/482/384 279/481/383 277/479/381
f 277/479/381 278/480/382 280/482/384
f 282/484/386 281/483/385 279/481/383
f 279/481/383 280/482/384 282/484/386
f 284/486/388 283/485/387 281/483/385
f 281/483/385 282/484/386 284/486/388
f 286/488/390 285/487/389 283/485/387
f 283/485/387 284/486/388 286/488/390
f 288/490/392 287/489/391 275/477/379
f 275/477/379 274/476/378 288/490/392
f 290/492/394 289/491/393 287/489/391
f 287/489/391 288/490/392 290/492/394
f 292/494/396 291/493/395 289/491/393
f 289/491/393 290/492/394 292/494/396
f 294/496/398 293/495/397 291/493/395
f 291/493/395 292/494/396 294/496/398
f 285/487/389 286/488/390 293/495/397
f 293/495/397 294/496/398 285/487/389
f 296/500/402 294/497/399 292/498/400
f 292/498/400 295/499/401 296/500/402
f 295/499/401 292/498/400 290/501/403
f 290/501/403 297/502/404 295/499/401
f 297/506/404 290/503/403 288/504/405
f 288/504/405 298/505/406 297/506/404
f 298/505/406 288/504/405 274/507/407
f 274/507/407 299/508/408 298/505/406
f 299/508/408 274/507/407 273/509/409
f 273/509/409 300/510/410 299/508/408
f 302/514/414 277/511/411 279/512/412
f 279/512/412 301/513/413 302/514/414
f 301/513/413 279/512/412 281/515/415
f 281/515/415 303/516/416 301/513/413
f 303/516/416 281/515/415 283/517/417
f 283/517/417 304/518/418 303/516/416
f 304/522/418 283/519/417 285/520/419
f 285/520/419 305/521/420 304/522/418
f 305/521/420 285/520/419 294/497/399
f 294/497/399 296/500/402 305/521/420
f 287/526/424 306/523/421 307/524/422
f 307/524/422 275/525/423 287/526/424
f 275/525/423 307/524/422 308/527/425
f 308/527/425 276/528/426 275/525/423
f 278/532/430 309/529/427 310/530/428
f 310/530/428 280/531/429 278/532/430
f 280/531/429 310/530/428 311/533/431
f 311/533/431 282/534/432 280/531/429
f 282/534/432 311/533/431 312/535/433
f 312/535/433 284/536/434 282/534/432
f 284/540/434 312/537/433 313/538/435
f 313/538/435 286/539/436 284/540/434
f 286/539/436 313/538/435 314/541/437
f 314/541/437 293/542/438 286/539/436
f 293/542/438 314/541/437 315/543/439
f 315/543/439 291/544/440 293/542/438
f 291/544/440 315/543/439 316/545/441
f 316/545/441 289/546/442 291/544/440
f 289/548/442 316/547/441 306/523/421
f 306/523/421 287/526/424 289/548/442
f 320/552/446 317/549/443 318/550/444
f 318/550/444 319/551/445 320/552/446
f 317/556/450 321/553/447 322/554/448
f 322/554/448 318/555/449 317/556/450
f 319/560/451 323/557/451 324/558/452
f 324/558/452 320/559/453 319/560/451
f 324/564/455 321/561/454 317/562/455
f 317/562/455 320/563/456 324/564/455
f 319/568/457 318/565/457 322/566/458
f 322/566/458 323/567/459 319/568/457
f 328/572/460 325/569/460 326/570/461
f 326/570/461 327/571/462 328/572/460
f 327/571/462 326/570/461 329/573/463
f 329/573/463 330/574/464 327/571/462
f 330/574/464 329/573/463 331/575/465
f 331/575/465 332/576/465 330/574/464
f 332/576/465 331/575/465 333/577/466
f 333/577/466 334/578/467 332/576/465
f 334/578/467 333/577/466 335/579/468
f 339/583/472 336/580/469 337/581/470
f 337/581/470 338/582/471 339/583/472
f 343/587/474 340/584/473 341/585/474
f 341/585/474 342/586/475 343/587/474
f 343/591/479 337/588/476 336/589/477
f 336/589/477 340/590/478 343/591/479
f 347/595/481 344/592/480 345/593/480
f 345/593/480 346/594/480 347/595/481
f 351/599/482 348/596/482 349/597/483
f 349/597/483 350/598/482 351/599/482
f 348/603/487 344/600/484 347/601/485
f 347/601/485 349/602/486 348/603/487
f 350/607/491 346/604/488 345/605/489
f 345/605/489 351/606/490 350/607/491
f 345/611/494 344/608/492 348/609/493
f 348/609/493 351/610/494 345/611/494
f 355/615/498 352/612/495 353/613/496
f 353/613/496 354/614/497 355/615/498
f 356/616/499 352/612/495 355/615/498
f 356/616/499 355/615/498 357/617/500
f 359/619/502 358/618/501 356/616/499
f 356/616/499 357/617/500 359/619/502
f 361/621/504 360/620/503 358/618/501
f 358/618/501 359/619/502 361/621/504
f 363/623/506 362/622/505 360/620/503
f 360/620/503 361/621/504 363/623/506
f 365/625/508 364/624/507 362/622/505
f 362/622/505 363/623/506 365/625/508
f 367/627/510 366/626/509 354/614/497
f 354/614/497 353/613/496 367/627/510
f 369/629/512 368/628/511 366/626/509
f 366/626/509 367/627/510 369/629/512
f 371/631/514 370/630/513 368/628/511
f 368/628/511 369/629/512 371/631/514
f 373/633/516 372/632/515 370/630/513
f 370/630/513 371/631/514 373/633/516
f 364/624/507 365/625/508 372/632/515
f 372/632/515 373/633/516 364/624/507
f 375/637/520 373/634/517 371/635/518
f 371/635/518 374/636/519 375/637/520
f 374/636/519 371/635/518 369/638/521
f 369/638/521 376/639/522 374/636/519
f 376/639/522 369/638/521 367/640/523
f 367/640/523 377/641/524 376/639/522
f 377/645/524 367/642/523 353/643/525
f 353/643/525 378/644/526 377/645/524
f 378/644/526 353/643/525 352/646/527
f 352/646/527 379/647/528 378/644/526
f 381/651/529 356/648/529 358/649/530
f 358/649/530 380/650/531 381/651/529
f 380/650/531 358/649/530 360/652/532
f 360/652/532 382/653/533 380/650/531
f 382/653/533 360/652/532 362/654/534
f 362/654/534 383/655/535 382/653/533
f 383/659/535 362/656/534 364/657/536
f 364/657/536 384/658/537 383/659/535
f 384/658/537 364/657/536 373/634/517
f 373/634/517 375/637/520 384/658/537
f 366/663/541 385/660/538 386/661/539
f 386/661/539 354/662/540 366/663/541
f 354/662/540 386/661/539 387/664/542
f 387/664/542 355/665/542 354/662/540
f 357/669/546 388/666/543 389/667/544
f 389/667/544 359/668/545 357/669/546
f 359/668/545 389/667/544 390/670/547
f 390/670/547 361/671/548 359/668/545
f 361/671/548 390/670/547 391/672/549
f 391/672/549 363/673/550 361/671/548
f 363/677/550 391/674/549 392/675/551
f 392/675/551 365/676/552 363/677/550
f 365/676/552 392/675/551 393/678/553
f 393/678/553 372/679/554 365/676/552
f 372/679/554 393/678/553 394/680/555
f 394/680/555 370/681/556 372/679/554
f 370/681/556 394/680/555 395/682/557
f 395/682/557 368/683/558 370/681/556
f 368/683/558 395/682/557 385/684/538
f 385/684/538 366/685/541 368/683/558
f 399/689/559 396/686/559 397/687/559
f 397/687/559 398/688/559 399/689/559
f 398/693/560 397/690/560 400/691/560
f 400/691/560 401/692/560 398/693/560
f 401/697/561 400/694/561 402/695/561
f 402/695/561 403/696/561 401/697/561
f 405/699/562 396/686/562 399/689/562
f 399/689/562 404/698/562 405/699/562
f 404/701/563 403/696/563 402/695/563
f 402/695/563 405/700/563 404/701/563
f 409/705/567 406/702/564 407/703/565
f 407/703/565 408/704/566 409/705/567
f 408/704/566 407/703/565 410/706/568
f 410/706/568 411/707/569 408/704/566
f 411/707/569 410/706/568 412/708/570
f 412/708/570 413/709/571 411/707/569
f 413/709/571 412/708/570 414/710/570
f 414/710/570 415/711/572 413/709/571
f 417/713/574 409/705/567 408/704/566
f 408/704/566 416/712/573 417/713/574
f 416/712/573 408/704/566 411/707/569
f 411/707/569 418/714/575 416/712/573
f 418/714/575 411/707/569 413/709/571
f 413/709/571 419/715/576 418/714/575
f 419/715/576 413/709/571 415/711/572
f 415/711/572 420/716/577 419/715/576
f 422/718/579 417/713/574 416/712/573
f 416/712/573 421/717/578 422/718/579
f 421/717/578 416/712/573 418/714/575
f 418/714/575 423/719/580 421/717/578
f 423/719/580 418/714/575 419/715/576
f 419/715/576 424/720/581 423/719/580
f 424/720/581 419/715/576 420/716/577
f 420/716/577 425/721/582 424/720/581
f 427/723/584 422/718/579 421/717/578
f 421/717/578 426/722/583 427/723/584
f 426/722/583 421/717/578 423/719/580
f 423/719/580 428/724/585 426/722/583
f 428/724/585 423/719/580 424/720/581
f 424/720/581 429/725/586 428/724/585
f 429/725/586 424/720/581 425/721/582
f 425/721/582 430/726/587 429/725/586
f 432/728/589 427/723/584 426/722/583
f 426/722/583 431/727/588 432/728/589
f 431/727/588 426/722/583 428/724/585
f 428/724/585 433/729/590 431/727/588
f 433/729/590 428/724/585 429/725/586
f 429/725/586 434/730/591 433/729/590
f 434/730/591 429/725/586 430/726/587
f 430/726/587 435/731/592 434/730/591
f 437/733/594 432/728/589 431/727/588
f 431/727/588 436/732/593 437/733/594
f 436/732/593 431/727/588 433/729/590
f 433/729/590 438/734/595 436/732/593
f 438/734/595 433/729/590 434/730/591
f 434/730/591 439/735/596 438/734/595
f 439/735/596 434/730/591 435/731/592
f 435/731/592 440/736/597 439/735/596
f 415/740/601 414/737/598 441/738/599
f 441/738/599 442/739/600 415/740/601
f 442/739/600 441/738/599 443/741/602
f 443/741/602 444/742/603 442/739/600
f 420/744/605 415/740/601 442/739/600
f 442/739/600 445/743/604 420/744/605
f 445/743/604 442/739/600 444/742/603
f 444/742/603 446/745/606 445/743/604
f 425/747/608 420/744/605 445/743/604
f 445/743/604 447/746/607 425/747/608
f 447/746/607 445/743/604 446/745/606
f 446/745/606 448/748/609 447/746/607
f 430/750/611 425/747/608 447/746/607
f 447/746/607 449/749/610 430/750/611
f 449/749/610 447/746/607 448/748/609
f 448/748/609 450/751/612 449/749/610
f 435/753/614 430/750/611 449/749/610
f 449/749/610 451/752/613 435/753/614
f 451/752/613 449/749/610 450/751/612
f 450/751/612 452/754/615 451/752/613
f 440/756/617 435/753/614 451/752/613
f 451/752/613 453/755/616 440/756/617
f 453/755/616 451/752/613 452/754/615
f 452/754/615 454/757/618 453/755/616
f 444/761/622 443/758/619 455/759/620
f 455/759/620 456/760/621 444/761/622
f 456/760/621 455/759/620 457/762/623
f 457/762/623 458/763/624 456/760/621
f 458/763/624 457/762/623 459/764/625
f 459/764/625 460/765/626 458/763/624
f 460/765/626 459/764/625 461/766/627
f 461/766/627 462/767/628 460/765/626
f 446/769/630 444/761/622 456/760/621
f 456/760/621 463/768/629 446/769/630
f 463/768/629 456/760/621 458/763/624
f 458/763/624 464/770/631 463/768/629
f 464/770/631 458/763/624 460/765/626
f 460/765/626 465/771/632 464/770/631
f 465/771/632 460/765/626 462/767/628
f 462/767/628 466/772/633 465/771/632
f 448/774/635 446/769/630 463/768/629
f 463/768/629 467/773/634 448/774/635
f 467/773/634 463/768/629 464/770/631
f 464/770/631 468/775/636 467/773/634
f 468/775/636 464/770/631 465/771/632
f 465/771/632 469/776/637 468/775/636
f 469/776/637 465/771/632 466/772/633
f 466/772/633 470/777/638 469/776/637
f 450/779/640 448/774/635 467/773/634
f 467/773/634 471/778/639 450/779/640
f 471/778/639 467/773/634 468/775/636
f 468/775/636 472/780/641 471/778/639
f 472/780/641 468/775/636 469/776/637
f 469/776/637 473/781/642 472/780/641
f 473/781/642 469/776/637 470/777/638
f 470/777/638 474/782/643 473/781/642
f 452/784/645 450/779/640 471/778/639
f 471/778/639 475/783/644 452/784/645
f 475/783/644 471/778/639 472/780/641
f 472/780/641 476/785/646 475/783/644
f 476/785/646 472/780/641 473/781/642
f 473/781/642 477/786/647 476/785/646
f 477/786/647 473/781/642 474/782/643
f 474/782/643 478/787/648 477/786/647
f 454/789/650 452/784/645 475/783/644
f 475/783/644 479/788/649 454/789/650
f 479/788/649 475/783/644 476/785/646
f 476/785/646 480/790/651 479/788/649
f 480/790/651 476/785/646 477/786/647
f 477/786/647 481/791/652 480/790/651
f 481/791/652 477/786/647 478/787/648
f 478/787/648 482/792/653 481/791/652
f 462/796/656 461/793/654 483/794/654
f 483/794/654 484/795/655 462/796/656
f 484/795/655 483/794/654 406/797/654
f 406/797/654 409/798/657 484/795/655
f 466/800/659 462/796/656 484/795/655
f 484/795/655 485/799/658 466/800/659
f 485/799/658 484/795/655 409/798/657
f 409/798/657 417/801/660 485/799/658
f 470/803/662 466/800/659 485/799/658
f 485/799/658 486/802/661 470/803/662
f 486/802/661 485/799/658 417/801/660
f 417/801/660 422/804/663 486/802/661
f 474/806/665 470/803/662 486/802/661
f 486/802/661 487/805/664 474/806/665
f 487/805/664 486/802/661 422/804/663
f 422/804/663 427/807/666 487/805/664
f 478/809/668 474/806/665 487/805/664
f 487/805/664 488/808/667 478/809/668
f 488/808/667 487/805/664 427/807/666
f 427/807/666 432/810/669 488/808/667
f 482/812/671 478/809/668 488/808/667
f 488/808/667 489/811/670 482/812/671
f 489/811/670 488/808/667 432/810/669
f 432/810/669 437/813/672 489/811/670
f 493/817/676 490/814/673 491/815/674
f 491/815/674 492/816/675 493/817/676
f 495/819/678 494/818/677 490/814/673
f 490/814/673 493/817/676 495/819/678
f 497/821/680 496/820/679 494/818/677
f 494/818/677 495/819/678 497/821/680
f 499/823/682 498/822/681 496/820/679
f 496/820/679 497/821/680 499/823/682
f 453/755/616 500/824/683 501/825/684
f 453/755/616 501/825/684 498/826/685
f 453/755/616 498/826/685 499/827/686
f 453/755/616 499/827/686 440/756/617
f 453/755/616 454/757/618 502/828/687
f 453/755/616 502/828/687 503/829/688
f 453/755/616 503/829/688 504/830/688
f 453/755/616 504/830/688 500/824/683
f 506/834/692 505/831/689 503/832/690
f 503/832/690 502/833/691 506/834/692
f 508/836/694 507/835/693 505/831/689
f 505/831/689 506/834/692 508/836/694
f 510/838/696 509/837/695 507/835/693
f 507/835/693 508/836/694 510/838/696
f 512/840/698 511/839/697 509/837/695
f 509/837/695 510/838/696 512/840/698
f 489/811/670 513/841/699 514/842/700
f 489/811/670 514/842/700 511/843/700
f 489/811/670 511/843/700 512/844/700
f 489/811/670 512/844/700 482/812/671
f 489/811/670 437/813/672 492/845/701
f 489/811/670 492/845/701 491/846/702
f 489/811/670 491/846/702 515/847/701
f 489/811/670 515/847/701 513/841/699
f 517/851/706 516/848/703 513/849/704
f 513/849/704 515/850/705 517/851/706
f 490/814/673 517/851/706 515/850/705
f 515/850/705 491/815/674 490/814/673
f 492/816/675 437/733/707 436/732/708
f 436/732/708 493/817/676 492/816/675
f 519/853/710 518/852/709 516/848/703
f 516/848/703 517/851/706 519/853/710
f 494/818/677 519/853/710 517/851/706
f 517/851/706 490/814/673 494/818/677
f 493/817/676 436/732/708 438/734/711
f 438/734/711 495/819/678 493/817/676
f 521/855/713 520/854/712 518/852/709
f 518/852/709 519/853/710 521/855/713
f 496/820/679 521/855/713 519/853/710
f 519/853/710 494/818/677 496/820/679
f 495/819/678 438/734/711 439/735/714
f 439/735/714 497/821/680 495/819/678
f 501/857/716 500/856/715 520/854/712
f 520/854/712 521/855/713 501/857/716
f 498/822/681 501/857/716 521/855/713
f 521/855/713 496/820/679 498/822/681
f 497/821/680 439/735/714 440/736/717
f 440/736/717 499/823/682 497/821/680
f 522/861/721 520/858/718 500/859/719
f 500/859/719 504/860/720 522/861/721
f 505/831/689 522/861/721 504/860/720
f 504/860/720 503/832/690 505/831/689
f 502/833/691 454/789/722 479/788/723
f 479/788/723 506/834/692 502/833/691
f 523/863/725 518/862/724 520/858/718
f 520/858/718 522/861/721 523/863/725
f 507/835/693 523/863/725 522/861/721
f 522/861/721 505/831/689 507/835/693
f 506/834/692 479/788/723 480/790/726
f 480/790/726 508/836/694 506/834/692
f 524/865/728 516/864/727 518/862/724
f 518/862/724 523/863/725 524/865/728
f 509/837/695 524/865/728 523/863/725
f 523/863/725 507/835/693 509/837/695
f 508/836/694 480/790/726 481/791/729
f 481/791/729 510/838/696 508/836/694
f 514/867/731 513/866/730 516/864/727
f 516/864/727 524/865/728 514/867/731
f 511/839/697 514/867/731 524/865/728
f 524/865/728 509/837/695 511/839/697
f 510/838/696 481/791/729 482/792/732
f 482/792/732 512/840/698 510/838/696
f 528/871/733 525/868/733 526/869/734
f 526/869/734 527/870/735 528/871/733
f 527/870/735 526/869/734 529/872/736
f 529/872/736 530/873/737 527/870/735
f 530/873/737 529/872/736 531/874/733
f 531/874/733 532/875/733 530/873/737
f 534/877/739 528/871/733 527/870/735
f 527/870/735 533/876/738 534/877/739
f 538/881/740 535/878/740 536/879/740
f 536/879/740 537/880/740 538/881/740
f 540/883/742 530/873/737 532/875/733
f 532/875/733 539/882/741 540/883/742
f 542/885/744 534/877/739 533/876/738
f 533/876/738 541/884/743 542/885/744
f 541/884/743 533/876/738 540/883/742
f 540/883/742 543/886/745 541/884/743
f 543/886/745 540/883/742 539/882/741
f 539/882/741 544/887/746 543/886/745
f 548/891/750 545/888/747 546/889/748
f 546/889/748 547/890/749 548/891/750
f 547/890/749 546/889/748 549/892/751
f 549/892/751 550/893/752 547/890/749
f 550/893/752 549/892/751 551/894/753
f 551/894/753 552/895/754 550/893/752
f 525/897/756 548/891/750 547/890/749
f 547/890/749 526/896/755 525/897/756
f 526/896/755 547/890/749 550/893/752
f 550/893/752 529/898/757 526/896/755
f 529/898/757 550/893/752 552/895/754
f 552/895/754 531/899/758 529/898/757
f 556/903/759 553/900/759 554/901/760
f 554/901/760 555/902/761 556/903/759
f 555/902/761 554/901/760 557/904/762
f 557/904/762 558/905/762 555/902/761
f 560/907/759 556/903/759 555/902/761
f 555/902/761 559/906/763 560/907/759
f 559/906/763 555/902/761 558/905/762
f 558/905/762 561/908/764 559/906/763
f 552/911/759 551/909/759 560/907/759
f 560/907/759 562/910/759 552/911/759
f 562/910/759 560/907/759 559/906/763
f 559/906/763 563/912/765 562/910/759
f 563/912/765 559/906/763 561/908/764
f 561/908/764 564/913/762 563/912/765
f 531/915/759 552/911/759 562/910/759
f 562/910/759 532/914/759 531/915/759
f 532/914/759 562/910/759 563/912/765
f 563/912/765 539/916/766 532/914/759
f 539/916/766 563/912/765 564/913/762
f 564/913/762 544/917/762 539/916/766
f 558/921/767 557/918/767 565/919/767
f 565/919/767 566/920/767 558/921/767
f 566/920/767 565/919/767 567/922/767
f 567/922/767 568/923/767 566/920/767
f 568/923/767 567/922/767 569/924/767
f 569/924/767 570/925/767 568/923/767
f 561/927/767 558/921/767 566/920/767
f 566/920/767 571/926/767 561/927/767
f 571/926/767 566/920/767 568/923/767
f 568/923/767 572/928/767 571/926/767
f 572/928/767 568/923/767 570/925/767
f 570/925/767 573/929/767 572/928/767
f 564/931/767 561/927/767 571/926/767
f 571/926/767 574/930/767 564/931/767
f 574/930/767 571/926/767 572/928/767
f 572/928/767 575/932/767 574/930/767
f 575/932/767 572/928/767 573/929/767
f 573/929/767 576/933/767 575/932/767
f 544/935/767 564/931/767 574/930/767
f 574/930/767 543/934/767 544/935/767
f 543/934/767 574/930/767 575/932/767
f 575/932/767 541/936/767 543/934/767
f 541/936/767 575/932/767 576/933/767
f 576/933/767 542/937/767 541/936/767
f 570/941/768 569/938/768 577/939/769
f 577/939/769 578/940/770 570/941/768
f 578/940/770 577/939/769 579/942/654
f 579/942/654 580/943/654 578/940/770
f 573/945/772 570/941/768 578/940/770
f 578/940/770 581/944/771 573/945/772
f 581/944/771 578/940/770 580/943/654
f 580/943/654 582/946/654 581/944/771
f 576/948/768 573/945/772 581/944/771
f 581/944/771 583/947/773 576/948/768
f 583/947/773 581/944/771 582/946/654
f 582/946/654 584/949/654 583/947/773
f 584/949/654 582/946/654 545/950/654
f 545/950/654 548/951/654 584/949/654
f 542/953/768 576/948/768 583/947/773
f 583/947/773 534/952/774 542/953/768
f 534/952/774 583/947/773 584/949/654
f 584/949/654 528/954/654 534/952/774
f 528/954/654 584/949/654 548/951/654
f 548/951/654 525/955/654 528/954/654
f 535/959/767 527/956/767 530/957/767
f 530/957/767 536/958/767 535/959/767
f 536/963/654 530/960/654 540/961/654
f 540/961/654 537/962/654 536/963/654
f 537/958/775 540/964/775 533/965/775
f 533/965/775 538/959/775 537/958/775
f 538/969/776 533/966/776 527/967/776
f 527/967/776 535/968/776 538/969/776
f 585/970/777 586/971/778 587/972/779
f 586/971/778 588/973/780 587/972/779
f 588/973/780 589/974/781 587/972/779
f 589/974/781 590/975/782 587/972/779
f 590/975/782 591/976/783 587/972/779
f 591/976/783 592/977/784 587/972/779
f 592/977/784 593/978/785 587/972/779
f 593/978/785 594/979/786 587/972/779
f 594/979/786 595/980/787 587/972/779
f 595/980/787 596/981/788 587/972/779
f 596/981/788 597/982/789 587/972/779
f 597/982/789 598/983/790 587/972/779
f 598/983/790 599/984/791 587/972/779
f 599/984/791 600/985/792 587/972/779
f 600/985/792 601/986/793 587/972/779
f 601/986/793 602/987/794 587/972/779
f 602/987/794 603/988/795 587/972/779
f 603/988/795 585/970/777 587/972/779
f 607/992/654 604/989/654 605/990/654
f 605/990/654 606/991/654 607/992/654
f 611/996/560 608/993/560 609/994/560
f 609/994/560 610/995/560 611/996/560
f 614/1000/733 605/997/733 612/998/733
f 612/998/733 613/999/733 614/1000/733
f 614/1003/654 609/1001/654 608/1002/654
f 608/1002/654 605/990/654 614/1003/654
f 606/991/654 605/990/654 608/1002/654
f 608/1002/654 615/1004/654 606/991/654
f 612/1008/798 605/1005/796 604/1006/796
f 604/1006/796 616/1007/797 612/1008/798
f 618/1012/801 607/1009/799 606/1010/799
f 606/1010/799 617/1011/800 618/1012/801
f 620/1014/654 606/991/654 615/1004/654
f 615/1004/654 619/1013/654 620/1014/654
f 621/1018/733 617/1015/733 606/1016/733
f 606/1016/733 620/1017/733 621/1018/733
f 615/1020/560 622/1019/560 623/1018/560
f 623/1018/560 619/1017/560 615/1020/560
f 625/1024/767 608/1021/767 611/1022/767
f 611/1022/767 624/1023/767 625/1024/767
f 626/1026/654 615/1004/654 608/1002/654
f 608/1002/654 625/1025/654 626/1026/654
f 627/1030/775 622/1027/775 615/1028/775
f 615/1028/775 626/1029/775 627/1030/775
f 631/1034/805 628/1031/802 629/1032/803
f 629/1032/803 630/1033/804 631/1034/805
f 630/1033/804 629/1032/803 632/1035/806
f 632/1035/806 633/1036/807 630/1033/804
f 633/1036/807 632/1035/806 634/1037/808
f 634/1037/808 635/1038/809 633/1036/807
f 635/1038/809 634/1037/808 636/1039/810
f 636/1039/810 637/1040/811 635/1038/809
f 637/1040/811 636/1039/810 638/1041/812
f 638/1041/812 639/1042/813 637/1040/811
f 639/1042/813 638/1041/812 640/1043/814
f 640/1043/814 641/1044/815 639/1042/813
f 641/1044/815 640/1043/814 642/1045/816
f 642/1045/816 643/1046/817 641/1044/815
f 643/1046/817 642/1045/816 644/1047/818
f 644/1047/818 645/1048/819 643/1046/817
f 645/1048/819 644/1047/818 646/1049/820
f 646/1049/820 647/1050/821 645/1048/819
f 647/1050/821 646/1049/820 648/1051/822
f 648/1051/822 649/1052/823 647/1050/821
f 649/1052/823 648/1051/822 650/1053/824
f 650/1053/824 651/1054/825 649/1052/823
f 651/1054/825 650/1053/824 652/1055/826
f 652/1055/826 653/1056/827 651/1054/825
f 653/1056/827 652/1055/826 654/1057/828
f 654/1057/828 655/1058/829 653/1056/827
f 655/1058/829 654/1057/828 656/1059/830
f 656/1059/830 657/1060/831 655/1058/829
f 657/1060/831 656/1059/830 658/1061/832
f 658/1061/832 659/1062/833 657/1060/831
f 659/1062/833 658/1061/832 660/1063/834
f 660/1063/834 661/1064/835 659/1062/833
f 661/1064/835 660/1063/834 662/1065/836
f 662/1065/836 663/1066/837 661/1064/835
f 663/1066/837 662/1065/836 628/1031/802
f 628/1031/802 631/1034/805 663/1066/837
f 667/1070/841 664/1067/838 665/1068/839
f 665/1068/839 666/1069/840 667/1070/841
f 666/1069/840 665/1068/839 668/1071/842
f 668/1071/842 669/1072/843 666/1069/840
f 669/1072/843 668/1071/842 670/1073/844
f 670/1073/844 671/1074/845 669/1072/843
f 671/1074/845 670/1073/844 672/1075/846
f 672/1075/846 673/1076/847 671/1074/845
f 673/1076/847 672/1075/846 674/1077/848
f 674/1077/848 675/1078/849 673/1076/847
f 675/1078/849 674/1077/848 676/1079/850
f 676/1079/850 677/1080/851 675/1078/849
f 677/1080/851 676/1079/850 678/1081/852
f 678/1081/852 679/1082/853 677/1080/851
f 679/1082/853 678/1081/852 680/1083/854
f 680/1083/854 681/1084/855 679/1082/853
f 681/1084/855 680/1083/854 682/1085/856
f 682/1085/856 683/1086/857 681/1084/855
f 683/1086/857 682/1085/856 684/1087/858
f 684/1087/858 685/1088/859 683/1086/857
f 685/1088/859 684/1087/858 686/1089/860
f 686/1089/860 687/1090/861 685/1088/859
f 687/1090/861 686/1089/860 688/1091/862
f 688/1091/862 689/1092/863 687/1090/861
f 689/1092/863 688/1091/862 690/1093/864
f 690/1093/864 691/1094/865 689/1092/863
f 691/1094/865 690/1093/864 692/1095/866
f 692/1095/866 693/1096/867 691/1094/865
f 693/1096/867 692/1095/866 694/1097/868
f 694/1097/868 695/1098/869 693/1096/867
f 695/1098/869 694/1097/868 696/1099/870
f 696/1099/870 697/1100/871 695/1098/869
f 697/1100/871 696/1099/870 698/1101/872
f 698/1101/872 699/1102/873 697/1100/871
f 699/1102/873 698/1101/872 664/1067/838
f 664/1067/838 667/1070/841 699/1102/873
f 668/1106/874 628/1103/874 662/1104/875
f 662/1104/875 670/1105/876 668/1106/874
f 670/1105/876 662/1104/875 660/1107/877
f 660/1107/877 672/1108/878 670/1105/876
f 672/1108/878 660/1107/877 658/1109/879
f 658/1109/879 674/1110/879 672/1108/878
f 674/1114/879 658/1111/879 656/1112/880
f 656/1112/880 676/1113/880 674/1114/879
f 676/1113/880 656/1112/880 654/1115/881
f 654/1115/881 678/1116/882 676/1113/880
f 678/1116/882 654/1115/881 652/1117/883
f 652/1117/883 680/1118/884 678/1116/882
f 680/1122/884 652/1119/883 650/1120/885
f 650/1120/885 682/1121/885 680/1122/884
f 682/1121/885 650/1120/885 648/1123/886
f 648/1123/886 684/1124/886 682/1121/885
f 684/1124/886 648/1123/886 646/1125/887
f 646/1125/887 686/1126/887 684/1124/886
f 686/1126/887 646/1125/887 644/1127/888
f 644/1127/888 688/1128/888 686/1126/887
f 688/1128/888 644/1127/888 642/1129/889
f 642/1129/889 690/1130/889 688/1128/888
f 690/1130/889 642/1129/889 640/1131/890
f 640/1131/890 692/1132/891 690/1130/889
f 692/1136/891 640/1133/890 638/1134/892
f 638/1134/892 694/1135/893 692/1136/891
f 694/1135/893 638/1134/892 636/1137/894
f 636/1137/894 696/1138/894 694/1135/893
f 696/1138/894 636/1137/894 634/1139/895
f 634/1139/895 698/1140/895 696/1138/894
f 698/1144/895 634/1141/895 632/1142/896
f 632/1142/896 664/1143/897 698/1144/895
f 664/1143/897 632/1142/896 629/1145/898
f 629/1145/898 665/1146/899 664/1143/897
f 665/1146/899 629/1145/898 628/1103/874
f 628/1103/874 668/1106/874 665/1146/899
f 663/1150/900 671/1147/900 673/1148/901
f 673/1148/901 661/1149/901 663/1150/900
f 661/1149/901 673/1148/901 675/1151/890
f 675/1151/890 659/1152/890 661/1149/901
f 659/1156/890 675/1153/890 677/1154/902
f 677/1154/902 657/1155/902 659/1156/890
f 657/1155/902 677/1154/902 679/1157/903
f 679/1157/903 655/1158/904 657/1155/902
f 655/1158/904 679/1157/903 681/1159/905
f 681/1159/905 653/1160/906 655/1158/904
f 653/1164/906 681/1161/905 683/1162/907
f 683/1162/907 651/1163/908 653/1164/906
f 651/1163/908 683/1162/907 685/1165/909
f 685/1165/909 649/1166/909 651/1163/908
f 649/1166/909 685/1165/909 687/1167/910
f 687/1167/910 647/1168/910 649/1166/909
f 647/1168/910 687/1167/910 689/1169/911
f 689/1169/911 645/1170/911 647/1168/910
f 645/1170/911 689/1169/911 691/1171/912
f 691/1171/912 643/1172/913 645/1170/911
f 643/1172/913 691/1171/912 693/1173/914
f 693/1173/914 641/1174/915 643/1172/913
f 641/1178/915 693/1175/914 695/1176/916
f 695/1176/916 639/1177/917 641/1178/915
f 639/1177/917 695/1176/916 697/1179/918
f 697/1179/918 637/1180/918 639/1177/917
f 637/1180/918 697/1179/918 699/1181/919
f 699/1181/919 635/1182/919 637/1180/918
f 635/1186/919 699/1183/919 667/1184/920
f 667/1184/920 633/1185/920 635/1186/919
f 633/1185/920 667/1184/920 666/1187/921
f 666/1187/921 630/1188/921 633/1185/920
f 630/1188/921 666/1187/921 669/1189/922
f 669/1189/922 631/1190/922 630/1188/921
f 631/1190/922 669/1189/922 671/1147/900
f 671/1147/900 663/1150/900 631/1190/922
f 703/1194/925 700/1191/923 701/1192/924
f 701/1192/924 702/1193/923 703/1194/925
f 700/1198/926 704/1195/926 705/1196/926
f 705/1196/926 701/1197/927 700/1198/926
f 702/1202/931 706/1199/928 707/1200/929
f 707/1200/929 703/1201/930 702/1202/931
f 707/1206/935 704/1203/932 700/1204/933
f 700/1204/933 703/1205/934 707/1206/935
f 702/1210/938 701/1207/936 705/1208/937
f 705/1208/937 706/1209/938 702/1210/938
f 711/1214/942 708/1211/939 709/1212/940
f 709/1212/940 710/1213/941 711/1214/942
f 710/1213/941 709/1212/940 712/1215/943
f 712/1215/943 713/1216/944 710/1213/941
f 713/1216/944 712/1215/943 714/1217/945
f 714/1217/945 715/1218/945 713/1216/944
f 715/1218/945 714/1217/945 716/1219/946
f 716/1219/946 717/1220/947 715/1218/945
f 717/1220/947 716/1219/946 718/1221/948
f 722/1225/950 719/1222/949 720/1223/950
f 720/1223/950 721/1224/950 722/1225/950
f 726/1229/953 723/1226/951 724/1227/952
f 724/1227/952 725/1228/951 726/1229/953
f 726/1233/954 720/1230/954 719/1231/954
f 719/1231/954 723/1232/955 726/1233/954
f 730/1237/956 727/1234/956 728/1235/957
f 728/1235/957 729/1236/956 730/1237/956
f 734/1241/960 731/1238/958 732/1239/959
f 732/1239/959 733/1240/958 734/1241/960
f 731/1245/964 727/1242/961 730/1243/962
f 730/1243/962 732/1244/963 731/1245/964
f 733/1249/965 729/1246/965 728/1247/966
f 728/1247/966 734/1248/966 733/1249/965
f 728/1253/970 727/1250/967 731/1251/968
f 731/1251/968 734/1252/969 728/1253/970
f 738/1257/974 735/1254/971 736/1255/972
f 736/1255/972 737/1256/973 738/1257/974
f 739/1258/975 735/1254/971 738/1257/974
f 739/1258/975 738/1257/974 740/1259/976
f 742/1261/978 741/1260/977 739/1258/975
f 739/1258/975 740/1259/976 742/1261/978
f 744/1263/980 743/1262/979 741/1260/977
f 741/1260/977 742/1261/978 744/1263/980
f 746/1265/982 745/1264/981 743/1262/979
f 743/1262/979 744/1263/980 746/1265/982
f 748/1267/984 747/1266/983 745/1264/981
f 745/1264/981 746/1265/982 748/1267/984
f 750/1269/986 749/1268/985 737/1256/973
f 737/1256/973 736/1255/972 750/1269/986
f 752/1271/988 751/1270/987 749/1268/985
f 749/1268/985 750/1269/986 752/1271/988
f 754/1273/990 753/1272/989 751/1270/987
f 751/1270/987 752/1271/988 754/1273/990
f 756/1275/992 755/1274/991 753/1272/989
f 753/1272/989 754/1273/990 756/1275/992
f 747/1266/983 748/1267/984 755/1274/991
f 755/1274/991 756/1275/992 747/1266/983
f 758/1279/996 756/1276/993 754/1277/994
f 754/1277/994 757/1278/995 758/1279/996
f 757/1283/995 754/1280/994 752/1281/997
f 752/1281/997 759/1282/998 757/1283/995
f 759/1282/998 752/1281/997 750/1284/999
f 750/1284/999 760/1285/1000 759/1282/998
f 760/1285/1000 750/1284/999 736/1286/1001
f 736/1286/1001 761/1287/1002 760/1285/1000
f 761/1287/1002 736/1286/1001 735/1288/1003
f 735/1288/1003 762/1289/1004 761/1287/1002
f 764/1293/1008 739/1290/1005 741/1291/1006
f 741/1291/1006 763/1292/1007 764/1293/1008
f 763/1292/1007 741/1291/1006 743/1294/1009
f 743/1294/1009 765/1295/1010 763/1292/1007
f 765/1295/1010 743/1294/1009 745/1296/1011
f 745/1296/1011 766/1297/1012 765/1295/1010
f 766/1297/1012 745/1296/1011 747/1298/1013
f 747/1298/1013 767/1299/1014 766/1297/1012
f 767/1301/1014 747/1300/1013 756/1276/993
f 756/1276/993 758/1279/996 767/1301/1014
f 749/1305/1018 768/1302/1015 769/1303/1016
f 769/1303/1016 737/1304/1017 749/1305/1018
f 737/1304/1017 769/1303/1016 770/1306/1019
f 770/1306/1019 738/1307/1019 737/1304/1017
f 740/1311/1020 771/1308/1020 772/1309/1021
f 772/1309/1021 742/1310/1022 740/1311/1020
f 742/1310/1022 772/1309/1021 773/1312/1023
f 773/1312/1023 744/1313/1024 742/1310/1022
f 744/1313/1024 773/1312/1023 774/1314/1025
f 774/1314/1025 746/1315/1026 744/1313/1024
f 746/1315/1026 774/1314/1025 775/1316/1027
f 775/1316/1027 748/1317/1028 746/1315/1026
f 748/1321/1028 775/1318/1027 776/1319/1029
f 776/1319/1029 755/1320/1030 748/1321/1028
f 755/1320/1030 776/1319/1029 777/1322/1031
f 777/1322/1031 753/1323/1032 755/1320/1030
f 753/1327/1032 777/1324/1031 778/1325/1033
f 778/1325/1033 751/1326/1034 753/1327/1032
f 751/1326/1034 778/1325/1033 768/1302/1015
f 768/1302/1015 749/1305/1018 751/1326/1034
f 782/1331/775 779/1328/775 780/1329/775
f 780/1329/775 781/1330/775 782/1331/775
f 781/1335/759 780/1332/759 783/1333/759
f 783/1333/759 784/1334/759 781/1335/759
f 784/1339/767 783/1336/767 785/1337/767
f 785/1337/767 786/1338/767 784/1339/767
f 786/1343/654 785/1340/654 779/1341/654
f 779/1341/654 782/1342/654 786/1343/654
f 790/1345/775 787/1343/775 788/1342/775
f 788/1342/775 789/1344/775 790/1345/775
f 789/1349/759 788/1346/759 791/1347/759
f 791/1347/759 792/1348/759 789/1349/759
f 792/1353/767 791/1350/767 793/1351/767
f 793/1351/767 794/1352/767 792/1353/767
f 794/1352/654 793/1354/654 787/1355/654
f 787/1355/654 790/1356/654 794/1352/654
f 798/1328/775 795/1357/775 796/1358/775
f 796/1358/775 797/1359/775 798/1328/775
f 797/1363/759 796/1360/759 799/1361/759
f 799/1361/759 800/1362/759 797/1363/759
f 800/1366/767 799/1364/767 801/1338/767
f 801/1338/767 802/1365/767 800/1366/767
f 802/1357/654 801/1367/654 795/1368/654
f 795/1368/654 798/1358/654 802/1357/654
f 806/1372/775 803/1369/775 804/1370/775
f 804/1370/775 805/1371/775 806/1372/775
f 805/1376/759 804/1373/759 807/1374/759
f 807/1374/759 808/1375/759 805/1376/759
f 808/1379/767 807/1377/767 809/1378/767
f 809/1378/767 810/1363/767 808/1379/767
f 810/1383/654 809/1380/654 803/1381/654
f 803/1381/654 806/1382/654 810/1383/654
f 815/1388/1039 811/1384/1035 812/1385/1036
f 812/1385/1036 813/1386/1037 814/1387/1038
f 812/1385/1036 814/1387/1038 815/1388/1039
f 815/1388/1039 814/1387/1038 816/1389/1040
f 815/1388/1039 816/1389/1040 817/1390/1041
f 817/1390/1041 818/1391/1042 815/1388/1039
f 817/1390/1041 816/1389/1040 819/1392/1043
f 819/1392/1043 820/1393/1044 817/1390/1041
f 820/1393/1044 819/1392/1043 821/1394/1045
f 821/1394/1045 822/1395/1046 820/1393/1044
f 822/1395/1046 821/1394/1045 813/1386/1037
f 813/1386/1037 812/1385/1036 822/1395/1046
f 813/1399/1047 821/1396/1047 823/1397/1047
f 823/1397/1047 824/1398/1048 813/1399/1047
f 819/1403/1049 816/1400/1049 825/1401/1049
f 825/1401/1049 826/1402/1049 819/1403/1049
f 821/1407/1050 819/1404/1050 826/1405/1050
f 826/1405/1050 823/1406/1050 821/1407/1050
f 813/1399/1051 824/1398/1051 827/1408/1051
f 827/1408/1051 814/1409/1051 813/1399/1051
f 825/1401/1053 816/1400/1052 814/1410/1053
f 814/1410/1053 827/1411/1052 825/1401/1053
f 822/1415/1054 812/1412/1054 828/1413/1054
f 828/1413/1054 829/1414/1055 822/1415/1054
f 820/1419/1056 822/1416/1056 829/1417/1056
f 829/1417/1056 830/1418/1056 820/1419/1056
f 817/1423/1057 820/1420/1057 830/1421/1058
f 830/1421/1058 831/1422/1058 817/1423/1057
f 811/1424/1059 815/1425/1060 832/1426/1061
f 811/1424/1059 832/1426/1061 828/1413/1060
f 811/1424/1059 828/1413/1060 812/1412/1059
f 817/1423/1062 831/1422/1062 832/1427/1062
f 817/1423/1062 832/1427/1062 815/1428/1062
f 815/1428/1062 818/1429/1062 817/1423/1062
f 836/1433/1063 833/1430/1063 834/1431/1063
f 834/1431/1063 835/1432/1063 836/1433/1063
f 840/1437/1064 837/1434/1064 838/1435/1064
f 838/1435/1064 839/1436/1064 840/1437/1064
f 839/1441/1068 838/1438/1065 833/1439/1066
f 833/1439/1066 836/1440/1067 839/1441/1068
f 842/1443/1071 836/1433/1069 835/1432/1069
f 835/1432/1069 841/1442/1070 842/1443/1071
f 841/1445/1073 840/1437/1072 839/1436/1072
f 839/1436/1072 842/1444/1073 841/1445/1073
f 839/1441/1068 836/1440/1067 842/1446/654
f 846/1450/1075 843/1447/1074 844/1448/1074
f 844/1448/1074 845/1449/1074 846/1450/1075
f 845/1454/1076 847/1451/1076 848/1452/1076
f 848/1452/1076 846/1453/1077 845/1454/1076
f 848/1455/1078 843/1456/1079 846/1457/1080
f 850/1461/1081 834/1458/1081 833/1459/1081
f 833/1459/1081 849/1460/1081 850/1461/1081
f 854/1465/1084 851/1462/1082 852/1463/1082
f 852/1463/1082 853/1464/1083 854/1465/1084
f 853/1467/1085 850/1461/1085 849/1460/1085
f 849/1460/1085 854/1466/1085 853/1467/1085
f 849/1468/1086 851/1469/1087 854/1470/654
f 837/1472/1088 844/1448/1088 843/1447/1088
f 843/1447/1088 838/1471/1088 837/1472/1088
f 856/1474/1090 833/1439/1066 838/1438/1065
f 838/1438/1065 855/1473/1089 856/1474/1090
f 857/1478/1091 852/1475/1091 851/1476/1091
f 851/1476/1091 856/1477/1091 857/1478/1091
f 855/1482/1092 848/1479/1092 847/1480/1092
f 847/1480/1092 858/1481/1092 855/1482/1092
f 851/1469/1087 849/1468/1086 833/1439/1066
f 833/1439/1066 856/1474/1090 851/1469/1087
f 855/1473/1089 838/1438/1065 843/1456/1079
f 843/1456/1079 848/1455/1078 855/1473/1089
f 860/1484/654 856/1474/1090 855/1473/1089
f 855/1473/1089 859/1483/654 860/1484/654
f 861/1488/775 857/1485/775 856/1486/775
f 856/1486/775 860/1487/775 861/1488/775
f 859/1492/767 855/1489/767 858/1490/767
f 858/1490/767 862/1491/767 859/1492/767
f 861/1496/560 860/1493/560 859/1494/560
f 859/1494/560 862/1495/560 861/1496/560
f 866/1500/654 863/1497/654 864/1498/1093
f 864/1498/1093 865/1499/1094 866/1500/654
f 865/1499/1094 864/1498/1093 867/1501/1095
f 871/1505/1096 868/1502/1096 869/1503/1096
f 869/1503/1096 870/1504/1096 871/1505/1096
f 875/1509/1097 872/1506/1097 873/1507/1097
f 873/1507/1097 874/1508/1097 875/1509/1097
f 872/1513/1098 868/1510/1098 871/1511/1098
f 871/1511/1098 873/1512/1098 872/1513/1098
f 873/1517/759 871/1514/759 870/1515/759
f 870/1515/759 874/1516/759 873/1517/759
f 874/1521/1099 870/1518/1099 869/1519/1099
f 869/1519/1099 875/1520/1099 874/1521/1099
f 875/1525/1102 869/1522/1100 868/1523/1101
f 868/1523/1101 872/1524/1100 875/1525/1102
f 879/1529/560 876/1526/560 877/1527/560
f 877/1527/560 878/1528/560 879/1529/560
f 883/1533/733 880/1530/733 881/1531/733
f 881/1531/733 882/1532/733 883/1533/733
f 880/1536/775 876/1383/775 879/1534/775
f 879/1534/775 881/1535/775 880/1536/775
f 881/1540/759 879/1537/759 878/1538/759
f 878/1538/759 882/1539/759 881/1540/759
f 882/1543/767 878/1541/767 877/1542/767
f 877/1542/767 883/1376/767 882/1543/767
f 883/1547/654 877/1544/654 876/1545/654
f 876/1545/654 880/1546/654 883/1547/654
f 887/1551/1106 884/1548/1103 885/1549/1104
f 885/1549/1104 886/1550/1105 887/1551/1106
f 886/1550/1105 885/1549/1104 888/1552/1107
f 888/1552/1107 889/1553/1108 886/1550/1105
f 889/1557/1108 888/1554/1107 890/1555/1109
f 890/1555/1109 891/1556/1110 889/1557/1108
f 891/1556/1110 890/1555/1109 892/1558/1111
f 892/1558/1111 893/1559/1112 891/1556/1110
f 893/1559/1112 892/1558/1111 894/1560/1113
f 894/1560/1113 895/1561/1114 893/1559/1112
f 895/1561/1114 894/1560/1113 896/1562/1115
f 896/1562/1115 897/1563/1116 895/1561/1114
f 897/1567/1116 896/1564/1115 898/1565/1117
f 898/1565/1117 899/1566/1118 897/1567/1116
f 899/1566/1118 898/1565/1117 900/1568/1119
f 900/1568/1119 901/1569/1120 899/1566/1118
f 901/1569/1120 900/1568/1119 902/1570/1121
f 902/1570/1121 903/1571/1122 901/1569/1120
f 903/1571/1122 902/1570/1121 904/1572/1123
f 904/1572/1123 905/1573/1124 903/1571/1122
f 905/1573/1124 904/1572/1123 906/1574/1125
f 906/1574/1125 907/1575/1126 905/1573/1124
f 907/1575/1126 906/1574/1125 908/1576/1127
f 908/1576/1127 909/1577/1128 907/1575/1126
f 909/1581/1128 908/1578/1127 910/1579/1129
f 910/1579/1129 911/1580/1130 909/1581/1128
f 911/1580/1130 910/1579/1129 912/1582/1131
f 912/1582/1131 913/1583/1132 911/1580/1130
f 913/1583/1132 912/1582/1131 914/1584/1133
f 914/1584/1133 915/1585/1134 913/1583/1132
f 915/1585/1134 914/1584/1133 916/1586/1135
f 916/1586/1135 917/1587/1136 915/1585/1134
f 917/1591/1136 916/1588/1135 918/1589/1137
f 918/1589/1137 919/1590/1138 917/1591/1136
f 919/1590/1138 918/1589/1137 920/1592/1139
f 920/1592/1139 921/1593/1140 919/1590/1138
f 921/1593/1140 920/1592/1139 922/1594/1141
f 922/1594/1141 923/1595/1142 921/1593/1140
f 923/1595/1142 922/1594/1141 884/1548/1103
f 884/1548/1103 887/1551/1106 923/1595/1142
f 925/1597/1144 887/1551/1106 886/1550/1105
f 886/1550/1105 924/1596/1143 925/1597/1144
f 924/1596/1143 886/1550/1105 889/1553/1108
f 889/1553/1108 926/1598/1145 924/1596/1143
f 926/1600/1145 889/1557/1108 891/1556/1110
f 891/1556/1110 927/1599/1146 926/1600/1145
f 927/1599/1146 891/1556/1110 893/1559/1112
f 893/1559/1112 928/1601/1147 927/1599/1146
f 928/1601/1147 893/1559/1112 895/1561/1114
f 895/1561/1114 929/1602/1148 928/1601/1147
f 929/1602/1148 895/1561/1114 897/1563/1116
f 897/1563/1116 930/1603/1149 929/1602/1148
f 930/1605/1149 897/1567/1116 899/1566/1118
f 899/1566/1118 931/1604/1150 930/1605/1149
f 931/1604/1150 899/1566/1118 901/1569/1120
f 901/1569/1120 932/1606/1151 931/1604/1150
f 932/1606/1151 901/1569/1120 903/1571/1152
f 903/1571/1152 933/1607/1153 932/1606/1151
f 933/1607/1153 903/1571/1152 905/1573/1124
f 905/1573/1124 934/1608/1154 933/1607/1153
f 934/1608/1154 905/1573/1124 907/1575/1126
f 907/1575/1126 935/1609/1155 934/1608/1154
f 935/1609/1155 907/1575/1126 909/1577/1128
f 909/1577/1128 936/1610/1156 935/1609/1155
f 936/1612/1156 909/1581/1128 911/1580/1130
f 911/1580/1130 937/1611/1157 936/1612/1156
f 937/1611/1157 911/1580/1130 913/1583/1132
f 913/1583/1132 938/1613/1158 937/1611/1157
f 938/1613/1158 913/1583/1132 915/1585/1134
f 915/1585/1134 939/1614/1159 938/1613/1158
f 939/1614/1159 915/1585/1134 917/1587/1136
f 917/1587/1136 940/1615/1160 939/1614/1159
f 940/1617/1160 917/1591/1136 919/1590/1138
f 919/1590/1138 941/1616/1161 940/1617/1160
f 941/1616/1161 919/1590/1138 921/1593/1140
f 921/1593/1140 942/1618/1162 941/1616/1161
f 942/1618/1162 921/1593/1140 923/1595/1163
f 923/1595/1163 943/1619/1164 942/1618/1162
f 943/1619/1164 923/1595/1163 887/1551/1106
f 887/1551/1106 925/1597/1144 943/1619/1164
f 945/1621/1166 925/1597/1144 924/1596/1143
f 924/1596/1143 944/1620/1165 945/1621/1166
f 944/1620/1165 924/1596/1143 926/1598/1145
f 926/1598/1145 946/1622/1167 944/1620/1165
f 946/1624/1167 926/1600/1145 927/1599/1146
f 927/1599/1146 947/1623/1168 946/1624/1167
f 947/1623/1168 927/1599/1146 928/1601/1147
f 928/1601/1147 948/1625/1169 947/1623/1168
f 948/1625/1169 928/1601/1147 929/1602/1148
f 929/1602/1148 949/1626/1170 948/1625/1169
f 949/1626/1170 929/1602/1148 930/1603/1149
f 930/1603/1149 950/1627/1171 949/1626/1170
f 950/1629/1171 930/1605/1149 931/1604/1150
f 931/1604/1150 951/1628/1172 950/1629/1171
f 951/1628/1172 931/1604/1150 932/1606/1151
f 932/1606/1151 952/1630/1173 951/1628/1172
f 952/1630/1173 932/1606/1151 933/1607/560
f 933/1607/560 953/1631/1174 952/1630/1173
f 953/1631/1174 933/1607/560 934/1608/1154
f 934/1608/1154 954/1632/1175 953/1631/1174
f 954/1632/1175 934/1608/1154 935/1609/1155
f 935/1609/1155 955/1633/1176 954/1632/1175
f 955/1633/1176 935/1609/1155 936/1610/1156
f 936/1610/1156 956/1634/1177 955/1633/1176
f 956/1636/1177 936/1612/1156 937/1611/1157
f 937/1611/1157 957/1635/1178 956/1636/1177
f 957/1635/1178 937/1611/1157 938/1613/1158
f 938/1613/1158 958/1637/1179 957/1635/1178
f 958/1637/1179 938/1613/1158 939/1614/1159
f 939/1614/1159 959/1638/1180 958/1637/1179
f 959/1638/1180 939/1614/1159 940/1615/1160
f 940/1615/1160 960/1639/1181 959/1638/1180
f 960/1641/1181 940/1617/1160 941/1616/1161
f 941/1616/1161 961/1640/1182 960/1641/1181
f 961/1640/1182 941/1616/1161 942/1618/1162
f 942/1618/1162 962/1642/1183 961/1640/1182
f 962/1642/1183 942/1618/1162 943/1619/733
f 943/1619/733 963/1643/1184 962/1642/1183
f 963/1643/1184 943/1619/733 925/1597/1144
f 925/1597/1144 945/1621/1166 963/1643/1184
f 965/1645/1186 945/1621/1166 944/1620/1165
f 944/1620/1165 964/1644/1185 965/1645/1186
f 964/1644/1185 944/1620/1165 946/1622/1167
f 946/1622/1167 966/1646/1187 964/1644/1185
f 966/1648/1187 946/1624/1167 947/1623/1168
f 947/1623/1168 967/1647/1188 966/1648/1187
f 967/1647/1188 947/1623/1168 948/1625/1169
f 948/1625/1169 968/1649/1189 967/1647/1188
f 968/1649/1189 948/1625/1169 949/1626/1170
f 949/1626/1170 969/1650/1190 968/1649/1189
f 969/1650/1190 949/1626/1170 950/1627/1171
f 950/1627/1171 970/1651/1191 969/1650/1190
f 970/1653/1191 950/1629/1171 951/1628/1172
f 951/1628/1172 971/1652/1192 970/1653/1191
f 971/1652/1192 951/1628/1172 952/1630/1173
f 952/1630/1173 972/1654/1193 971/1652/1192
f 972/1654/1193 952/1630/1173 953/1631/1174
f 953/1631/1174 973/1655/1194 972/1654/1193
f 973/1655/1194 953/1631/1174 954/1632/1175
f 954/1632/1175 974/1656/1195 973/1655/1194
f 974/1656/1195 954/1632/1175 955/1633/1176
f 955/1633/1176 975/1657/1196 974/1656/1195
f 975/1657/1196 955/1633/1176 956/1634/1177
f 956/1634/1177 976/1658/1197 975/1657/1196
f 976/1660/1197 956/1636/1177 957/1635/1178
f 957/1635/1178 977/1659/1198 976/1660/1197
f 977/1659/1198 957/1635/1178 958/1637/1179
f 958/1637/1179 978/1661/1199 977/1659/1198
f 978/1661/1199 958/1637/1179 959/1638/1180
f 959/1638/1180 979/1662/1200 978/1661/1199
f 979/1662/1200 959/1638/1180 960/1639/1181
f 960/1639/1181 980/1663/1201 979/1662/1200
f 980/1665/1201 960/1641/1181 961/1640/1182
f 961/1640/1182 981/1664/1202 980/1665/1201
f 981/1664/1202 961/1640/1182 962/1642/1183
f 962/1642/1183 982/1666/1203 981/1664/1202
f 982/1666/1203 962/1642/1183 963/1643/1184
f 963/1643/1184 983/1667/1204 982/1666/1203
f 983/1667/1204 963/1643/1184 945/1621/1166
f 945/1621/1166 965/1645/1186 983/1667/1204
f 985/1669/1206 965/1645/1186 964/1644/1185
f 964/1644/1185 984/1668/1205 985/1669/1206
f 984/1673/1205 964/1670/1185 966/1671/1207
f 966/1671/1207 986/1672/1208 984/1673/1205
f 986/1672/1208 966/1671/1207 967/1674/1209
f 967/1674/1209 987/1675/1210 986/1672/1208
f 987/1675/1210 967/1674/1209 968/1676/1211
f 968/1676/1211 988/1677/1212 987/1675/1210
f 988/1677/1212 968/1676/1211 969/1678/1213
f 969/1678/1213 989/1679/1214 988/1677/1212
f 989/1679/1214 969/1678/1213 970/1680/1215
f 970/1680/1215 990/1681/1216 989/1679/1214
f 990/1681/1216 970/1680/1215 971/1682/1192
f 971/1682/1192 991/1683/1217 990/1681/1216
f 991/1685/1217 971/1652/1192 972/1654/1193
f 972/1654/1193 992/1684/1218 991/1685/1217
f 992/1684/1218 972/1654/1193 973/1655/1194
f 973/1655/1194 993/1686/1219 992/1684/1218
f 993/1686/1219 973/1655/1194 974/1656/1195
f 974/1656/1195 994/1687/1220 993/1686/1219
f 994/1687/1220 974/1656/1195 975/1657/1196
f 975/1657/1196 995/1688/1221 994/1687/1220
f 995/1692/1221 975/1689/1196 976/1690/1222
f 976/1690/1222 996/1691/1223 995/1692/1221
f 996/1691/1223 976/1690/1222 977/1693/1224
f 977/1693/1224 997/1694/1225 996/1691/1223
f 997/1698/1229 977/1695/1226 978/1696/1227
f 978/1696/1227 998/1697/1228 997/1698/1229
f 998/1697/1228 978/1696/1227 979/1699/1230
f 979/1699/1230 999/1700/1231 998/1697/1228
f 999/1704/1235 979/1701/1232 980/1702/1233
f 980/1702/1233 1000/1703/1234 999/1704/1235
f 1000/1703/1234 980/1702/1233 981/1705/1202
f 981/1705/1202 1001/1706/1236 1000/1703/1234
f 1001/1708/1236 981/1664/1202 982/1666/1203
f 982/1666/1203 1002/1707/1237 1001/1708/1236
f 1002/1707/1237 982/1666/1203 983/1667/1204
f 983/1667/1204 1003/1709/1238 1002/1707/1237
f 1003/1709/1238 983/1667/1204 965/1645/1186
f 965/1645/1186 985/1669/1206 1003/1709/1238
f 1005/1711/1240 985/1669/1206 984/1668/1205
f 984/1668/1205 1004/1710/1239 1005/1711/1240
f 1004/1713/1239 984/1673/1205 986/1672/1241
f 986/1672/1241 1006/1712/1242 1004/1713/1239
f 1006/1712/1242 986/1672/1241 987/1675/1243
f 987/1675/1243 1007/1714/1244 1006/1712/1242
f 1007/1714/1244 987/1675/1243 988/1677/1245
f 988/1677/1245 1008/1715/1246 1007/1714/1244
f 1008/1715/1246 988/1677/1245 989/1679/1247
f 989/1679/1247 1009/1716/1248 1008/1715/1246
f 1009/1716/1248 989/1679/1247 990/1681/1249
f 990/1681/1249 1010/1717/1250 1009/1716/1248
f 1010/1717/1250 990/1681/1249 991/1683/1217
f 991/1683/1217 1011/1718/1251 1010/1717/1250
f 1011/1720/1251 991/1685/1217 992/1684/1218
f 992/1684/1218 1012/1719/1252 1011/1720/1251
f 1012/1719/1252 992/1684/1218 993/1686/1219
f 993/1686/1219 1013/1721/1253 1012/1719/1252
f 1013/1721/1253 993/1686/1219 994/1687/1220
f 994/1687/1220 1014/1722/1254 1013/1721/1253
f 1014/1722/1254 994/1687/1220 995/1688/1221
f 995/1688/1221 1015/1723/1255 1014/1722/1254
f 1015/1725/1255 995/1692/1221 996/1691/1223
f 996/1691/1223 1016/1724/1256 1015/1725/1255
f 1016/1724/1256 996/1691/1223 997/1694/1225
f 997/1694/1225 1017/1726/1257 1016/1724/1256
f 1017/1726/1257 997/1694/1225 998/1727/1258
f 998/1727/1258 1018/1728/1259 1017/1726/1257
f 1018/1728/1259 998/1727/1258 999/1704/1235
f 999/1704/1235 1019/1729/1260 1018/1728/1259
f 1019/1729/1260 999/1704/1235 1000/1703/1234
f 1000/1703/1234 1020/1730/1261 1019/1729/1260
f 1020/1730/1261 1000/1703/1234 1001/1706/1236
f 1001/1706/1236 1021/1731/1262 1020/1730/1261
f 1021/1733/1262 1001/1708/1236 1002/1707/1237
f 1002/1707/1237 1022/1732/1263 1021/1733/1262
f 1022/1732/1263 1002/1707/1237 1003/1709/1238
f 1003/1709/1238 1023/1734/1264 1022/1732/1263
f 1023/1734/1264 1003/1709/1238 985/1669/1206
f 985/1669/1206 1005/1711/1240 1023/1734/1264
f 1025/1736/1266 1005/1711/1240 1004/1710/1239
f 1004/1710/1239 1024/1735/1265 1025/1736/1266
f 1024/1738/1265 1004/1713/1239 1006/1712/1242
f 1006/1712/1242 1026/1737/1267 1024/1738/1265
f 1026/1737/1267 1006/1712/1242 1007/1714/1244
f 1007/1714/1244 1027/1739/1268 1026/1737/1267
f 1027/1739/1268 1007/1714/1244 1008/1715/1246
f 1008/1715/1246 1028/1740/1269 1027/1739/1268
f 1028/1740/1269 1008/1715/1246 1009/1716/1248
f 1009/1716/1248 1029/1741/1270 1028/1740/1269
f 1029/1741/1270 1009/1716/1248 1010/1717/1250
f 1010/1717/1250 1030/1742/1271 1029/1741/1270
f 1030/1742/1271 1010/1717/1250 1011/1718/1251
f 1011/1718/1251 1031/1743/1272 1030/1742/1271
f 1031/1745/1272 1011/1720/1251 1012/1719/1252
f 1012/1719/1252 1032/1744/1273 1031/1745/1272
f 1032/1744/1273 1012/1719/1252 1013/1721/1253
f 1013/1721/1253 1033/1746/1274 1032/1744/1273
f 1033/1746/1274 1013/1721/1253 1014/1722/1254
f 1014/1722/1254 1034/1747/1275 1033/1746/1274
f 1034/1747/1275 1014/1722/1254 1015/1723/1255
f 1015/1723/1255 1035/1748/1276 1034/1747/1275
f 1035/1750/1276 1015/1725/1255 1016/1724/1256
f 1016/1724/1256 1036/1749/1277 1035/1750/1276
f 1036/1749/1277 1016/1724/1256 1017/1726/1257
f 1017/1726/1257 1037/1751/1278 1036/1749/1277
f 1037/1751/1278 1017/1726/1257 1018/1728/1259
f 1018/1728/1259 1038/1752/1279 1037/1751/1278
f 1038/1752/1279 1018/1728/1259 1019/1729/1260
f 1019/1729/1260 1039/1753/1280 1038/1752/1279
f 1039/1753/1280 1019/1729/1260 1020/1730/1261
f 1020/1730/1261 1040/1754/1281 1039/1753/1280
f 1040/1754/1281 1020/1730/1261 1021/1731/1262
f 1021/1731/1262 1041/1755/1282 1040/1754/1281
f 1041/1757/1282 1021/1733/1262 1022/1732/1263
f 1022/1732/1263 1042/1756/1283 1041/1757/1282
f 1042/1756/1283 1022/1732/1263 1023/1734/1264
f 1023/1734/1264 1043/1758/1284 1042/1756/1283
f 1043/1758/1284 1023/1734/1264 1005/1711/1240
f 1005/1711/1240 1025/1736/1266 1043/1758/1284
f 1045/1760/1286 1025/1736/1266 1024/1735/1265
f 1024/1735/1265 1044/1759/1285 1045/1760/1286
f 1044/1762/1285 1024/1738/1265 1026/1737/1267
f 1026/1737/1267 1046/1761/1287 1044/1762/1285
f 1046/1761/1287 1026/1737/1267 1027/1739/1268
f 1027/1739/1268 1047/1763/1288 1046/1761/1287
f 1047/1763/1288 1027/1739/1268 1028/1740/1269
f 1028/1740/1269 1048/1764/1289 1047/1763/1288
f 1048/1764/1289 1028/1740/1269 1029/1741/1270
f 1029/1741/1270 1049/1765/1290 1048/1764/1289
f 1049/1765/1290 1029/1741/1270 1030/1742/1271
f 1030/1742/1271 1050/1766/1291 1049/1765/1290
f 1050/1766/1291 1030/1742/1271 1031/1743/1272
f 1031/1743/1272 1051/1767/1292 1050/1766/1291
f 1051/1769/1292 1031/1745/1272 1032/1744/1273
f 1032/1744/1273 1052/1768/1293 1051/1769/1292
f 1052/1768/1293 1032/1744/1273 1033/1746/1274
f 1033/1746/1274 1053/1770/1294 1052/1768/1293
f 1053/1770/1294 1033/1746/1274 1034/1747/1275
f 1034/1747/1275 1054/1771/1295 1053/1770/1294
f 1054/1771/1295 1034/1747/1275 1035/1748/1276
f 1035/1748/1276 1055/1772/1296 1054/1771/1295
f 1055/1774/1296 1035/1750/1276 1036/1749/1277
f 1036/1749/1277 1056/1773/1297 1055/1774/1296
f 1056/1773/1297 1036/1749/1277 1037/1751/1278
f 1037/1751/1278 1057/1775/1298 1056/1773/1297
f 1057/1775/1298 1037/1751/1278 1038/1752/1279
f 1038/1752/1279 1058/1776/1299 1057/1775/1298
f 1058/1776/1299 1038/1752/1279 1039/1753/1280
f 1039/1753/1280 1059/1777/1300 1058/1776/1299
f 1059/1777/1300 1039/1753/1280 1040/1754/1281
f 1040/1754/1281 1060/1778/1301 1059/1777/1300
f 1060/1778/1301 1040/1754/1281 1041/1755/1282
f 1041/1755/1282 1061/1779/1302 1060/1778/1301
f 1061/1781/1302 1041/1757/1282 1042/1756/1283
f 1042/1756/1283 1062/1780/1303 1061/1781/1302
f 1062/1780/1303 1042/1756/1283 1043/1758/1284
f 1043/1758/1284 1063/1782/1304 1062/1780/1303
f 1063/1782/1304 1043/1758/1284 1025/1736/1266
f 1025/1736/1266 1045/1760/1286 1063/1782/1304
f 1065/1784/1306 1045/1760/1286 1044/1759/1285
f 1044/1759/1285 1064/1783/1305 1065/1784/1306
f 1064/1786/1305 1044/1762/1285 1046/1761/1287
f 1046/1761/1287 1066/1785/1307 1064/1786/1305
f 1066/1785/1307 1046/1761/1287 1047/1763/1288
f 1047/1763/1288 1067/1787/1308 1066/1785/1307
f 1067/1787/1308 1047/1763/1288 1048/1764/1289
f 1048/1764/1289 1068/1788/1309 1067/1787/1308
f 1068/1788/1309 1048/1764/1289 1049/1765/1290
f 1049/1765/1290 1069/1789/1310 1068/1788/1309
f 1069/1789/1310 1049/1765/1290 1050/1766/1291
f 1050/1766/1291 1070/1790/1311 1069/1789/1310
f 1070/1790/1311 1050/1766/1291 1051/1767/1292
f 1051/1767/1292 1071/1791/1312 1070/1790/1311
f 1071/1793/1312 1051/1769/1292 1052/1768/1293
f 1052/1768/1293 1072/1792/1313 1071/1793/1312
f 1072/1792/1313 1052/1768/1293 1053/1770/1294
f 1053/1770/1294 1073/1794/1314 1072/1792/1313
f 1073/1794/1314 1053/1770/1294 1054/1771/1295
f 1054/1771/1295 1074/1795/1315 1073/1794/1314
f 1074/1795/1315 1054/1771/1295 1055/1772/1296
f 1055/1772/1296 1075/1796/1316 1074/1795/1315
f 1075/1798/1316 1055/1774/1296 1056/1773/1297
f 1056/1773/1297 1076/1797/1317 1075/1798/1316
f 1076/1797/1317 1056/1773/1297 1057/1775/1298
f 1057/1775/1298 1077/1799/1318 1076/1797/1317
f 1077/1799/1318 1057/1775/1298 1058/1776/1299
f 1058/1776/1299 1078/1800/1319 1077/1799/1318
f 1078/1800/1319 1058/1776/1299 1059/1777/1300
f 1059/1777/1300 1079/1801/1320 1078/1800/1319
f 1079/1801/1320 1059/1777/1300 1060/1778/1301
f 1060/1778/1301 1080/1802/1321 1079/1801/1320
f 1080/1802/1321 1060/1778/1301 1061/1779/1302
f 1061/1779/1302 1081/1803/1322 1080/1802/1321
f 1081/1805/1322 1061/1781/1302 1062/1780/1303
f 1062/1780/1303 1082/1804/1323 1081/1805/1322
f 1082/1804/1323 1062/1780/1303 1063/1782/1304
f 1063/1782/1304 1083/1806/1324 1082/1804/1323
f 1083/1806/1324 1063/1782/1304 1045/1760/1286
f 1045/1760/1286 1065/1784/1306 1083/1806/1324
f 1085/1808/1326 1065/1784/1306 1064/1783/1305
f 1064/1783/1305 1084/1807/1325 1085/1808/1326
f 1084/1810/1325 1064/1786/1305 1066/1785/1307
f 1066/1785/1307 1086/1809/1327 1084/1810/1325
f 1086/1809/1327 1066/1785/1307 1067/1787/1308
f 1067/1787/1308 1087/1811/1328 1086/1809/1327
f 1087/1811/1328 1067/1787/1308 1068/1788/1309
f 1068/1788/1309 1088/1812/1329 1087/1811/1328
f 1088/1812/1329 1068/1788/1309 1069/1789/1310
f 1069/1789/1310 1089/1813/1330 1088/1812/1329
f 1089/1813/1330 1069/1789/1310 1070/1790/1311
f 1070/1790/1311 1090/1814/1331 1089/1813/1330
f 1090/1814/1331 1070/1790/1311 1071/1791/1312
f 1071/1791/1312 1091/1815/1332 1090/1814/1331
f 1091/1817/1332 1071/1793/1312 1072/1792/1313
f 1072/1792/1313 1092/1816/1333 1091/1817/1332
f 1092/1816/1333 1072/1792/1313 1073/1794/1314
f 1073/1794/1314 1093/1818/1334 1092/1816/1333
f 1093/1818/1334 1073/1794/1314 1074/1795/1315
f 1074/1795/1315 1094/1819/1335 1093/1818/1334
f 1094/1819/1335 1074/1795/1315 1075/1796/1316
f 1075/1796/1316 1095/1820/1336 1094/1819/1335
f 1095/1822/1336 1075/1798/1316 1076/1797/1317
f 1076/1797/1317 1096/1821/1337 1095/1822/1336
f 1096/1821/1337 1076/1797/1317 1077/1799/1318
f 1077/1799/1318 1097/1823/1338 1096/1821/1337
f 1097/1823/1338 1077/1799/1318 1078/1800/1319
f 1078/1800/1319 1098/1824/1339 1097/1823/1338
f 1098/1824/1339 1078/1800/1319 1079/1801/1320
f 1079/1801/1320 1099/1825/1340 1098/1824/1339
f 1099/1825/1340 1079/1801/1320 1080/1802/1321
f 1080/1802/1321 1100/1826/1341 1099/1825/1340
f 1100/1826/1341 1080/1802/1321 1081/1803/1322
f 1081/1803/1322 1101/1827/1342 1100/1826/1341
f 1101/1829/1342 1081/1805/1322 1082/1804/1323
f 1082/1804/1323 1102/1828/1343 1101/1829/1342
f 1102/1828/1343 1082/1804/1323 1083/1806/1324
f 1083/1806/1324 1103/1830/1344 1102/1828/1343
f 1103/1830/1344 1083/1806/1324 1065/1784/1306
f 1065/1784/1306 1085/1808/1326 1103/1830/1344
f 1105/1834/1348 1085/1831/1345 1084/1832/1346
f 1084/1832/1346 1104/1833/1347 1105/1834/1348
f 1104/1833/1347 1084/1832/1346 1086/1835/1349
f 1086/1835/1349 1106/1836/1350 1104/1833/1347
f 1106/1838/1350 1086/1809/1349 1087/1811/1351
f 1087/1811/1351 1107/1837/1351 1106/1838/1350
f 1107/1837/1353 1087/1811/1328 1088/1812/1329
f 1088/1812/1329 1108/1839/1352 1107/1837/1353
f 1108/1839/1352 1088/1812/1329 1089/1813/1330
f 1089/1813/1330 1109/1840/1354 1108/1839/1352
f 1109/1840/1355 1089/1813/1355 1090/1814/1356
f 1090/1814/1356 1110/1841/1357 1109/1840/1355
f 1110/1845/1357 1090/1842/1356 1091/1843/1358
f 1091/1843/1358 1111/1844/1359 1110/1845/1357
f 1111/1844/1359 1091/1843/1358 1092/1846/1360
f 1092/1846/1360 1112/1847/1361 1111/1844/1359
f 1112/1847/1361 1092/1846/1360 1093/1848/1362
f 1093/1848/1362 1113/1849/1363 1112/1847/1361
f 1113/1849/1363 1093/1848/1362 1094/1850/1364
f 1094/1850/1364 1114/1851/1365 1113/1849/1363
f 1114/1851/1365 1094/1850/1364 1095/1852/1366
f 1095/1852/1366 1115/1853/1367 1114/1851/1365
f 1115/1853/1367 1095/1852/1366 1096/1854/1368
f 1096/1854/1368 1116/1855/1369 1115/1853/1367
f 1116/1857/1369 1096/1821/1368 1097/1823/1370
f 1097/1823/1370 1117/1856/1370 1116/1857/1369
f 1117/1856/1372 1097/1823/1338 1098/1824/1339
f 1098/1824/1339 1118/1858/1371 1117/1856/1372
f 1118/1858/1371 1098/1824/1339 1099/1825/1340
f 1099/1825/1340 1119/1859/1373 1118/1858/1371
f 1119/1859/1377 1099/1825/1374 1100/1826/1375
f 1100/1826/1375 1120/1860/1376 1119/1859/1377
f 1120/1864/1376 1100/1861/1375 1101/1862/1378
f 1101/1862/1378 1121/1863/1379 1120/1864/1376
f 1121/1863/1379 1101/1862/1378 1102/1865/1380
f 1102/1865/1380 1122/1866/1381 1121/1863/1379
f 1122/1866/1381 1102/1865/1380 1103/1867/1382
f 1103/1867/1382 1123/1868/1383 1122/1866/1381
f 1123/1868/1383 1103/1867/1382 1085/1831/1345
f 1085/1831/1345 1105/1834/1348 1123/1868/1383
f 1123/1868/1383 1113/1849/1363 1114/1851/1365
f 1114/1851/1365 1122/1866/1381 1123/1868/1383
f 1122/1866/1381 1114/1851/1365 1115/1853/1367
f 1115/1853/1367 1121/1863/1379 1122/1866/1381
f 1105/1834/1348 1112/1847/1361 1113/1849/1363
f 1113/1849/1363 1123/1868/1383 1105/1834/1348
f 1112/1847/1361 1105/1834/1348 1104/1833/1347
f 1104/1833/1347 1111/1844/1359 1112/1847/1361
f 1111/1844/1359 1104/1833/1347 1106/1836/1350
f 1106/1836/1350 1110/1845/1357 1111/1844/1359
f 1110/1845/1357 1106/1836/1350 1107/1869/1384
f 1107/1869/1384 1109/1870/1385 1110/1845/1357
f 1121/1863/1379 1115/1853/1367 1116/1855/1369
f 1116/1855/1369 1120/1864/1376 1121/1863/1379
f 1120/1864/1376 1116/1855/1369 1117/1871/1386
f 1117/1871/1386 1119/1872/1387 1120/1864/1376
f 1118/1873/1388 1119/1872/1387 1117/1871/1386
f 1108/1874/1389 1109/1870/1385 1107/1869/1384
f 1127/1878/1393 1124/1875/1390 1125/1876/1391
f 1125/1876/1391 1126/1877/1392 1127/1878/1393
f 1126/1882/1395 1125/1879/1394 1128/1880/1395
f 1128/1880/1395 1129/1881/1394 1126/1882/1395
f 1129/1886/1396 1128/1883/1396 1130/1884/1397
f 1130/1884/1397 1131/1885/1397 1129/1886/1396
f 1126/1882/1401 1129/1881/1398 1132/1887/1399
f 1132/1887/1399 1133/1888/1400 1126/1882/1401
f 1134/1889/1402 1135/1890/1403 1136/1891/1404
f 1132/1887/1399 1134/1889/1402 1136/1891/1404
f 1136/1891/1404 1133/1888/1400 1132/1887/1399
f 1127/1878/1408 1126/1877/1405 1133/1892/1406
f 1133/1892/1406 1137/1893/1407 1127/1878/1408
f 1138/1895/1412 1132/1894/1409 1129/1886/1410
f 1129/1886/1410 1131/1885/1411 1138/1895/1412
f 1140/1899/1416 1136/1896/1413 1135/1897/1414
f 1135/1897/1414 1139/1898/1415 1140/1899/1416
f 1139/1903/1417 1135/1900/1417 1134/1901/1418
f 1134/1901/1418 1141/1902/1419 1139/1903/1417
f 1137/1893/1407 1133/1892/1406 1136/1896/1413
f 1136/1896/1413 1140/1899/1416 1137/1893/1407
f 1141/1902/1419 1134/1901/1418 1132/1894/1409
f 1132/1894/1409 1138/1895/1412 1141/1902/1419
f 1145/1907/1423 1142/1904/1420 1143/1905/1421
f 1143/1905/1421 1144/1906/1422 1145/1907/1423
f 1149/1911/1427 1146/1908/1424 1147/1909/1425
f 1147/1909/1425 1148/1910/1426 1149/1911/1427
f 1142/1904/1420 1149/1911/1427 1148/1910/1426
f 1148/1910/1426 1143/1905/1421 1142/1904/1420
f 1144/1906/1422 1150/1912/1428 1151/1913/1429
f 1151/1913/1429 1145/1907/1423 1144/1906/1422
f 1148/1917/1432 1147/1914/1430 1152/1915/1430
f 1152/1915/1430 1153/1916/1431 1148/1917/1432
f 1143/1919/1434 1148/1917/1432 1153/1916/1431
f 1153/1916/1431 1154/1918/1433 1143/1919/1434
f 1144/1921/1436 1143/1919/1434 1154/1918/1433
f 1154/1918/1433 1155/1920/1435 1144/1921/1436
f 1150/1923/1438 1144/1921/1436 1155/1920/1435
f 1155/1920/1435 1156/1922/1437 1150/1923/1438
f 1142/1927/1442 1145/1924/1439 1157/1925/1440
f 1157/1925/1440 1158/1926/1441 1142/1927/1442
f 1145/1924/1439 1151/1928/1443 1159/1929/1444
f 1159/1929/1444 1157/1925/1440 1145/1924/1439
f 1149/1931/1446 1142/1927/1442 1158/1926/1441
f 1158/1926/1441 1160/1930/1445 1149/1931/1446
f 1146/1933/1448 1149/1931/1446 1160/1930/1445
f 1160/1930/1445 1161/1932/1447 1146/1933/1448
f 1162/1934/1449 1163/1935/1450 1164/1936/1451
f 1166/1938/1453 1165/1937/1452 1164/1936/1451
f 1164/1936/1451 1163/1935/1450 1166/1938/1453
f 1165/1937/1452 1166/1938/1453 1167/1939/1454
f 1167/1939/1454 1168/1940/1455 1165/1937/1452
f 1150/1923/1438 1156/1922/1437 1169/1941/1456
f 1159/1929/1444 1151/1928/1443 1170/1942/1457
f 1171/1943/1458 1159/1929/1444 1172/1944/1459
f 1172/1944/1459 1159/1929/1444 1173/1945/1460
f 1173/1945/1460 1159/1929/1444 1170/1942/1457
f 1169/1941/1456 1156/1922/1437 1174/1946/1461
f 1174/1946/1461 1156/1922/1437 1175/1947/1462
f 1175/1947/1462 1156/1922/1437 1176/1948/1463
f 1169/1952/1466 1170/1949/1464 1151/1950/1465
f 1151/1950/1465 1150/1951/1465 1169/1952/1466
f 1174/1954/1468 1173/1953/1467 1170/1949/1464
f 1170/1949/1464 1169/1952/1466 1174/1954/1468
f 1175/1956/1470 1172/1955/1469 1173/1953/1467
f 1173/1953/1467 1174/1954/1468 1175/1956/1470
f 1176/1958/1472 1171/1957/1471 1172/1955/1469
f 1172/1955/1469 1175/1956/1470 1176/1958/1472
f 1180/1962/1474 1177/1959/1473 1178/1960/1473
f 1178/1960/1473 1179/1961/1473 1180/1962/1474
f 1184/1966/1477 1181/1963/1475 1182/1964/1476
f 1182/1964/1476 1183/1965/1475 1184/1966/1477
f 1188/1970/1481 1185/1967/1478 1186/1968/1479
f 1186/1968/1479 1187/1969/1480 1188/1970/1481
f 1192/1974/1485 1189/1971/1482 1190/1972/1483
f 1190/1972/1483 1191/1973/1484 1192/1974/1485
f 1189/1971/1482 1193/1975/1486 1194/1976/1487
f 1194/1976/1487 1190/1972/1483 1189/1971/1482
f 1192/1974/1485 1191/1973/1484 1195/1977/1488
f 1195/1977/1488 1196/1978/1489 1192/1974/1485
f 1198/1982/1493 1180/1979/1490 1177/1980/1491
f 1177/1980/1491 1197/1981/1492 1198/1982/1493
f 1185/1967/1478 1188/1970/1481 1194/1976/1487
f 1194/1976/1487 1193/1975/1486 1185/1967/1478
f 1199/1986/1497 1187/1983/1494 1177/1984/1495
f 1177/1984/1495 1178/1985/1496 1199/1986/1497
f 1200/1988/1499 1188/1987/1498 1187/1983/1494
f 1187/1983/1494 1199/1986/1497 1200/1988/1499
f 1201/1990/1501 1194/1989/1500 1188/1987/1498
f 1188/1987/1498 1200/1988/1499 1201/1990/1501
f 1178/1994/1502 1177/1991/1502 1180/1992/1503
f 1180/1992/1503 1179/1993/1502 1178/1994/1502
f 1182/1998/1507 1181/1995/1504 1184/1996/1505
f 1184/1996/1505 1183/1997/1506 1182/1998/1507
f 1203/2002/1511 1191/1999/1508 1190/2000/1509
f 1190/2000/1509 1202/2001/1510 1203/2002/1511
f 1202/2001/1510 1190/2000/1509 1194/1989/1512
f 1194/1989/1512 1201/1990/1513 1202/2001/1510
f 1183/2004/1515 1184/2003/1514 1191/1999/1508
f 1191/1999/1508 1203/2002/1511 1183/2004/1515
f 1207/2008/1519 1204/2005/1516 1205/2006/1517
f 1205/2006/1517 1206/2007/1518 1207/2008/1519
f 1209/2010/1521 1208/2009/1520 1204/2005/1516
f 1204/2005/1516 1207/2008/1519 1209/2010/1521
f 1211/2012/1523 1210/2011/1522 1208/2009/1520
f 1208/2009/1520 1209/2010/1521 1211/2012/1523
f 1213/2014/1525 1212/2013/1524 1210/2011/1522
f 1210/2011/1522 1211/2012/1523 1213/2014/1525
f 1217/2018/1529 1214/2015/1526 1215/2016/1527
f 1215/2016/1527 1216/2017/1528 1217/2018/1529
f 1219/2020/1531 1218/2019/1530 1214/2015/1526
f 1214/2015/1526 1217/2018/1529 1219/2020/1531
f 1221/2022/1533 1220/2021/1532 1218/2019/1530
f 1218/2019/1530 1219/2020/1531 1221/2022/1533
f 1223/2024/1535 1222/2023/1534 1220/2021/1532
f 1220/2021/1532 1221/2022/1533 1223/2024/1535
f 1227/2028/1539 1224/2025/1536 1225/2026/1537
f 1225/2026/1537 1226/2027/1538 1227/2028/1539
f 1231/2032/1543 1228/2029/1540 1229/2030/1541
f 1229/2030/1541 1230/2031/1542 1231/2032/1543
f 1235/2036/1547 1232/2033/1544 1233/2034/1545
f 1233/2034/1545 1234/2035/1546 1235/2036/1547
f 1237/2038/1549 1236/2037/1548 1224/2025/1536
f 1224/2025/1536 1227/2028/1539 1237/2038/1549
f 1239/2040/1551 1238/2039/1550 1228/2029/1540
f 1228/2029/1540 1231/2032/1543 1239/2040/1551
f 1234/2035/1546 1233/2034/1545 1240/2041/1552
f 1240/2041/1552 1241/2042/1553 1234/2035/1546
f 1243/2044/1555 1242/2043/1554 1236/2037/1548
f 1236/2037/1548 1237/2038/1549 1243/2044/1555
f 1245/2046/1557 1244/2045/1556 1238/2039/1550
f 1238/2039/1550 1239/2040/1551 1245/2046/1557
f 1241/2042/1553 1240/2041/1552 1246/2047/1558
f 1246/2047/1558 1247/2048/1559 1241/2042/1553
f 1249/2050/1561 1248/2049/1560 1242/2043/1554
f 1242/2043/1554 1243/2044/1555 1249/2050/1561
f 1251/2052/1563 1250/2051/1562 1244/2045/1556
f 1244/2045/1556 1245/2046/1557 1251/2052/1563
f 1247/2048/1559 1246/2047/1558 1252/2053/1564
f 1252/2053/1564 1253/2054/1565 1247/2048/1559
f 1257/2058/1569 1254/2055/1566 1255/2056/1567
f 1255/2056/1567 1256/2057/1568 1257/2058/1569
f 1261/2062/1573 1258/2059/1570 1259/2060/1571
f 1259/2060/1571 1260/2061/1572 1261/2062/1573
f 1265/2066/1577 1262/2063/1574 1263/2064/1575
f 1263/2064/1575 1264/2065/1576 1265/2066/1577
f 1267/2068/1579 1266/2067/1578 1254/2055/1566
f 1254/2055/1566 1257/2058/1569 1267/2068/1579
f 1269/2070/1581 1268/2069/1580 1258/2059/1570
f 1258/2059/1570 1261/2062/1573 1269/2070/1581
f 1264/2065/1576 1263/2064/1575 1270/2071/1582
f 1270/2071/1582 1271/2072/1583 1264/2065/1576
f 1273/2074/1585 1272/2073/1584 1266/2067/1578
f 1266/2067/1578 1267/2068/1579 1273/2074/1585
f 1275/2076/1587 1274/2075/1586 1268/2069/1580
f 1268/2069/1580 1269/2070/1581 1275/2076/1587
f 1271/2072/1583 1270/2071/1582 1276/2077/1588
f 1276/2077/1588 1277/2078/1589 1271/2072/1583
f 1279/2080/1591 1278/2079/1590 1272/2073/1584
f 1272/2073/1584 1273/2074/1585 1279/2080/1591
f 1281/2082/1593 1280/2081/1592 1274/2075/1586
f 1274/2075/1586 1275/2076/1587 1281/2082/1593
f 1277/2078/1589 1276/2077/1588 1282/2083/1594
f 1282/2083/1594 1283/2084/1595 1277/2078/1589
f 1285/2088/1597 1206/2085/1596 1205/2086/1597
f 1205/2086/1597 1284/2087/1597 1285/2088/1597
f 1287/2092/1601 1212/2089/1598 1213/2090/1599
f 1213/2090/1599 1286/2091/1600 1287/2092/1601
f 1289/2096/1603 1216/2093/1602 1215/2094/1602
f 1215/2094/1602 1288/2095/1602 1289/2096/1603
f 1291/2100/1604 1222/2097/1604 1223/2098/1605
f 1223/2098/1605 1290/2099/1606 1291/2100/1604
f 1293/2104/1607 1226/2101/1607 1225/2102/1607
f 1225/2102/1607 1292/2103/1608 1293/2104/1607
f 1295/2108/1611 1230/2105/1609 1229/2106/1610
f 1229/2106/1610 1294/2107/1609 1295/2108/1611
f 1232/2109/1612 1235/2110/1612 1296/2111/1612
f 1248/2115/1613 1249/2112/1613 1297/2113/1614
f 1297/2113/1614 1298/2114/1615 1248/2115/1613
f 1250/2119/1619 1251/2116/1616 1299/2117/1617
f 1299/2117/1617 1300/2118/1618 1250/2119/1619
f 1252/2120/1620 1301/2121/1621 1253/2122/1622
f 1303/2126/1625 1256/2123/1623 1255/2124/1624
f 1255/2124/1624 1302/2125/1625 1303/2126/1625
f 1305/2130/1628 1260/2127/1626 1259/2128/1627
f 1259/2128/1627 1304/2129/1626 1305/2130/1628
f 1262/2131/1629 1265/2132/1630 1306/2133/1629
f 1278/2137/1633 1279/2134/1631 1307/2135/1631
f 1307/2135/1631 1308/2136/1632 1278/2137/1633
f 1280/2141/1635 1281/2138/1634 1309/2139/1635
f 1309/2139/1635 1310/2140/1634 1280/2141/1635
f 1282/2142/1636 1311/2143/1636 1283/2144/1636
f 1287/2148/1640 1286/2145/1637 1285/2146/1638
f 1285/2146/1638 1284/2147/1639 1287/2148/1640
f 1300/2152/1644 1299/2149/1641 1295/2150/1642
f 1295/2150/1642 1294/2151/1643 1300/2152/1644
f 1298/2156/1647 1297/2153/1645 1293/2154/1646
f 1293/2154/1646 1292/2155/1647 1298/2156/1647
f 1303/2160/1651 1302/2157/1648 1308/2158/1649
f 1308/2158/1649 1307/2159/1650 1303/2160/1651
f 1305/2164/1654 1304/2161/1652 1310/2162/1653
f 1310/2162/1653 1309/2163/1652 1305/2164/1654
f 1289/2168/1656 1288/2165/1655 1291/2166/1656
f 1291/2166/1656 1290/2167/1657 1289/2168/1656
f 1204/2005/1516 1312/2169/1658 1313/2170/1659
f 1313/2170/1659 1205/2006/1517 1204/2005/1516
f 1206/2007/1518 1314/2171/1660 1315/2172/1661
f 1315/2172/1661 1207/2008/1519 1206/2007/1518
f 1208/2009/1520 1316/2173/1662 1312/2169/1658
f 1312/2169/1658 1204/2005/1516 1208/2009/1520
f 1207/2008/1519 1315/2172/1661 1317/2174/1663
f 1317/2174/1663 1209/2010/1521 1207/2008/1519
f 1210/2011/1522 1318/2175/1664 1316/2173/1662
f 1316/2173/1662 1208/2009/1520 1210/2011/1522
f 1209/2010/1521 1317/2174/1663 1319/2176/1665
f 1319/2176/1665 1211/2012/1523 1209/2010/1521
f 1212/2013/1524 1320/2177/1666 1318/2175/1664
f 1318/2175/1664 1210/2011/1522 1212/2013/1524
f 1211/2012/1523 1319/2176/1665 1321/2178/1667
f 1321/2178/1667 1213/2014/1525 1211/2012/1523
f 1214/2015/1526 1322/2179/1668 1323/2180/1669
f 1323/2180/1669 1215/2016/1527 1214/2015/1526
f 1216/2017/1528 1324/2181/1670 1325/2182/1671
f 1325/2182/1671 1217/2018/1529 1216/2017/1528
f 1218/2019/1530 1326/2183/1672 1322/2179/1668
f 1322/2179/1668 1214/2015/1526 1218/2019/1530
f 1217/2018/1529 1325/2182/1671 1327/2184/1673
f 1327/2184/1673 1219/2020/1531 1217/2018/1529
f 1220/2021/1532 1328/2185/1674 1326/2183/1672
f 1326/2183/1672 1218/2019/1530 1220/2021/1532
f 1219/2020/1531 1327/2184/1673 1329/2186/1675
f 1329/2186/1675 1221/2022/1533 1219/2020/1531
f 1222/2023/1534 1330/2187/1676 1328/2185/1674
f 1328/2185/1674 1220/2021/1532 1222/2023/1534
f 1221/2022/1533 1329/2186/1675 1331/2188/1677
f 1331/2188/1677 1223/2024/1535 1221/2022/1533
f 1224/2025/1679 1332/2189/1678 1333/2190/1679
f 1333/2190/1679 1225/2026/1678 1224/2025/1679
f 1226/2027/1538 1334/2191/1680 1335/2192/1681
f 1335/2192/1681 1227/2028/1539 1226/2027/1538
f 1228/2029/1540 1335/2192/1681 1334/2191/1680
f 1334/2191/1680 1229/2030/1541 1228/2029/1540
f 1230/2031/1542 1313/2170/1659 1312/2169/1658
f 1312/2169/1658 1231/2032/1543 1230/2031/1542
f 1232/2033/1544 1336/2193/1682 1337/2194/1683
f 1337/2194/1683 1233/2034/1545 1232/2033/1544
f 1234/2035/1546 1315/2172/1661 1314/2171/1660
f 1314/2171/1660 1235/2036/1547 1234/2035/1546
f 1236/2037/1684 1338/2195/1684 1332/2189/1678
f 1332/2189/1678 1224/2025/1679 1236/2037/1684
f 1227/2028/1539 1335/2192/1681 1339/2196/1685
f 1339/2196/1685 1237/2038/1549 1227/2028/1539
f 1238/2039/1550 1339/2196/1685 1335/2192/1681
f 1335/2192/1681 1228/2029/1540 1238/2039/1550
f 1231/2032/1543 1312/2169/1658 1316/2173/1662
f 1316/2173/1662 1239/2040/1551 1231/2032/1543
f 1233/2034/1545 1337/2194/1683 1340/2197/1686
f 1340/2197/1686 1240/2041/1552 1233/2034/1545
f 1241/2042/1553 1317/2174/1663 1315/2172/1661
f 1315/2172/1661 1234/2035/1546 1241/2042/1553
f 1242/2043/1688 1341/2198/1687 1338/2195/1684
f 1338/2195/1684 1236/2037/1684 1242/2043/1688
f 1237/2038/1549 1339/2196/1685 1342/2199/1689
f 1342/2199/1689 1243/2044/1555 1237/2038/1549
f 1244/2045/1556 1342/2199/1689 1339/2196/1685
f 1339/2196/1685 1238/2039/1550 1244/2045/1556
f 1239/2040/1551 1316/2173/1662 1318/2175/1664
f 1318/2175/1664 1245/2046/1557 1239/2040/1551
f 1240/2041/1552 1340/2197/1686 1343/2200/1690
f 1343/2200/1690 1246/2047/1558 1240/2041/1552
f 1247/2048/1559 1319/2176/1665 1317/2174/1663
f 1317/2174/1663 1241/2042/1553 1247/2048/1559
f 1248/2049/1692 1344/2201/1691 1341/2198/1687
f 1341/2198/1687 1242/2043/1688 1248/2049/1692
f 1243/2044/1555 1342/2199/1689 1345/2202/1693
f 1345/2202/1693 1249/2050/1561 1243/2044/1555
f 1250/2051/1562 1345/2202/1693 1342/2199/1689
f 1342/2199/1689 1244/2045/1556 1250/2051/1562
f 1245/2046/1557 1318/2175/1664 1320/2177/1666
f 1320/2177/1666 1251/2052/1563 1245/2046/1557
f 1246/2047/1558 1343/2200/1690 1346/2203/1694
f 1346/2203/1694 1252/2053/1564 1246/2047/1558
f 1253/2054/1565 1321/2178/1667 1319/2176/1665
f 1319/2176/1665 1247/2048/1559 1253/2054/1565
f 1254/2055/1695 1341/2204/1695 1344/2205/1696
f 1344/2205/1696 1255/2056/1697 1254/2055/1695
f 1256/2057/1568 1347/2206/1698 1348/2207/1699
f 1348/2207/1699 1257/2058/1569 1256/2057/1568
f 1258/2059/1570 1348/2207/1699 1347/2206/1698
f 1347/2206/1698 1259/2060/1571 1258/2059/1570
f 1260/2061/1572 1323/2180/1669 1322/2179/1668
f 1322/2179/1668 1261/2062/1573 1260/2061/1572
f 1262/2063/1574 1349/2208/1700 1350/2209/1701
f 1350/2209/1701 1263/2064/1575 1262/2063/1574
f 1264/2065/1576 1325/2182/1671 1324/2181/1670
f 1324/2181/1670 1265/2066/1577 1264/2065/1576
f 1266/2067/1703 1338/2210/1702 1341/2204/1695
f 1341/2204/1695 1254/2055/1695 1266/2067/1703
f 1257/2058/1569 1348/2207/1699 1351/2211/1704
f 1351/2211/1704 1267/2068/1579 1257/2058/1569
f 1268/2069/1580 1351/2211/1704 1348/2207/1699
f 1348/2207/1699 1258/2059/1570 1268/2069/1580
f 1261/2062/1573 1322/2179/1668 1326/2183/1672
f 1326/2183/1672 1269/2070/1581 1261/2062/1573
f 1263/2064/1575 1350/2209/1701 1352/2212/1705
f 1352/2212/1705 1270/2071/1582 1263/2064/1575
f 1271/2072/1583 1327/2184/1673 1325/2182/1671
f 1325/2182/1671 1264/2065/1576 1271/2072/1583
f 1272/2073/1706 1332/2213/1706 1338/2210/1702
f 1338/2210/1702 1266/2067/1703 1272/2073/1706
f 1267/2068/1579 1351/2211/1704 1353/2214/1707
f 1353/2214/1707 1273/2074/1585 1267/2068/1579
f 1274/2075/1586 1353/2214/1707 1351/2211/1704
f 1351/2211/1704 1268/2069/1580 1274/2075/1586
f 1269/2070/1581 1326/2183/1672 1328/2185/1674
f 1328/2185/1674 1275/2076/1587 1269/2070/1581
f 1270/2071/1582 1352/2212/1705 1354/2215/1708
f 1354/2215/1708 1276/2077/1588 1270/2071/1582
f 1277/2078/1589 1329/2186/1675 1327/2184/1673
f 1327/2184/1673 1271/2072/1583 1277/2078/1589
f 1278/2079/1710 1333/2216/1709 1332/2213/1706
f 1332/2213/1706 1272/2073/1706 1278/2079/1710
f 1273/2074/1585 1353/2214/1707 1355/2217/1711
f 1355/2217/1711 1279/2080/1591 1273/2074/1585
f 1280/2081/1592 1355/2217/1711 1353/2214/1707
f 1353/2214/1707 1274/2075/1586 1280/2081/1592
f 1275/2076/1587 1328/2185/1674 1330/2187/1676
f 1330/2187/1676 1281/2082/1593 1275/2076/1587
f 1276/2077/1588 1354/2215/1708 1356/2218/1712
f 1356/2218/1712 1282/2083/1594 1276/2077/1588
f 1283/2084/1595 1331/2188/1677 1329/2186/1675
f 1329/2186/1675 1277/2078/1589 1283/2084/1595
f 1284/2087/1597 1205/2086/1597 1313/2219/1713
f 1313/2219/1713 1357/2220/1714 1284/2087/1597
f 1206/2085/1715 1285/2088/1597 1296/2111/1612
f 1296/2111/1612 1314/2221/1715 1206/2085/1715
f 1213/2090/1599 1321/2222/1716 1301/2121/1621
f 1301/2121/1621 1286/2091/1600 1213/2090/1599
f 1287/2092/1601 1358/2223/1717 1320/2224/1718
f 1320/2224/1718 1212/2089/1598 1287/2092/1601
f 1288/2095/1602 1215/2094/1602 1323/2225/1719
f 1323/2225/1719 1359/2226/1719 1288/2095/1602
f 1289/2096/1603 1306/2133/1629 1324/2227/1720
f 1324/2227/1720 1216/2093/1602 1289/2096/1603
f 1223/2098/1605 1331/2228/1721 1311/2143/1636
f 1311/2143/1636 1290/2099/1606 1223/2098/1605
f 1291/2100/1604 1360/2229/1722 1330/2230/1722
f 1330/2230/1722 1222/2097/1722 1291/2100/1604
f 1292/2103/1608 1225/2102/1607 1333/2231/1723
f 1333/2231/1723 1361/2232/1724 1292/2103/1608
f 1226/2101/1607 1293/2104/1607 1362/2233/1725
f 1362/2233/1725 1334/2234/1726 1226/2101/1607
f 1294/2107/1609 1229/2106/1610 1334/2234/1726
f 1334/2234/1726 1362/2233/1725 1294/2107/1609
f 1230/2105/1609 1295/2108/1611 1357/2220/1714
f 1357/2220/1714 1313/2219/1713 1230/2105/1609
f 1235/2110/1612 1314/2221/1727 1296/2111/1612
f 1296/2111/1612 1336/2235/1728 1232/2109/1612
f 1249/2112/1613 1345/2236/1729 1363/2237/1730
f 1363/2237/1730 1297/2113/1614 1249/2112/1613
f 1298/2114/1615 1364/2238/1731 1344/2239/1731
f 1344/2239/1731 1248/2115/1613 1298/2114/1615
f 1251/2116/1733 1320/2224/1718 1358/2223/1717
f 1358/2223/1717 1299/2117/1732 1251/2116/1733
f 1300/2118/1618 1363/2237/1730 1345/2236/1729
f 1345/2236/1729 1250/2119/1619 1300/2118/1618
f 1252/2120/1620 1346/2240/1734 1301/2121/1621
f 1301/2121/1621 1321/2222/1716 1253/2122/1622
f 1302/2125/1625 1255/2124/1624 1344/2239/1731
f 1344/2239/1731 1364/2238/1731 1302/2125/1625
f 1256/2123/1623 1303/2126/1625 1365/2241/1735
f 1365/2241/1735 1347/2242/1736 1256/2123/1623
f 1304/2129/1626 1259/2128/1627 1347/2242/1737
f 1347/2242/1737 1365/2241/1738 1304/2129/1626
f 1260/2127/1626 1305/2130/1628 1359/2226/1719
f 1359/2226/1719 1323/2225/1719 1260/2127/1626
f 1265/2132/1630 1324/2227/1720 1306/2133/1629
f 1306/2133/1629 1349/2243/1739 1262/2131/1629
f 1279/2134/1631 1355/2244/1740 1366/2245/1741
f 1366/2245/1741 1307/2135/1631 1279/2134/1631
f 1308/2136/1632 1361/2232/1724 1333/2231/1723
f 1333/2231/1723 1278/2137/1633 1308/2136/1632
f 1281/2138/1742 1330/2230/1742 1360/2229/1722
f 1360/2229/1722 1309/2139/1635 1281/2138/1742
f 1310/2140/1634 1366/2245/1741 1355/2244/1740
f 1355/2244/1740 1280/2141/1635 1310/2140/1634
f 1282/2142/1636 1356/2246/1743 1311/2143/1636
f 1311/2143/1636 1331/2228/1744 1283/2144/1636
f 1301/2250/1745 1346/2247/1745 1336/2248/1745
f 1336/2248/1745 1296/2249/1745 1301/2250/1745
f 1286/2145/1746 1301/2250/1746 1296/2249/1747
f 1296/2249/1747 1285/2146/1747 1286/2145/1746
f 1284/2147/1749 1357/2251/1748 1358/2252/1749
f 1358/2252/1749 1287/2148/1750 1284/2147/1749
f 1299/2149/1753 1358/2252/1751 1357/2251/1752
f 1357/2251/1752 1295/2150/1751 1299/2149/1753
f 1294/2256/1755 1362/2253/1754 1363/2254/1755
f 1363/2254/1755 1300/2255/1754 1294/2256/1755
f 1297/2153/1756 1363/2254/1756 1362/2253/1757
f 1362/2253/1757 1293/2154/1756 1297/2153/1756
f 1292/2155/1758 1361/2257/1758 1364/2258/1758
f 1364/2258/1758 1298/2156/1759 1292/2155/1758
f 1302/2157/1763 1364/2259/1760 1361/2260/1761
f 1361/2260/1761 1308/2158/1762 1302/2157/1763
f 1307/2159/1764 1366/2261/1764 1365/2262/1764
f 1365/2262/1764 1303/2160/1764 1307/2159/1764
f 1304/2264/1766 1365/2262/1765 1366/2261/1766
f 1366/2261/1766 1310/2263/1767 1304/2264/1766
f 1309/2163/1770 1360/2265/1768 1359/2266/1769
f 1359/2266/1769 1305/2164/1770 1309/2163/1770
f 1288/2165/1772 1359/2266/1771 1360/2265/1772
f 1360/2265/1772 1291/2166/1771 1288/2165/1772
f 1290/2167/1774 1311/2267/1773 1306/2268/1774
f 1306/2268/1774 1289/2168/1775 1290/2167/1774
f 1311/2267/1777 1356/2269/1776 1349/849/1777
f 1349/849/1777 1306/2268/1777 1311/2267/1777
f 1370/2273/1781 1367/2270/1778 1368/2271/1779
f 1368/2271/1779 1369/2272/1780 1370/2273/1781
f 1374/2277/1785 1371/2274/1782 1372/2275/1783
f 1372/2275/1783 1373/2276/1784 1374/2277/1785
f 1378/2281/1789 1375/2278/1786 1376/2279/1787
f 1376/2279/1787 1377/2280/1788 1378/2281/1789
f 1382/2285/1793 1379/2282/1790 1380/2283/1791
f 1380/2283/1791 1381/2284/1792 1382/2285/1793
f 1386/2289/1797 1383/2286/1794 1384/2287/1795
f 1384/2287/1795 1385/2288/1796 1386/2289/1797
f 1385/2288/1796 1384/2287/1795 1367/2270/1778
f 1367/2270/1778 1370/2273/1781 1385/2288/1796
f 1389/2292/1800 1387/2290/1798 1368/2271/1779
f 1368/2271/1779 1388/2291/1799 1389/2292/1800
f 1393/2296/775 1390/2293/1801 1391/2294/1802
f 1391/2294/1802 1392/2295/775 1393/2296/775
f 1371/2274/1782 1391/2294/1802 1390/2293/1801
f 1390/2293/1801 1372/2275/1783 1371/2274/1782
f 1395/2298/1803 1374/2277/1785 1373/2276/1784
f 1373/2276/1784 1394/2297/1803 1395/2298/1803
f 1399/2302/1807 1396/2299/1804 1397/2300/1805
f 1397/2300/1805 1398/2301/1806 1399/2302/1807
f 1375/2278/1786 1397/2300/1805 1396/2299/1804
f 1396/2299/1804 1376/2279/1787 1375/2278/1786
f 1401/2304/1809 1378/2281/1789 1377/2280/1788
f 1377/2280/1788 1400/2303/1808 1401/2304/1809
f 1405/2308/1813 1402/2305/1810 1403/2306/1811
f 1403/2306/1811 1404/2307/1812 1405/2308/1813
f 1404/2307/1812 1403/2306/1811 1379/2282/1790
f 1379/2282/1790 1382/2285/1793 1404/2307/1812
f 1408/2311/1816 1406/2309/1814 1380/2283/1791
f 1380/2283/1791 1407/2310/1815 1408/2311/1816
f 1411/2314/1819 1409/2312/1817 1410/2313/1818
f 1410/2313/1818 1407/2310/1815 1411/2314/1819
f 1379/2282/1790 1411/2314/1819 1407/2310/1815
f 1407/2310/1815 1380/2283/1791 1379/2282/1790
f 1381/2284/1792 1377/2280/1820 1376/2279/1821
f 1376/2279/1821 1382/2285/1793 1381/2284/1792
f 1415/2318/1825 1412/2315/1822 1413/2316/1823
f 1413/2316/1823 1414/2317/1824 1415/2318/1825
f 1402/2305/1810 1415/2318/1825 1414/2317/1824
f 1414/2317/1824 1403/2306/1811 1402/2305/1810
f 1404/2307/1812 1396/2299/1826 1399/2302/1827
f 1399/2302/1827 1405/2308/1813 1404/2307/1812
f 1414/2317/1824 1413/2316/1823 1409/2312/1817
f 1409/2312/1817 1411/2314/1819 1414/2317/1824
f 1403/2306/1811 1414/2317/1824 1411/2314/1819
f 1411/2314/1819 1379/2282/1790 1403/2306/1811
f 1382/2285/1793 1376/2279/1821 1396/2299/1826
f 1396/2299/1826 1404/2307/1812 1382/2285/1793
f 1416/2319/1829 1400/2303/1828 1377/2280/1820
f 1377/2280/1820 1381/2284/1792 1416/2319/1829
f 1406/2309/1814 1416/2319/1829 1381/2284/1792
f 1381/2284/1792 1380/2283/1791 1406/2309/1814
f 1407/2310/1815 1410/2313/1818 1417/2004/1830
f 1417/2004/1830 1408/2311/1816 1407/2310/1815
f 1418/2322/1833 1409/2320/1831 1413/2321/1832
f 1413/2321/1832 1388/2291/1799 1418/2322/1833
f 1367/2270/1778 1418/2322/1833 1388/2291/1799
f 1388/2291/1799 1368/2271/1779 1367/2270/1778
f 1369/2272/1780 1373/2276/1834 1372/2275/1835
f 1372/2275/1835 1370/2273/1781 1369/2272/1780
f 1420/2326/1839 1417/2323/1836 1410/2324/1837
f 1410/2324/1837 1419/2325/1838 1420/2326/1839
f 1383/2286/1794 1420/2326/1839 1419/2325/1838
f 1419/2325/1838 1384/2287/1795 1383/2286/1794
f 1385/2288/1796 1390/2293/1840 1393/2296/1841
f 1393/2296/1841 1386/2289/1797 1385/2288/1796
f 1419/2325/1838 1410/2324/1837 1409/2320/1831
f 1409/2320/1831 1418/2322/1833 1419/2325/1838
f 1384/2287/1795 1419/2325/1838 1418/2322/1833
f 1418/2322/1833 1367/2270/1778 1384/2287/1795
f 1370/2273/1781 1372/2275/1835 1390/2293/1840
f 1390/2293/1840 1385/2288/1796 1370/2273/1781
f 1421/2327/1843 1394/2297/1842 1373/2276/1834
f 1373/2276/1834 1369/2272/1780 1421/2327/1843
f 1387/2290/1798 1421/2327/1843 1369/2272/1780
f 1369/2272/1780 1368/2271/1779 1387/2290/1798
f 1388/2291/1799 1413/2321/1832 1412/2328/1844
f 1412/2328/1844 1389/2292/1800 1388/2291/1799
f 1423/2332/1848 1422/2329/1845 1412/2330/1846
f 1412/2330/1846 1415/2331/1847 1423/2332/1848
f 1395/2336/1849 1394/2333/1849 1421/2334/1850
f 1421/2334/1850 1424/2335/1851 1395/2336/1849
f 1425/2338/1853 1423/2332/1848 1415/2331/1847
f 1415/2331/1847 1402/2337/1852 1425/2338/1853
f 1426/2340/654 1425/2338/1853 1402/2337/1852
f 1402/2337/1852 1405/2339/654 1426/2340/654
f 1398/2342/654 1426/2340/654 1405/2339/654
f 1405/2339/654 1399/2341/654 1398/2342/654
f 1424/2335/1851 1421/2334/1850 1387/2343/1854
f 1387/2343/1854 1427/2344/1855 1424/2335/1851
f 1427/2344/1855 1387/2343/1854 1389/2345/1856
f 1389/2345/1856 1428/2346/1857 1427/2344/1855
f 1428/2346/1857 1389/2345/1856 1412/2330/1846
f 1412/2330/1846 1422/2329/1845 1428/2346/1857
f 1431/2350/1861 1392/2347/1858 1429/2348/1859
f 1429/2348/1859 1430/2349/1860 1431/2350/1861
f 1430/2349/1860 1429/2348/1859 1432/2351/1862
f 1432/2351/1862 1433/2352/1863 1430/2349/1860
f 1433/2352/1863 1432/2351/1862 1434/2353/1864
f 1434/2353/1864 1435/2354/1865 1433/2352/1863
f 1435/2354/1865 1434/2353/1864 1395/2355/1866
f 1395/2355/1866 1424/2356/1867 1435/2354/1865
f 1437/2358/1869 1431/2350/1861 1430/2349/1860
f 1430/2349/1860 1436/2357/1868 1437/2358/1869
f 1436/2357/1868 1430/2349/1860 1433/2352/1863
f 1433/2352/1863 1438/2359/1870 1436/2357/1868
f 1438/2359/1870 1433/2352/1863 1435/2354/1865
f 1435/2354/1865 1439/2360/1871 1438/2359/1870
f 1439/2360/1871 1435/2354/1865 1424/2356/1867
f 1424/2356/1867 1427/2361/1872 1439/2360/1871
f 1441/2363/1874 1437/2358/1869 1436/2357/1868
f 1436/2357/1868 1440/2362/1873 1441/2363/1874
f 1440/2362/1873 1436/2357/1868 1438/2359/1870
f 1438/2359/1870 1442/2364/1875 1440/2362/1873
f 1442/2364/1875 1438/2359/1870 1439/2360/1871
f 1439/2360/1871 1443/2365/1876 1442/2364/1875
f 1443/2365/1876 1439/2360/1871 1427/2361/1872
f 1427/2361/1872 1428/2366/1877 1443/2365/1876
f 1445/2368/1879 1441/2363/1874 1440/2362/1873
f 1440/2362/1873 1444/2367/1878 1445/2368/1879
f 1444/2367/1878 1440/2362/1873 1442/2364/1875
f 1442/2364/1875 1446/2369/1880 1444/2367/1878
f 1446/2369/1880 1442/2364/1875 1443/2365/1876
f 1443/2365/1876 1447/2370/1881 1446/2369/1880
f 1447/2370/1881 1443/2365/1876 1428/2366/1877
f 1428/2366/1877 1422/2371/1882 1447/2370/1881
f 1449/2373/1886 1445/2368/1883 1444/2367/1884
f 1444/2367/1884 1448/2372/1885 1449/2373/1886
f 1448/2372/1885 1444/2367/1884 1446/2369/1887
f 1446/2369/1887 1450/2374/1888 1448/2372/1885
f 1450/2374/1888 1446/2369/1887 1447/2370/1889
f 1447/2370/1889 1451/2375/1890 1450/2374/1888
f 1451/2375/1890 1447/2370/1889 1422/2371/1891
f 1422/2371/1891 1423/2376/1892 1451/2375/1890
f 1453/2378/1894 1449/2373/1886 1448/2372/1885
f 1448/2372/1885 1452/2377/1893 1453/2378/1894
f 1452/2377/1893 1448/2372/1885 1450/2374/1888
f 1450/2374/1888 1454/2379/1895 1452/2377/1893
f 1454/2379/1895 1450/2374/1888 1451/2375/1890
f 1451/2375/1890 1455/2380/1896 1454/2379/1895
f 1455/2380/1896 1451/2375/1890 1423/2376/1892
f 1423/2376/1892 1425/2381/1897 1455/2380/1896
f 1457/2383/1899 1453/2378/1894 1452/2377/1893
f 1452/2377/1893 1456/2382/1898 1457/2383/1899
f 1456/2382/1898 1452/2377/1893 1454/2379/1895
f 1454/2379/1895 1458/2384/1900 1456/2382/1898
f 1458/2384/1900 1454/2379/1895 1455/2380/1896
f 1455/2380/1896 1459/2385/1901 1458/2384/1900
f 1459/2385/1901 1455/2380/1896 1425/2381/1897
f 1425/2381/1897 1426/2386/1902 1459/2385/1901
f 1401/2388/1904 1457/2383/1899 1456/2382/1898
f 1456/2382/1898 1460/2387/1903 1401/2388/1904
f 1460/2387/1903 1456/2382/1898 1458/2384/1900
f 1458/2384/1900 1461/2389/1905 1460/2387/1903
f 1461/2389/1905 1458/2384/1900 1459/2385/1901
f 1459/2385/1901 1462/2390/1906 1461/2389/1905
f 1462/2390/1906 1459/2385/1901 1426/2386/1902
f 1426/2386/1902 1398/2391/1907 1462/2390/1906
f 1466/2395/1908 1463/2392/1908 1464/2393/1909
f 1464/2393/1909 1465/2394/1910 1466/2395/1908
f 1470/2399/1913 1467/2396/1911 1468/2397/1911
f 1468/2397/1911 1469/2398/1912 1470/2399/1913
f 1474/2403/1917 1471/2400/1914 1472/2401/1915
f 1472/2401/1915 1473/2402/1916 1474/2403/1917
f 1478/2407/1921 1475/2404/1918 1476/2405/1919
f 1476/2405/1919 1477/2406/1920 1478/2407/1921
f 1475/2404/1918 1479/2408/1922 1480/2409/1923
f 1480/2409/1923 1476/2405/1919 1475/2404/1918
f 1478/2407/1921 1477/2406/1920 1468/2410/1924
f 1468/2410/1924 1467/2411/1925 1478/2407/1921
f 1472/2401/1915 1464/2412/1926 1463/2413/1926
f 1463/2413/1926 1473/2402/1916 1472/2401/1915
f 1471/2400/1914 1474/2403/1917 1480/2409/1923
f 1480/2409/1923 1479/2408/1922 1471/2400/1914
f 1469/2417/1927 1468/2414/1927 1477/2415/1928
f 1477/2415/1928 1481/2416/1929 1469/2417/1927
f 1481/2416/1929 1477/2415/1928 1476/2418/1930
f 1476/2418/1930 1482/2419/1931 1481/2416/1929
f 1482/2419/1931 1476/2418/1930 1480/2420/1932
f 1480/2420/1932 1483/2421/1933 1482/2419/1931
f 1483/2425/1934 1480/2422/1934 1474/2423/1935
f 1474/2423/1935 1484/2424/1936 1483/2425/1934
f 1484/2424/1936 1474/2423/1935 1473/2426/1937
f 1473/2426/1937 1485/2427/1938 1484/2424/1936
f 1485/2427/1938 1473/2426/1937 1463/2428/1939
f 1463/2428/1939 1466/2429/1940 1485/2427/1938
f 1465/2394/1944 1464/2393/1941 1472/2430/1942
f 1472/2430/1942 1486/2431/1943 1465/2394/1944
f 1486/2431/1943 1472/2430/1942 1471/2432/1945
f 1471/2432/1945 1487/2433/1946 1486/2431/1943
f 1487/2433/1946 1471/2432/1945 1479/2434/1947
f 1479/2434/1947 1488/2435/1948 1487/2433/1946
f 1488/2435/1949 1479/2434/1949 1475/2436/1950
f 1475/2436/1950 1489/2437/1951 1488/2435/1949
f 1489/2437/1951 1475/2436/1950 1478/2438/1952
f 1478/2438/1952 1490/2439/1953 1489/2437/1951
f 1490/2439/1953 1478/2438/1952 1467/2440/1954
f 1467/2440/1954 1491/2441/1955 1490/2439/1953
f 1492/2442/1956 1493/2443/1957 1494/2444/1958
f 1493/2443/1957 1492/2442/1956 1495/2445/1959
f 1495/2445/1959 1496/2446/1960 1493/2443/1957
f 1500/2450/1961 1497/2447/1961 1498/2448/1961
f 1498/2448/1961 1499/2449/1961 1500/2450/1961
f 1504/2454/1962 1501/2451/1962 1502/2452/1962
f 1502/2452/1962 1503/2453/1962 1504/2454/1962
f 1501/2458/1963 1497/2455/1963 1500/2456/1963
f 1500/2456/1963 1502/2457/1963 1501/2458/1963
f 1502/2462/1964 1500/2459/1964 1499/2460/1964
f 1499/2460/1964 1503/2461/1964 1502/2462/1964
f 1503/2466/1965 1499/2463/1965 1498/2464/1965
f 1498/2464/1965 1504/2465/1965 1503/2466/1965
f 1504/2470/654 1498/2467/654 1497/2468/654
f 1497/2468/654 1501/2469/654 1504/2470/654
f 1508/2474/654 1505/2471/654 1506/2472/654
f 1506/2472/654 1507/2473/654 1508/2474/654
f 1512/2478/759 1509/2475/759 1510/2476/759
f 1510/2476/759 1511/2477/759 1512/2478/759
f 1509/2482/1966 1505/2479/1966 1508/2480/1967
f 1508/2480/1967 1510/2481/1968 1509/2482/1966
f 1510/2485/1970 1508/2483/1969 1507/2484/1969
f 1507/2484/1969 1511/1351/1969 1510/2485/1970
f 1511/2489/1971 1507/2486/1971 1506/2487/1972
f 1506/2487/1972 1512/2488/1973 1511/2489/1971
f 1506/2493/1975 1505/2490/1974 1509/2491/1974
f 1509/2491/1974 1512/2492/1974 1506/2493/1975
f 1516/2497/1976 1513/2494/1976 1514/2495/1976
f 1514/2495/1976 1515/2496/1976 1516/2497/1976
f 1513/2501/1977 1516/2498/1977 1517/2499/1978
f 1517/2499/1978 1518/2500/1977 1513/2501/1977
f 1520/2505/1982 1514/2502/1979 1513/2503/1980
f 1513/2503/1980 1519/2504/1981 1520/2505/1982
f 1518/2507/1984 1521/2506/1983 1519/2504/1981
f 1519/2504/1981 1513/2503/1980 1518/2507/1984
f 1523/2509/1986 1522/2508/1985 1521/2506/1983
f 1521/2506/1983 1518/2507/1984 1523/2509/1986
f 1514/2502/1979 1520/2505/1982 1522/2508/1985
f 1522/2508/1985 1523/2509/1986 1514/2502/1979
f 1515/2513/1987 1514/2510/1987 1523/2511/1987
f 1523/2511/1987 1524/2512/1988 1515/2513/1987
f 1517/2517/1989 1524/2514/1989 1523/2515/1989
f 1523/2515/1989 1518/2516/1989 1517/2517/1989
f 1520/2520/1990 1519/2518/1990 1525/2519/1990
f 1525/2519/1990 1526/1378/1990 1520/2520/1990
f 1522/2524/654 1520/2521/654 1526/2522/654
f 1526/2522/654 1527/2523/654 1522/2524/654
f 1519/2528/759 1521/2525/759 1528/2526/759
f 1528/2526/759 1525/2527/759 1519/2528/759
f 1521/2532/1991 1522/2529/1991 1527/2530/1991
f 1527/2530/1991 1528/2531/1991 1521/2532/1991
f 1527/2535/1992 1526/2533/1992 1525/2534/1992
f 1525/2534/1992 1528/2456/1992 1527/2535/1992
f 1517/2539/1993 1516/2536/1993 1515/2537/1993
f 1515/2537/1993 1524/2538/1993 1517/2539/1993
f 1529/2540/1994 1530/2541/1995 1531/2542/1996
f 1530/2541/1995 1532/2543/1997 1531/2542/1996
f 1532/2543/1997 1533/2544/1998 1531/2542/1996
f 1533/2544/1998 1534/2545/1999 1531/2542/1996
f 1534/2545/1999 1535/2546/2000 1531/2542/1996
f 1535/2546/2000 1536/2547/2001 1531/2542/1996
f 1536/2547/2001 1537/2548/2002 1531/2542/1996
f 1537/2548/2002 1538/2549/2003 1531/2542/1996
f 1538/2549/2003 1539/2550/2004 1531/2542/1996
f 1539/2550/2004 1540/2551/2005 1531/2542/1996
f 1540/2551/2005 1541/2552/2006 1531/2542/1996
f 1541/2552/2006 1542/2553/2007 1531/2542/1996
f 1542/2553/2007 1543/2554/2008 1531/2542/1996
f 1543/2554/2008 1544/2555/2009 1531/2542/1996
f 1544/2555/2009 1545/2556/2010 1531/2542/1996
f 1545/2556/2010 1546/2557/2011 1531/2542/1996
f 1546/2557/2011 1547/2558/2012 1531/2542/1996
f 1547/2558/2012 1529/2540/1994 1531/2542/1996
f 1551/2562/759 1548/2559/759 1549/2560/759
f 1549/2560/759 1550/2561/759 1551/2562/759
f 1555/2566/560 1552/2563/560 1553/2564/560
f 1553/2564/560 1554/2565/560 1555/2566/560
f 1558/2570/733 1549/2567/733 1556/2568/733
f 1556/2568/733 1557/2569/733 1558/2570/733
f 1558/2573/759 1553/2571/759 1552/2572/759
f 1552/2572/759 1549/2560/759 1558/2573/759
f 1550/2561/759 1549/2560/759 1552/2572/759
f 1552/2572/759 1559/2574/759 1550/2561/759
f 1556/2576/2014 1549/2575/2013 1548/2570/2013
f 1548/2570/2013 1560/2569/2014 1556/2576/2014
f 1562/2579/2016 1551/2577/2015 1550/2563/2015
f 1550/2563/2015 1561/2578/2016 1562/2579/2016
f 1564/2581/759 1550/2561/759 1559/2574/759
f 1559/2574/759 1563/2580/759 1564/2581/759
f 1565/2585/733 1561/2582/733 1550/2583/733
f 1550/2583/733 1564/2584/733 1565/2585/733
f 1559/2589/560 1566/2586/560 1567/2587/560
f 1567/2587/560 1563/2588/560 1559/2589/560
f 1569/2593/775 1552/2590/775 1555/2591/775
f 1555/2591/775 1568/2592/775 1569/2593/775
f 1570/2595/759 1559/2574/759 1552/2572/759
f 1552/2572/759 1569/2594/759 1570/2595/759
f 1571/2599/767 1566/2596/767 1559/2597/767
f 1559/2597/767 1570/2598/767 1571/2599/767
f 1575/2603/2020 1572/2600/2017 1573/2601/2018
f 1573/2601/2018 1574/2602/2019 1575/2603/2020
f 1574/2602/2019 1573/2601/2018 1576/2604/2021
f 1576/2604/2021 1577/2605/2022 1574/2602/2019
f 1577/2605/2022 1576/2604/2021 1578/2606/2023
f 1578/2606/2023 1579/2607/2024 1577/2605/2022
f 1579/2607/2024 1578/2606/2023 1580/2608/2025
f 1580/2608/2025 1581/2609/2026 1579/2607/2024
f 1581/2609/2026 1580/2608/2025 1582/2610/2027
f 1582/2610/2027 1583/2611/2028 1581/2609/2026
f 1583/2611/2028 1582/2610/2027 1584/2612/2029
f 1584/2612/2029 1585/2613/2030 1583/2611/2028
f 1585/2613/2030 1584/2612/2029 1586/2614/2031
f 1586/2614/2031 1587/2615/2032 1585/2613/2030
f 1587/2615/2032 1586/2614/2031 1588/2616/2033
f 1588/2616/2033 1589/2617/2034 1587/2615/2032
f 1589/2617/2034 1588/2616/2033 1590/2618/2035
f 1590/2618/2035 1591/2619/2036 1589/2617/2034
f 1591/2619/2036 1590/2618/2035 1592/2620/2037
f 1592/2620/2037 1593/2621/2038 1591/2619/2036
f 1593/2621/2038 1592/2620/2037 1594/2622/2039
f 1594/2622/2039 1595/2623/2040 1593/2621/2038
f 1595/2623/2040 1594/2622/2039 1596/2624/2041
f 1596/2624/2041 1597/2625/2042 1595/2623/2040
f 1597/2625/2042 1596/2624/2041 1598/2626/2043
f 1598/2626/2043 1599/2627/2044 1597/2625/2042
f 1599/2627/2044 1598/2626/2043 1600/2628/2045
f 1600/2628/2045 1601/2629/2046 1599/2627/2044
f 1601/2629/2046 1600/2628/2045 1602/2630/2047
f 1602/2630/2047 1603/2631/2048 1601/2629/2046
f 1603/2631/2048 1602/2630/2047 1604/2632/2049
f 1604/2632/2049 1605/2633/2050 1603/2631/2048
f 1605/2633/2050 1604/2632/2049 1606/2634/2051
f 1606/2634/2051 1607/2635/2052 1605/2633/2050
f 1607/2635/2052 1606/2634/2051 1572/2600/2017
f 1572/2600/2017 1575/2603/2020 1607/2635/2052
f 1611/2639/2056 1608/2636/2053 1609/2637/2054
f 1609/2637/2054 1610/2638/2055 1611/2639/2056
f 1610/2638/2055 1609/2637/2054 1612/2640/2057
f 1612/2640/2057 1613/2641/2058 1610/2638/2055
f 1613/2641/2058 1612/2640/2057 1614/2642/2059
f 1614/2642/2059 1615/2643/2060 1613/2641/2058
f 1615/2643/2060 1614/2642/2059 1616/2644/2061
f 1616/2644/2061 1617/2645/2062 1615/2643/2060
f 1617/2645/2062 1616/2644/2061 1618/2646/2063
f 1618/2646/2063 1619/2647/2064 1617/2645/2062
f 1619/2647/2064 1618/2646/2063 1620/2648/2065
f 1620/2648/2065 1621/2649/2066 1619/2647/2064
f 1621/2649/2066 1620/2648/2065 1622/2650/2067
f 1622/2650/2067 1623/2651/2068 1621/2649/2066
f 1623/2651/2068 1622/2650/2067 1624/2652/2069
f 1624/2652/2069 1625/2653/2070 1623/2651/2068
f 1625/2653/2070 1624/2652/2069 1626/2654/2071
f 1626/2654/2071 1627/2655/2072 1625/2653/2070
f 1627/2655/2072 1626/2654/2071 1628/2656/2073
f 1628/2656/2073 1629/2657/2074 1627/2655/2072
f 1629/2657/2074 1628/2656/2073 1630/2658/2075
f 1630/2658/2075 1631/2659/2076 1629/2657/2074
f 1631/2659/2076 1630/2658/2075 1632/2660/2077
f 1632/2660/2077 1633/2661/2078 1631/2659/2076
f 1633/2661/2078 1632/2660/2077 1634/2662/2079
f 1634/2662/2079 1635/2663/2080 1633/2661/2078
f 1635/2663/2080 1634/2662/2079 1636/2664/2081
f 1636/2664/2081 1637/2665/2082 1635/2663/2080
f 1637/2665/2082 1636/2664/2081 1638/2666/2083
f 1638/2666/2083 1639/2667/2084 1637/2665/2082
f 1639/2667/2084 1638/2666/2083 1640/2668/2085
f 1640/2668/2085 1641/2669/2086 1639/2667/2084
f 1641/2669/2086 1640/2668/2085 1642/2670/2087
f 1642/2670/2087 1643/2671/2088 1641/2669/2086
f 1643/2671/2088 1642/2670/2087 1608/2636/2053
f 1608/2636/2053 1611/2639/2056 1643/2671/2088
f 1612/2675/733 1572/2672/733 1606/2673/2089
f 1606/2673/2089 1614/2674/2090 1612/2675/733
f 1614/2674/2090 1606/2673/2089 1604/2676/2091
f 1604/2676/2091 1616/2677/2092 1614/2674/2090
f 1616/2677/2092 1604/2676/2091 1602/2678/2093
f 1602/2678/2093 1618/2679/2093 1616/2677/2092
f 1618/2683/2093 1602/2680/2093 1600/2681/2094
f 1600/2681/2094 1620/2682/2094 1618/2683/2093
f 1620/2682/2094 1600/2681/2094 1598/2684/2095
f 1598/2684/2095 1622/2685/2096 1620/2682/2094
f 1622/2685/2096 1598/2684/2095 1596/2686/2097
f 1596/2686/2097 1624/2687/2097 1622/2685/2096
f 1624/2690/2097 1596/2678/2097 1594/2688/2098
f 1594/2688/2098 1626/2689/2098 1624/2690/2097
f 1626/2689/2098 1594/2688/2098 1592/2691/2099
f 1592/2691/2099 1628/2692/2099 1626/2689/2098
f 1628/2692/2099 1592/2691/2099 1590/2693/2100
f 1590/2693/2100 1630/2694/2100 1628/2692/2099
f 1630/2694/2100 1590/2693/2100 1588/2695/2101
f 1588/2695/2101 1632/2696/2101 1630/2694/2100
f 1632/2696/2101 1588/2695/2101 1586/2697/2102
f 1586/2697/2102 1634/2698/2102 1632/2696/2101
f 1634/2698/2102 1586/2697/2102 1584/2699/2103
f 1584/2699/2103 1636/2700/2104 1634/2698/2102
f 1636/2704/2104 1584/2701/2103 1582/2702/2105
f 1582/2702/2105 1638/2703/2106 1636/2704/2104
f 1638/2703/2106 1582/2702/2105 1580/2705/2107
f 1580/2705/2107 1640/2706/2107 1638/2703/2106
f 1640/2706/2107 1580/2705/2107 1578/2707/2108
f 1578/2707/2108 1642/2708/2108 1640/2706/2107
f 1642/2712/2108 1578/2709/2108 1576/2710/2109
f 1576/2710/2109 1608/2711/2110 1642/2712/2108
f 1608/2711/2110 1576/2710/2109 1573/2713/2111
f 1573/2713/2111 1609/2714/2112 1608/2711/2110
f 1609/2714/2112 1573/2713/2111 1572/2672/733
f 1572/2672/733 1612/2675/733 1609/2714/2112
f 1607/2718/2113 1615/2715/2113 1617/2716/2114
f 1617/2716/2114 1605/2717/2114 1607/2718/2113
f 1605/2717/2114 1617/2716/2114 1619/2719/2103
f 1619/2719/2103 1603/2720/2103 1605/2717/2114
f 1603/2724/2103 1619/2721/2103 1621/2722/2115
f 1621/2722/2115 1601/2723/2115 1603/2724/2103
f 1601/2723/2115 1621/2722/2115 1623/2725/2116
f 1623/2725/2116 1599/2726/2117 1601/2723/2115
f 1599/2726/2117 1623/2725/2116 1625/2727/2118
f 1625/2727/2118 1597/2728/2119 1599/2726/2117
f 1597/2732/2119 1625/2729/2118 1627/2730/2120
f 1627/2730/2120 1595/2731/2121 1597/2732/2119
f 1595/2731/2121 1627/2730/2120 1629/2733/2122
f 1629/2733/2122 1593/2734/2122 1595/2731/2121
f 1593/2734/2122 1629/2733/2122 1631/2735/2123
f 1631/2735/2123 1591/2736/2123 1593/2734/2122
f 1591/2736/2123 1631/2735/2123 1633/2737/2124
f 1633/2737/2124 1589/2738/2124 1591/2736/2123
f 1589/2738/2124 1633/2737/2124 1635/2739/2125
f 1635/2739/2125 1587/2740/2126 1589/2738/2124
f 1587/2740/2126 1635/2739/2125 1637/2741/2127
f 1637/2741/2127 1585/2742/2128 1587/2740/2126
f 1585/2746/2128 1637/2743/2127 1639/2744/2129
f 1639/2744/2129 1583/2745/2130 1585/2746/2128
f 1583/2745/2130 1639/2744/2129 1641/2747/2131
f 1641/2747/2131 1581/2748/2131 1583/2745/2130
f 1581/2748/2131 1641/2747/2131 1643/2749/2132
f 1643/2749/2132 1579/2750/2132 1581/2748/2131
f 1579/2754/2132 1643/2751/2132 1611/2752/2133
f 1611/2752/2133 1577/2753/2133 1579/2754/2132
f 1577/2753/2133 1611/2752/2133 1610/2755/2134
f 1610/2755/2134 1574/2756/2134 1577/2753/2133
f 1574/2756/2134 1610/2755/2134 1613/2757/560
f 1613/2757/560 1575/2758/560 1574/2756/2134
f 1575/2758/560 1613/2757/560 1615/2715/2113
f 1615/2715/2113 1607/2718/2113 1575/2758/560
f 1647/2762/733 1644/2759/733 1645/2760/733
f 1645/2760/733 1646/2761/733 1647/2762/733
f 1644/2766/2135 1648/2763/2135 1649/2764/2136
f 1649/2764/2136 1645/2765/2137 1644/2766/2135
f 1646/2770/767 1650/2767/767 1651/2768/767
f 1651/2768/767 1647/2769/767 1646/2770/767
f 1647/2774/654 1651/2771/654 1648/2772/654
f 1648/2772/654 1644/2773/654 1647/2774/654
f 1653/2776/767 1650/2767/767 1646/2770/767
f 1646/2770/767 1652/2775/767 1653/2776/767
f 1657/2780/733 1654/2777/733 1655/2778/733
f 1655/2778/733 1656/2779/733 1657/2780/733
f 1659/2782/775 1645/2765/2137 1649/2764/2136
f 1649/2764/2136 1658/2781/775 1659/2782/775
f 1661/2784/767 1653/2776/767 1652/2775/767
f 1652/2775/767 1660/2783/767 1661/2784/767
f 1665/2787/733 1662/2785/733 1663/2762/733
f 1663/2762/733 1664/2786/733 1665/2787/733
f 1667/2789/775 1659/2782/775 1658/2781/775
f 1658/2781/775 1666/2788/775 1667/2789/775
f 1669/2791/767 1661/2784/767 1660/2783/767
f 1660/2783/767 1668/2790/767 1669/2791/767
f 1673/2795/733 1670/2792/733 1671/2793/733
f 1671/2793/733 1672/2794/733 1673/2795/733
f 1675/2797/775 1667/2789/775 1666/2788/775
f 1666/2788/775 1674/2796/775 1675/2797/775
f 1654/2800/654 1646/2798/654 1645/1335/654
f 1645/1335/654 1655/2799/654 1654/2800/654
f 1655/2802/775 1645/2765/2137 1659/2782/775
f 1659/2782/775 1656/2801/775 1655/2802/775
f 1656/2801/775 1659/2782/775 1667/2789/775
f 1667/2789/775 1676/2803/775 1656/2801/775
f 1676/2803/775 1667/2789/775 1675/2797/775
f 1675/2797/775 1677/2804/775 1676/2803/775
f 1679/2806/767 1668/2790/767 1660/2783/767
f 1660/2783/767 1678/2805/767 1679/2806/767
f 1678/2805/767 1660/2783/767 1652/2775/767
f 1652/2775/767 1657/2807/767 1678/2805/767
f 1657/2807/767 1652/2775/767 1646/2770/767
f 1646/2770/767 1654/2808/767 1657/2807/767
f 1662/2811/654 1657/2809/654 1656/2355/654
f 1656/2355/654 1663/2810/654 1662/2811/654
f 1663/2813/775 1656/2801/775 1676/2803/775
f 1676/2803/775 1664/2812/775 1663/2813/775
f 1664/2812/775 1676/2803/775 1677/2804/775
f 1677/2804/775 1680/2814/775 1664/2812/775
f 1681/2816/767 1679/2806/767 1678/2805/767
f 1678/2805/767 1665/2815/767 1681/2816/767
f 1665/2815/767 1678/2805/767 1657/2807/767
f 1657/2807/767 1662/2817/767 1665/2815/767
f 1670/2821/654 1665/2818/654 1664/2819/654
f 1664/2819/654 1671/2820/654 1670/2821/654
f 1671/2823/775 1664/2812/775 1680/2814/775
f 1680/2814/775 1672/2822/775 1671/2823/775
f 1673/2825/767 1681/2816/767 1665/2815/767
f 1665/2815/767 1670/2824/767 1673/2825/767
f 1167/1939/1454 1147/1909/1425 1146/1908/1424
f 1146/1908/1424 1168/1940/1455 1167/1939/1454
f 1181/2827/2139 1196/1978/1489 1195/1977/1488
f 1195/1977/1488 1184/2826/2138 1181/2827/2139
f 1186/1968/1479 1198/1982/1493 1197/1981/1492
f 1197/1981/1492 1187/1969/1480 1186/1968/1479
f 1683/2831/2143 1180/2828/2140 1198/2829/2141
f 1198/2829/2141 1682/2830/2142 1683/2831/2143
f 1186/2833/2145 1684/2832/2144 1682/2830/2142
f 1682/2830/2142 1198/2829/2141 1186/2833/2145
f 1684/2832/2144 1186/2833/2145 1185/2834/2146
f 1185/2834/2146 1685/2835/2147 1684/2832/2144
f 1685/2835/2147 1185/2834/2146 1193/2836/2148
f 1193/2836/2148 1686/2837/2149 1685/2835/2147
f 1686/2837/2153 1193/2836/2150 1189/2838/2151
f 1189/2838/2151 1687/2839/2152 1686/2837/2153
f 1687/2839/2152 1189/2838/2151 1192/2840/2154
f 1192/2840/2154 1688/2841/2155 1687/2839/2152
f 1688/2841/2155 1192/2840/2154 1196/2842/2156
f 1196/2842/2156 1689/2843/2157 1688/2841/2155
f 1181/2845/2159 1690/2844/2158 1689/2843/2157
f 1689/2843/2157 1196/2842/2156 1181/2845/2159
f 1692/2847/2161 1683/2831/2143 1682/2830/2142
f 1682/2830/2142 1691/2846/2160 1692/2847/2161
f 1694/2851/2162 1689/2848/2157 1690/2849/2158
f 1690/2849/2158 1693/2850/2162 1694/2851/2162
