mtllib 8XDL2CWOM3P1E558HUVYNF8IN.mtl
v -0.000504 -0.700409 0.240157
v -0.004400 -0.696513 0.244053
v 0.003391 -0.696513 0.244053
v -0.000504 -0.700409 0.240157
v 0.003391 -0.704304 0.244053
v -0.000504 -0.700409 0.240157
v -0.004400 -0.704304 0.244053
v -0.000504 -0.700409 0.240157
v -0.199130 -0.379048 0.639365
v -0.199130 -0.368738 0.648072
v -0.197479 -0.373904 0.643733
v -0.351548 0.268746 0.112709
v -0.343062 0.277400 0.112709
v -0.344480 0.264930 0.102175
v -0.305546 0.268746 0.112709
v -0.312615 0.264930 0.102175
v -0.314032 0.277400 0.112709
v -0.078416 0.026589 1.159824
v -0.039460 0.026589 1.161815
v -0.023878 0.026589 1.162611
v -0.148536 0.026589 1.156240
v -0.132954 0.026589 1.157036
v -0.093998 0.026589 1.159027
v 0.127458 -0.300639 1.119593
v 0.090193 -0.300639 1.121128
v 0.075121 -0.300639 1.121742
v 0.376919 -0.112611 -0.657189
v 0.376919 0.188124 -0.604223
v 0.376919 -0.062129 -0.610850
v 0.376919 -0.112611 -0.612187
v 0.007978 -0.477099 -0.604576
v 0.012955 -0.436604 -0.591053
v 0.012955 -0.477099 -0.591053
v 0.007978 -0.452684 -0.598048
v 0.358237 0.601728 -0.605959
v 0.349311 0.605516 -0.605959
v 0.350022 0.605442 -0.341001
v 0.358468 0.601313 -0.346027
v 0.187263 -0.175981 1.042680
v 0.184293 -0.300639 1.029213
v 0.183419 -0.337490 1.025232
v -0.129487 0.581459 -0.069374
v -0.130916 0.586713 -0.061399
v -0.127399 0.582614 -0.060016
v -0.322317 0.434725 -0.002828
v -0.325833 0.438825 -0.004210
v -0.324404 0.433570 -0.012184
v 0.010555 0.434725 -0.002828
v 0.007038 0.438825 -0.004210
v 0.008467 0.433570 -0.012184
v -0.377927 -0.062129 -0.610850
v -0.377927 -0.112611 -0.657189
v -0.377927 -0.112611 -0.612187
v 0.203384 0.581459 -0.069374
v 0.201956 0.586713 -0.061399
v 0.205472 0.582614 -0.060016
v 0.144440 0.176734 -0.663117
v 0.144440 0.176734 -0.638766
v -0.145448 0.176734 -0.638766
v -0.145448 0.176734 -0.663117
v 0.387814 0.230127 -0.633157
v 0.387793 0.230127 -0.347026
v 0.380580 0.223360 -0.341072
v 0.380958 0.223271 -0.633157
v -0.027216 -0.051774 -0.660956
v -0.027216 0.021282 -0.660956
v -0.041031 0.021282 -0.660956
v -0.027216 -0.051774 -0.776963
v -0.041031 -0.051774 -0.660956
v -0.041031 -0.051774 -0.776963
v 0.144440 0.239064 -0.663117
v 0.144440 0.239064 -0.638766
v -0.145448 0.239064 -0.638766
v -0.145448 0.239064 -0.663117
v -0.145448 0.230124 -0.672057
v -0.145448 0.185675 -0.672057
v 0.144440 0.185675 -0.672057
v 0.171673 -0.333860 1.179602
v 0.171673 -0.333860 1.218604
v 0.171673 -0.435295 1.218604
v 0.144440 0.230124 -0.672057
v -0.308216 0.321364 -0.649764
v -0.285002 0.634708 -0.630160
v -0.297267 0.634846 -0.661376
v -0.360437 0.635555 -0.661376
v -0.412476 0.188134 -0.676386
v -0.372722 0.635692 -0.649124
v -0.360437 0.635555 -0.576908
v -0.324240 -0.197612 -0.373589
v -0.324240 -0.191369 -0.374020
v 0.323751 -0.191369 -0.374020
v 0.323751 -0.197612 -0.373589
v -0.324240 -0.266280 -0.342690
v 0.323751 -0.266280 -0.342690
v 0.323751 -0.191369 -0.342444
v -0.324240 -0.191369 -0.342444
v -0.372722 0.635692 -0.589149
v -0.285002 0.634708 -0.649134
v -0.325893 0.635167 -0.576908
v 0.171673 -0.435295 1.179602
v -0.172681 -0.435295 1.218604
v -0.172681 -0.435295 1.179602
v -0.172681 -0.333860 1.179602
v 0.077324 -0.441480 1.135721
v 0.077324 -0.418640 1.135721
v 0.096416 -0.418640 1.135721
v 0.077324 -0.441480 1.218567
v 0.096416 -0.441480 1.135721
v 0.040318 -0.051774 -0.660956
v 0.040318 0.021282 -0.660956
v 0.026502 0.021282 -0.660956
v 0.040318 -0.051774 -0.776963
v 0.026502 -0.051774 -0.660956
v 0.026502 -0.051774 -0.776963
v -0.054903 -0.135497 -0.663206
v -0.054903 -0.180170 -0.663206
v 0.053894 -0.180170 -0.663206
v -0.054903 -0.135497 -0.676121
v 0.053894 -0.135497 -0.663206
v 0.053894 -0.135497 -0.676121
v 0.152580 -0.435295 1.179602
v 0.152580 -0.333860 1.179602
v 0.152580 -0.333860 1.218604
v 0.371714 0.635692 -0.649134
v 0.411468 0.188134 -0.676386
v 0.399275 0.188130 -0.688669
v 0.359427 0.635555 -0.661376
v -0.324223 -0.260037 -0.373589
v -0.324240 -0.266280 -0.373824
v 0.323751 -0.260037 -0.373589
v 0.323751 -0.260037 -0.350216
v 0.323751 -0.197612 -0.350216
v -0.381943 0.009014 0.068075
v -0.384112 0.009014 0.068075
v -0.384112 0.180163 0.068075
v -0.382004 0.009014 0.084352
v -0.358902 0.009014 0.084352
v -0.358902 0.009014 0.086894
v -0.381943 0.180163 0.068075
v -0.382004 0.180163 0.084352
v -0.358902 0.180163 0.084352
v -0.358902 0.180163 0.086894
v -0.359245 0.601728 -0.605959
v -0.350320 0.605516 -0.605959
v -0.351030 0.605442 -0.341001
v -0.381588 0.223360 -0.341072
v -0.381966 0.223271 -0.633157
v -0.388823 0.230127 -0.633157
v 0.324885 0.635167 -0.576908
v 0.359429 0.635555 -0.576908
v 0.371714 0.635692 -0.589149
v 0.354448 0.592802 -0.605959
v 0.345523 0.596591 -0.605959
v 0.345291 0.597006 -0.348909
v 0.374122 0.230127 -0.348519
v 0.374101 0.230127 -0.633157
v 0.380958 0.236983 -0.633157
v 0.396897 0.142128 -0.733734
v 0.396897 0.130919 -0.756594
v 0.398473 0.130637 -0.758170
v 0.396897 0.170136 -0.733735
v 0.514899 0.179210 -0.664452
v 0.521200 0.140484 -0.738865
v 0.521200 0.169094 -0.664452
v -0.515312 0.135637 -0.760985
v -0.516887 0.175136 -0.736551
v -0.516887 0.147128 -0.736549
v -0.516887 0.135918 -0.759409
v 0.396897 0.147128 -0.736549
v 0.396897 0.135918 -0.759409
v 0.398473 0.135637 -0.760985
v 0.396897 0.175136 -0.736551
v 0.521200 0.172909 -0.664452
v 0.514899 0.184211 -0.658710
v 0.521200 0.145485 -0.741680
v 0.521200 0.174095 -0.658710
v 0.352218 -0.124809 0.091196
v 0.352218 0.196778 0.091196
v 0.346998 0.191799 0.084340
v 0.521200 0.177909 -0.658710
v -0.348006 -0.119830 0.084340
v -0.353226 0.196778 0.091196
v -0.353226 -0.124809 0.091196
v -0.348006 0.191799 0.084340
v -0.227078 -0.124809 0.091196
v -0.232298 -0.119830 0.084340
v -0.232298 0.191799 0.084340
v -0.227078 0.196778 0.091196
v -0.232298 -0.119830 0.084340
v -0.227078 -0.124809 0.091196
v 0.226070 -0.124809 0.091196
v 0.231290 0.191799 0.084340
v 0.231290 -0.119830 0.084340
v 0.226069 0.196778 0.091196
v 0.231290 -0.119830 0.084340
v 0.346998 -0.119830 0.084340
v -0.114139 0.635661 -0.635953
v 0.113130 0.635661 -0.635953
v 0.245042 0.635661 -0.635953
v 0.226070 -0.124809 0.091196
v -0.400284 0.188130 -0.688669
v -0.345985 -0.256296 -0.039334
v -0.339114 -0.256296 -0.039334
v -0.310274 -0.190006 -0.039334
v -0.451931 -0.190006 -0.039334
v -0.532823 -0.542490 -0.039334
v -0.470494 -0.542490 -0.039334
v -0.220461 -0.450586 1.218877
v 0.202268 -0.435592 1.218877
v -0.203277 -0.435592 1.218877
v -0.220461 -0.311820 1.218877
v -0.203277 -0.334946 1.218877
v 0.219453 -0.311820 1.218877
v 0.202268 -0.334946 1.218877
v 0.219453 -0.450586 1.218877
v -0.339114 -0.256296 -0.039334
v -0.339114 -0.256296 -0.022366
v -0.463623 -0.542490 -0.022366
v -0.463623 -0.542490 -0.047417
v -0.310274 -0.190006 -0.047417
v -0.310274 -0.190006 -0.039334
v -0.366582 0.033090 0.152904
v -0.359386 0.033090 0.130756
v -0.340546 0.033090 0.117069
v -0.317259 0.033090 0.117069
v -0.298419 0.033090 0.130756
v -0.291223 0.033090 0.152904
v -0.298419 0.033090 0.175051
v -0.317259 0.033090 0.188739
v -0.340546 0.033090 0.188739
v -0.359386 0.033090 0.175051
v -0.470494 -0.542490 -0.022366
v -0.470494 -0.542490 -0.039334
v -0.532823 -0.542490 -0.039334
v -0.532823 -0.542490 -0.047417
v -0.199474 -0.479948 0.708193
v -0.146936 -0.479948 0.708193
v -0.146936 -0.490438 0.708193
v -0.246058 -0.490438 0.708193
v -0.246058 -0.432505 0.708193
v -0.210301 -0.385921 0.708193
v -0.210301 -0.355290 0.708193
v -0.199474 -0.355290 0.708193
v -0.212187 0.621256 -0.673631
v -0.215237 0.623988 -0.674562
v -0.215237 0.659330 -0.686607
v -0.212187 0.662061 -0.687538
v -0.146680 0.662061 -0.687538
v -0.143631 0.659330 -0.686607
v -0.143631 0.623988 -0.674562
v -0.146680 0.621256 -0.673631
v -0.146680 0.621256 -0.673631
v -0.140407 0.620601 -0.675721
v -0.143731 0.617456 -0.674649
v -0.212187 0.621256 -0.673631
v -0.215136 0.617456 -0.674649
v -0.215237 0.623988 -0.674562
v -0.218460 0.620601 -0.675721
v -0.215237 0.659330 -0.686607
v -0.218460 0.661303 -0.689593
v -0.212187 0.662061 -0.687538
v -0.215136 0.664449 -0.690666
v -0.146680 0.662061 -0.687538
v -0.143731 0.664449 -0.690666
v -0.143631 0.659330 -0.686607
v -0.140407 0.661303 -0.689593
v -0.143631 0.623988 -0.674562
v -0.384112 0.009014 0.086920
v -0.358902 0.009014 0.086894
v -0.362471 0.036301 0.114332
v -0.294623 0.036301 0.114332
v -0.294623 0.296718 0.114332
v -0.343315 0.296718 0.114332
v -0.362471 0.296718 0.114332
v -0.362471 0.284594 0.114332
v -0.343315 0.280989 0.114332
v -0.313778 0.280989 0.114332
v -0.313778 0.296718 0.114332
v -0.076825 0.096599 -0.680442
v -0.096508 0.128447 -0.680442
v -0.019225 0.283015 -0.680442
v 0.018216 0.283015 -0.680442
v 0.095500 0.128447 -0.680442
v 0.075816 0.096599 -0.680442
v 0.219453 -0.322498 1.206260
v 0.219453 -0.311820 1.206260
v 0.219453 -0.450586 1.136669
v 0.219453 -0.322498 1.105505
v -0.498764 0.436349 -0.050141
v -0.511607 0.436238 -0.063184
v -0.481521 0.436401 -0.043997
v -0.512527 0.436134 -0.075485
v -0.469979 0.436364 -0.048350
v -0.511469 0.436120 -0.077143
v -0.468921 0.436350 -0.050009
v -0.333620 0.299000 0.138138
v -0.327847 0.300491 0.138197
v -0.327344 0.300216 0.109263
v -0.333115 0.298738 0.109026
v -0.324629 0.296103 0.095193
v -0.330383 0.294845 0.094263
v -0.336649 0.293863 0.138133
v -0.336182 0.293639 0.109430
v -0.334167 0.290689 0.096257
v -0.455857 0.429601 -0.018358
v -0.452530 0.425820 -0.018976
v -0.497242 0.427175 -0.049751
v -0.497827 0.430148 -0.046625
v -0.499704 0.429002 -0.051004
v -0.498661 0.430488 -0.047047
v -0.324248 0.286553 0.138321
v -0.330021 0.285062 0.138261
v -0.329651 0.284902 0.110980
v -0.323879 0.286381 0.111217
v -0.329409 0.283694 0.103317
v -0.323655 0.284953 0.104248
v -0.451968 0.424924 -0.014754
v -0.499421 0.424251 -0.047377
v -0.503510 0.427563 -0.049460
v -0.321220 0.291690 0.138326
v -0.320812 0.291479 0.110813
v -0.319872 0.289109 0.102254
v -0.455295 0.427546 -0.013754
v -0.500006 0.427223 -0.044251
v -0.502467 0.429049 -0.045504
v -0.359396 0.647046 0.194175
v -0.360976 0.654754 0.188164
v -0.365828 0.657734 0.180065
v -0.372100 0.654845 0.172969
v -0.377396 0.647194 0.169588
v -0.379694 0.637702 0.171212
v -0.378115 0.629994 0.177223
v -0.373262 0.627015 0.185322
v -0.366990 0.629903 0.192418
v -0.361694 0.637554 0.195800
v -0.455857 0.429601 -0.018358
v -0.497827 0.430148 -0.046625
v -0.498661 0.430488 -0.047047
v -0.062262 -0.456222 0.694125
v -0.062262 -0.433607 0.700185
v 0.059771 -0.433607 0.700185
v 0.059771 -0.456222 0.694125
v 0.059771 -0.516564 0.706750
v -0.062262 -0.516564 0.706750
v -0.499704 0.611012 -0.052549
v -0.498375 0.610528 -0.048432
v -0.497243 0.618829 -0.051378
v -0.496356 0.617123 -0.047473
v -0.491500 0.624365 -0.048538
v -0.491509 0.621727 -0.045076
v -0.483296 0.627614 -0.044443
v -0.484217 0.624605 -0.041435
v -0.453058 0.627745 -0.038486
v -0.455750 0.624287 -0.035827
v -0.503795 0.611544 -0.051166
v -0.500893 0.620582 -0.049783
v -0.494254 0.627048 -0.046502
v -0.485138 0.630669 -0.041951
v -0.451484 0.629953 -0.035082
v -0.322884 0.280352 0.102802
v -0.318099 0.282906 0.100325
v -0.307315 0.245095 0.103956
v -0.302242 0.247070 0.101523
v -0.260097 0.146336 0.114840
v -0.264981 0.144798 0.117895
v -0.240281 0.114642 0.118079
v -0.236549 0.118147 0.115022
v -0.221651 0.103969 0.118079
v -0.219391 0.108563 0.115022
v -0.203219 0.103502 0.118113
v -0.203199 0.108622 0.115055
v -0.322710 0.297464 0.138275
v -0.322247 0.297210 0.110004
v -0.320276 0.293727 0.098503
v -0.316664 0.284735 0.094833
v -0.300123 0.247513 0.095967
v -0.258504 0.146213 0.109094
v -0.235468 0.119126 0.109240
v -0.218723 0.109860 0.109240
v -0.203167 0.110080 0.109273
v -0.327847 0.300491 0.138197
v -0.327344 0.300216 0.109263
v -0.324629 0.296103 0.095193
v -0.319421 0.284769 0.089545
v -0.302198 0.246164 0.090542
v -0.261136 0.144502 0.104025
v -0.237671 0.117005 0.104121
v -0.220038 0.107099 0.104121
v -0.203141 0.107022 0.104153
v -0.502467 0.611059 -0.047049
v -0.500006 0.618876 -0.045879
v -0.494264 0.624411 -0.043039
v -0.486059 0.627660 -0.038944
v -0.454179 0.627791 -0.032434
v -0.319421 0.284769 0.089545
v -0.324753 0.282986 0.087558
v -0.302198 0.246164 0.090542
v -0.307254 0.243814 0.088426
v -0.266451 0.142203 0.102600
v -0.261136 0.144502 0.104025
v -0.237671 0.117005 0.104121
v -0.241867 0.113027 0.102662
v -0.220038 0.107099 0.104121
v -0.222568 0.101900 0.102662
v -0.203141 0.107022 0.104153
v -0.203136 0.101240 0.102696
v -0.498375 0.610528 -0.048432
v -0.496356 0.617123 -0.047473
v -0.491509 0.621727 -0.045076
v -0.484217 0.624605 -0.041435
v -0.455750 0.624287 -0.035827
v -0.329538 0.280433 0.090036
v -0.312328 0.241839 0.090859
v -0.271335 0.140665 0.105656
v -0.245599 0.109522 0.105719
v -0.224828 0.097307 0.105719
v -0.203155 0.096121 0.105753
v -0.451973 0.629189 -0.036292
v -0.451115 0.626137 -0.033309
v -0.370083 0.630443 -0.078010
v -0.370434 0.631844 -0.081716
v -0.362045 0.634225 -0.078875
v -0.363917 0.634843 -0.081670
v -0.359322 0.641260 -0.081873
v -0.361572 0.640698 -0.084199
v -0.299241 -0.221063 0.451822
v -0.299241 -0.226090 0.457774
v -0.308284 -0.224521 0.455917
v -0.274937 -0.221081 0.451843
v -0.275870 -0.226072 0.457753
v -0.218626 -0.258164 0.496221
v -0.211019 -0.257078 0.494936
v -0.201254 -0.370232 0.628927
v -0.209045 -0.370209 0.628899
v -0.202432 -0.379024 0.639337
v -0.199130 -0.395393 0.658720
v -0.202432 -0.395369 0.658692
v -0.451958 0.623034 -0.036241
v -0.369062 0.626721 -0.080019
v -0.360800 0.631750 -0.082231
v 0.032905 -0.390685 0.679041
v 0.032905 -0.422517 0.679041
v 0.032905 -0.449786 0.657811
v 0.032905 -0.449786 0.643260
v 0.032905 -0.422517 0.622029
v 0.032905 -0.390685 0.622029
v 0.032905 -0.379064 0.650536
v -0.452815 0.626086 -0.039224
v -0.451973 0.629189 -0.036292
v -0.370434 0.631844 -0.081716
v -0.370074 0.628513 -0.083854
v -0.363917 0.634843 -0.081670
v -0.364441 0.632812 -0.084366
v -0.299241 -0.215780 0.466481
v -0.299241 -0.210753 0.460528
v -0.308284 -0.214211 0.464625
v -0.275870 -0.215762 0.466460
v -0.274937 -0.210771 0.460550
v -0.211019 -0.246768 0.503643
v -0.218626 -0.247854 0.504928
v -0.209045 -0.359898 0.637605
v -0.201254 -0.359922 0.637634
v -0.202432 -0.368714 0.648044
v -0.202432 -0.385059 0.667399
v -0.199130 -0.385082 0.667427
v -0.361717 0.639847 -0.087364
v -0.357580 0.638722 -0.085429
v -0.501794 0.507108 -0.047494
v -0.496805 0.507108 -0.047494
v -0.494311 0.507025 -0.051813
v -0.501794 0.506940 -0.056133
v -0.504288 0.507025 -0.051813
v -0.033933 -0.449786 0.643260
v -0.033933 -0.449786 0.657811
v -0.033933 -0.422517 0.679041
v -0.033933 -0.390685 0.679041
v -0.033933 -0.379064 0.650536
v -0.033933 -0.390685 0.622029
v -0.033933 -0.422517 0.622029
v -0.452092 0.429066 -0.014027
v -0.452100 0.425178 -0.015983
v -0.377563 0.440765 -0.008009
v -0.376296 0.444514 -0.006201
v -0.370783 0.434362 -0.006959
v -0.368803 0.436680 -0.004614
v -0.261749 -0.440638 0.667365
v -0.032509 -0.438685 0.642506
v -0.031763 -0.446476 0.650337
v -0.260928 -0.448429 0.675112
v -0.281835 -0.440638 0.669493
v -0.281014 -0.445015 0.677241
v -0.301307 -0.444266 0.679392
v -0.302128 -0.440638 0.671644
v -0.452109 0.427134 -0.019872
v -0.452100 0.431022 -0.017915
v -0.375190 0.446034 -0.010127
v -0.376457 0.442284 -0.011936
v -0.366064 0.436694 -0.007996
v -0.368957 0.434448 -0.010347
v -0.387004 0.190909 0.058431
v -0.387004 0.190909 0.066222
v -0.380257 0.190909 0.070118
v -0.380257 0.190909 0.054535
v -0.387004 0.159744 0.058431
v -0.380257 0.159744 0.054535
v -0.380257 0.159744 0.070118
v -0.387004 0.159744 0.066222
v -0.387004 0.056720 0.058431
v -0.387004 0.056720 0.066222
v -0.380257 0.056720 0.070118
v -0.380257 0.056720 0.054535
v -0.275870 -0.139021 0.589810
v -0.299241 -0.143860 0.577212
v -0.275870 -0.143834 0.577202
v -0.299241 -0.139048 0.589820
v -0.308284 -0.136778 0.588953
v -0.308284 -0.141590 0.576346
v -0.501794 0.565095 -0.056535
v -0.494311 0.565179 -0.052214
v -0.496805 0.565263 -0.047895
v -0.501794 0.565263 -0.047895
v -0.504288 0.565179 -0.052214
v -0.355689 -0.339927 -0.559798
v -0.303152 -0.339927 -0.559798
v -0.303152 -0.350417 -0.559798
v -0.402273 -0.350417 -0.559798
v -0.402273 -0.279335 -0.559798
v -0.366517 -0.232751 -0.559798
v -0.366517 -0.202120 -0.559798
v -0.355689 -0.202120 -0.559798
v 0.202268 -0.334946 1.218877
v -0.203277 -0.334946 1.218877
v -0.203277 -0.334946 1.203294
v 0.202268 -0.334946 1.203294
v -0.153583 -0.334946 1.179921
v 0.152575 -0.334946 1.179921
v -0.135642 -0.334946 1.156927
v 0.134634 -0.334946 1.156927
v -0.097378 -0.334946 1.137068
v 0.096370 -0.334946 1.137068
v -0.203277 -0.334946 1.203294
v -0.203277 -0.435592 1.203294
v -0.153583 -0.435592 1.179921
v -0.153583 -0.334946 1.179921
v -0.135642 -0.435592 1.156927
v -0.135642 -0.334946 1.156927
v -0.097378 -0.435592 1.137068
v 0.096370 -0.435592 1.137068
v 0.134634 -0.435592 1.156927
v 0.134634 -0.334946 1.156927
v 0.152575 -0.435592 1.179921
v 0.152575 -0.334946 1.179921
v 0.202268 -0.435592 1.203294
v 0.202268 -0.334946 1.203294
v -0.501794 0.586377 -0.048166
v -0.496805 0.586377 -0.048166
v -0.494311 0.586293 -0.052486
v -0.501794 0.586209 -0.056806
v -0.504288 0.586293 -0.052486
v 0.059771 -0.437517 0.706958
v 0.059771 -0.474928 0.706958
v 0.059771 -0.456222 0.701946
v -0.501794 0.485827 -0.055861
v -0.494311 0.485911 -0.051541
v -0.496805 0.485995 -0.047222
v -0.501794 0.485995 -0.047222
v -0.504288 0.485911 -0.051541
v -0.062262 -0.474928 0.706958
v -0.062262 -0.437517 0.706958
v -0.062262 -0.456222 0.701946
v -0.366582 0.280307 0.152904
v -0.359386 0.280307 0.175051
v -0.340547 0.280307 0.188739
v -0.317259 0.280307 0.188739
v -0.298419 0.280307 0.175051
v -0.291223 0.280307 0.152904
v -0.298419 0.280307 0.130756
v -0.317259 0.280307 0.117069
v -0.340547 0.280307 0.117069
v -0.359386 0.280307 0.130756
v 0.346584 0.257798 0.080407
v 0.340847 0.264102 0.073572
v -0.000504 0.264687 0.073503
v -0.000504 0.257877 0.080405
v -0.341855 0.264102 0.073572
v -0.347592 0.257798 0.080407
v 0.346566 0.257854 0.066695
v -0.000504 0.257784 0.066693
v -0.347574 0.257854 0.066695
v 0.094638 -0.441428 0.764983
v 0.094638 -0.471018 0.764983
v 0.094638 -0.485813 0.739356
v 0.094638 -0.471018 0.713730
v 0.094638 -0.441428 0.713730
v 0.094638 -0.426632 0.739356
v -0.324121 0.605441 -0.059529
v -0.318701 0.599526 -0.052702
v -0.000504 0.599557 -0.052679
v -0.000504 0.606371 -0.059578
v 0.317693 0.599526 -0.052702
v 0.323113 0.605441 -0.059529
v 0.352303 0.251550 0.073529
v -0.000504 0.250975 0.073596
v -0.353312 0.251550 0.073530
v -0.097129 -0.426632 0.739356
v -0.097129 -0.441428 0.713730
v -0.097129 -0.471018 0.713730
v -0.097129 -0.485813 0.739356
v -0.097129 -0.471018 0.764983
v -0.097129 -0.441428 0.764983
v 0.059771 -0.410992 0.739356
v -0.062262 -0.410992 0.739356
v -0.062262 -0.433607 0.778528
v 0.059771 -0.433607 0.778528
v -0.062262 -0.433607 0.793339
v 0.059771 -0.433607 0.793339
v -0.201254 -0.347993 0.669897
v -0.199130 -0.360758 0.674769
v -0.197479 -0.363181 0.668472
v -0.201254 -0.352805 0.657290
v -0.211019 -0.188958 0.594749
v -0.211019 -0.184145 0.607356
v -0.199130 -0.365569 0.662162
v -0.199130 -0.389237 0.671196
v -0.199130 -0.384425 0.683803
v -0.201254 -0.394918 0.623866
v -0.199130 -0.397696 0.637243
v -0.197479 -0.404307 0.635889
v -0.201254 -0.408131 0.621121
v -0.211019 -0.372467 0.449409
v -0.211019 -0.359254 0.452153
v -0.199130 -0.410909 0.634499
v -0.199130 -0.416061 0.659303
v -0.199130 -0.402848 0.662047
v -0.313278 0.593708 -0.059588
v -0.318699 0.599622 -0.066414
v -0.000504 0.599473 -0.066391
v -0.000504 0.592659 -0.059493
v 0.317690 0.599622 -0.066414
v 0.312270 0.593708 -0.059588
v -0.008133 -0.015438 -0.762460
v -0.008133 -0.004099 -0.752701
v -0.008133 -0.007274 -0.761951
v -0.008133 -0.010232 -0.747287
v -0.008133 0.004687 -0.748403
v -0.008133 0.004178 -0.740239
v -0.008133 0.013938 -0.751578
v -0.008133 0.019352 -0.745445
v -0.008133 0.018235 -0.760364
v -0.008133 0.026400 -0.759856
v -0.008133 0.015060 -0.769615
v -0.008133 0.021193 -0.775030
v -0.008133 0.006274 -0.773912
v -0.008133 0.006783 -0.782077
v -0.008133 -0.002976 -0.770738
v -0.008133 -0.008390 -0.776871
v -0.008133 -0.054828 -0.799581
v -0.008133 -0.061876 -0.785171
v -0.008133 -0.363936 -0.942740
v -0.008133 -0.375637 -0.952062
v -0.008133 -0.372115 -0.942938
v -0.008133 -0.369714 -0.957706
v -0.008133 -0.384580 -0.956024
v -0.008133 -0.384382 -0.964201
v -0.008133 -0.393704 -0.952500
v -0.008133 -0.399346 -0.958423
v -0.008133 -0.397665 -0.943558
v -0.008133 -0.405843 -0.943756
v -0.008133 -0.394142 -0.934433
v -0.008133 -0.400065 -0.928791
v -0.008133 -0.385199 -0.930473
v -0.008133 -0.385397 -0.922295
v -0.008133 -0.376075 -0.933996
v -0.008133 -0.370433 -0.928073
v -0.008133 -0.348710 -0.918452
v -0.008133 -0.342214 -0.933119
v -0.384744 0.192819 -0.216445
v -0.381868 0.192819 -0.216445
v -0.381868 0.192819 -0.154944
v -0.384744 0.192819 -0.154944
v -0.391769 0.195684 -0.158720
v -0.391769 0.195684 -0.212668
v -0.009716 -0.059265 -0.782296
v -0.000504 -0.060878 -0.778838
v 0.008707 -0.059265 -0.782296
v 0.012523 -0.055372 -0.790645
v 0.008707 -0.051479 -0.798993
v -0.000504 -0.049867 -0.802451
v -0.009716 -0.051479 -0.798993
v -0.013532 -0.055372 -0.790645
v -0.384744 0.211121 -0.158557
v -0.389150 0.204410 -0.158720
v -0.384744 0.207275 -0.154944
v -0.384744 0.192819 -0.154944
v -0.387995 0.208257 -0.162334
v -0.387995 0.208257 -0.209055
v -0.384744 0.211121 -0.212831
v -0.384744 0.207275 -0.216445
v -0.389150 0.204410 -0.212668
v -0.384744 0.192819 -0.216445
v -0.381868 0.207275 -0.216445
v -0.381868 0.192819 -0.216445
v -0.387004 0.025556 0.058431
v -0.380257 0.025556 0.054535
v -0.380257 0.025556 0.070118
v -0.387004 0.025556 0.066222
v -0.013532 -0.345909 -0.926124
v -0.009716 -0.342016 -0.934472
v -0.000504 -0.340403 -0.937931
v 0.008707 -0.342016 -0.934472
v 0.012523 -0.345909 -0.926124
v 0.008707 -0.349802 -0.917775
v -0.000504 -0.351414 -0.914317
v -0.009716 -0.349802 -0.917775
v -0.176625 -0.300639 1.111120
v -0.175766 -0.337490 1.106977
v -0.159835 -0.337490 1.114099
v -0.160639 -0.300639 1.118270
v -0.000504 -0.337490 1.120509
v -0.000504 -0.300639 1.124812
v 0.158826 -0.337490 1.114099
v 0.142347 -0.300639 1.118979
v 0.159631 -0.300639 1.118270
v 0.174759 -0.337490 1.106977
v 0.175616 -0.300639 1.111120
v -0.027215 -0.051507 -0.660416
v -0.027215 0.075037 -0.660416
v -0.027215 0.075037 -0.673728
v -0.027215 0.026197 -0.673728
v -0.027215 -0.051507 -0.777186
v -0.000504 -0.098074 1.143803
v 0.049111 -0.108980 1.140946
v 0.056476 -0.103231 1.141336
v 0.149336 -0.103231 1.138247
v 0.160989 -0.098070 1.136918
v 0.156703 -0.108980 1.137366
v 0.159639 -0.160399 1.129864
v 0.156703 -0.149413 1.132766
v 0.149336 -0.155162 1.132362
v 0.056476 -0.155162 1.135551
v -0.000504 -0.160452 1.136904
v 0.049111 -0.149413 1.136460
v -0.050119 -0.149413 1.136460
v -0.050119 -0.108980 1.140946
v -0.057485 -0.103231 1.141336
v -0.161998 -0.098070 1.136918
v -0.150344 -0.103231 1.138247
v -0.157711 -0.108980 1.137366
v -0.157711 -0.149413 1.132766
v -0.160647 -0.160399 1.129864
v -0.150344 -0.155162 1.132362
v -0.057485 -0.155162 1.135551
v 0.026206 0.026197 -0.673728
v 0.026206 0.075037 -0.673728
v 0.026206 0.075037 -0.660416
v 0.026206 -0.051507 -0.660416
v 0.026206 -0.051507 -0.777186
v -0.150344 -0.103231 1.131269
v -0.157711 -0.108980 1.131269
v -0.157711 -0.149413 1.131269
v -0.150344 -0.155162 1.131269
v -0.057485 -0.155162 1.131269
v -0.050119 -0.149413 1.131269
v -0.050119 -0.108980 1.131269
v -0.057485 -0.103231 1.131269
v -0.116272 -0.073636 -0.712090
v -0.159702 -0.064497 -0.734153
v -0.159702 -0.073636 -0.712090
v -0.116272 -0.064497 -0.734153
v -0.159702 -0.065261 -0.752748
v -0.116272 -0.065261 -0.752748
v -0.128182 -0.059664 -0.771716
v -0.147793 -0.059664 -0.771716
v -0.135843 -0.052382 -0.807461
v -0.152883 -0.052382 -0.800448
v -0.178478 -0.029519 -0.874487
v -0.193755 -0.027924 -0.867413
v -0.187071 -0.023786 -0.890042
v -0.199101 -0.022530 -0.884472
v -0.023438 0.026589 1.158335
v -0.023260 -0.082487 1.144773
v -0.000504 -0.082487 1.145769
v -0.000504 0.026589 1.159529
v 0.022251 -0.082487 1.144773
v 0.022430 0.026589 1.158335
v -0.213531 -0.015039 -0.889705
v -0.213276 -0.026556 -0.886509
v -0.234977 -0.092320 -0.919206
v -0.244750 -0.076623 -0.944292
v -0.223048 -0.010859 -0.911596
v -0.218002 -0.007857 -0.901182
v -0.199672 -0.095991 -0.935255
v -0.177971 -0.030227 -0.902559
v -0.178226 -0.018710 -0.905755
v -0.182697 -0.011529 -0.917232
v -0.187743 -0.014530 -0.927646
v -0.209444 -0.080293 -0.960342
v -0.203414 0.161580 0.084818
v -0.193649 0.206923 0.084818
v -0.170986 0.226460 0.084818
v -0.164020 0.226460 0.084818
v -0.000504 0.240026 0.084818
v 0.163012 0.226460 0.084818
v 0.169978 0.226460 0.084818
v 0.192641 0.206923 0.084818
v 0.202405 0.161580 0.084818
v 0.202405 0.049753 0.084818
v 0.195358 -0.285029 0.084818
v -0.196366 -0.285029 0.084818
v -0.203414 0.049753 0.084818
v -0.171165 -0.019444 -0.908965
v -0.170910 -0.030961 -0.905769
v -0.194818 -0.103415 -0.941792
v -0.204591 -0.087718 -0.966879
v -0.180681 -0.015264 -0.930856
v -0.175636 -0.012263 -0.920442
v -0.244246 -0.098276 -0.919322
v -0.220337 -0.025822 -0.883299
v -0.220592 -0.014305 -0.886495
v -0.225063 -0.007123 -0.897972
v -0.230109 -0.010125 -0.908386
v -0.254018 -0.082579 -0.944409
v -0.310274 -0.190006 0.136118
v -0.339114 -0.256296 0.136118
v -0.345985 -0.256296 0.136118
v -0.532823 -0.542490 0.136118
v -0.451931 -0.190006 0.136118
v -0.470494 -0.542490 0.136118
v -0.203277 -0.435592 1.218877
v 0.202268 -0.435592 1.218877
v 0.202268 -0.435592 1.203294
v -0.203277 -0.435592 1.203294
v 0.152575 -0.435592 1.179921
v -0.153583 -0.435592 1.179921
v 0.134634 -0.435592 1.156927
v -0.135642 -0.435592 1.156927
v 0.175161 -0.175981 1.120858
v 0.156618 -0.300639 1.113992
v 0.172303 -0.300639 1.106843
v 0.159299 -0.175981 1.128101
v 0.141902 -0.175981 1.128863
v 0.139679 -0.300639 1.114702
v -0.376479 0.284484 0.125305
v -0.383888 0.284484 0.152955
v -0.385785 0.284484 0.152955
v -0.378122 0.284484 0.124357
v -0.362471 0.284594 0.112709
v -0.362471 0.284594 0.114332
v 0.056476 -0.103231 1.131269
v 0.049111 -0.108980 1.131269
v 0.049111 -0.149413 1.131269
v 0.056476 -0.155162 1.131269
v 0.149336 -0.155162 1.131269
v 0.156703 -0.149413 1.131269
v 0.156703 -0.108980 1.131269
v 0.149336 -0.103231 1.131269
v -0.097424 -0.441480 1.135721
v -0.097424 -0.418640 1.218567
v -0.097424 -0.418640 1.135721
v -0.097424 -0.441480 1.218567
v -0.097424 -0.441480 1.250000
v -0.097424 -0.428733 1.250000
v 0.145672 0.621256 -0.673631
v 0.142622 0.623988 -0.674562
v 0.142622 0.659330 -0.686607
v 0.145672 0.662061 -0.687538
v 0.211179 0.662061 -0.687538
v 0.214229 0.659330 -0.686607
v 0.214229 0.623988 -0.674562
v 0.211179 0.621256 -0.673631
v 0.142723 0.617456 -0.674649
v 0.142622 0.623988 -0.674562
v 0.145672 0.621256 -0.673631
v 0.214128 0.617456 -0.674649
v 0.211179 0.621256 -0.673631
v 0.217452 0.620601 -0.675721
v 0.214229 0.623988 -0.674562
v 0.217452 0.661303 -0.689593
v 0.214229 0.659330 -0.686607
v 0.214128 0.664449 -0.690666
v 0.211179 0.662061 -0.687538
v 0.142723 0.664449 -0.690666
v 0.145672 0.662061 -0.687538
v 0.139399 0.661303 -0.689593
v 0.142622 0.659330 -0.686607
v 0.139399 0.620601 -0.675721
v -0.078332 -0.418640 1.218567
v -0.078332 -0.418640 1.135721
v -0.078332 -0.428733 1.250000
v 0.344976 -0.256296 0.136118
v 0.338105 -0.256296 0.136118
v 0.309266 -0.190006 0.136118
v 0.450923 -0.190006 0.136118
v 0.531815 -0.542490 0.136118
v 0.469486 -0.542490 0.136118
v -0.299289 -0.464134 -1.122231
v -0.299289 -0.461012 -1.129834
v -0.299289 -0.453428 -1.133003
v -0.299289 -0.445824 -1.129882
v -0.299289 -0.442655 -1.122298
v -0.299289 -0.445777 -1.114693
v -0.299289 -0.453361 -1.111525
v -0.299289 -0.460964 -1.114647
v -0.344870 -0.437748 -1.133900
v -0.340178 -0.422777 -1.120789
v -0.342593 -0.429793 -1.141419
v -0.348425 -0.449305 -1.139598
v -0.348425 -0.448748 -1.150764
v -0.351981 -0.461372 -1.135078
v -0.354257 -0.468539 -1.143351
v -0.353453 -0.466879 -1.122988
v -0.356673 -0.477573 -1.123522
v -0.351981 -0.462601 -1.110411
v -0.354257 -0.470557 -1.102891
v -0.348425 -0.451044 -1.104712
v -0.348425 -0.451602 -1.093546
v -0.344870 -0.438978 -1.109233
v -0.342593 -0.431810 -1.100959
v -0.343396 -0.433471 -1.121322
v -0.324900 -0.444974 -1.109531
v -0.320208 -0.428773 -1.121088
v -0.322625 -0.437807 -1.101258
v -0.328456 -0.457041 -1.105011
v -0.328456 -0.457598 -1.093845
v -0.332012 -0.468598 -1.110709
v -0.334288 -0.476553 -1.103191
v -0.333485 -0.472875 -1.123287
v -0.336703 -0.483569 -1.123821
v -0.332012 -0.467368 -1.135377
v -0.334288 -0.474536 -1.143650
v -0.328456 -0.455301 -1.139897
v -0.328456 -0.454745 -1.151063
v -0.324900 -0.443744 -1.134199
v -0.322625 -0.435789 -1.141718
v -0.323428 -0.439467 -1.121621
v -0.220461 -0.311820 1.206260
v -0.220461 -0.322498 1.206260
v -0.220461 -0.450586 1.136669
v -0.220461 -0.322498 1.105505
v 0.338105 -0.256296 0.136118
v 0.338105 -0.256296 0.119150
v 0.462614 -0.542490 0.119150
v 0.462614 -0.542490 0.144201
v 0.309266 -0.190006 0.144201
v 0.309266 -0.190006 0.136118
v -0.064907 -0.300015 -0.672913
v -0.064907 -0.337849 -0.672913
v -0.064907 -0.361957 -0.647287
v -0.064907 -0.361957 -0.589015
v -0.064907 -0.300015 -0.589015
v 0.469486 -0.542490 0.119150
v 0.469486 -0.542490 0.136118
v 0.531815 -0.542490 0.136118
v 0.531815 -0.542490 0.144201
v 0.531815 -0.542490 -0.039334
v 0.450923 -0.190006 -0.039334
v 0.309266 -0.190006 -0.039334
v 0.344976 -0.256296 -0.039334
v 0.469486 -0.542490 -0.039334
v 0.338105 -0.256296 -0.039334
v -0.055316 -0.361957 -0.647287
v -0.055316 -0.337849 -0.672913
v -0.055315 -0.308053 -0.672913
v -0.055315 -0.308053 -0.589015
v -0.055316 -0.361957 -0.589015
v 0.376919 -0.112611 -0.657189
v 0.143098 -0.112071 -0.657161
v 0.143098 -0.112071 -0.684413
v 0.155340 -0.112098 -0.696655
v 0.376919 -0.112611 -0.696655
v 0.054299 -0.308053 -0.672913
v 0.054298 -0.337849 -0.672913
v 0.054298 -0.361957 -0.647287
v 0.054298 -0.361957 -0.589015
v 0.054299 -0.308053 -0.589015
v 0.376919 -0.112611 -0.696655
v 0.376919 0.188124 -0.688690
v 0.064197 -0.361957 -0.647287
v 0.064197 -0.337849 -0.672913
v 0.064197 -0.300015 -0.672913
v 0.064197 -0.300015 -0.589015
v 0.064197 -0.361957 -0.589015
v 0.004023 -0.421560 -0.604368
v 0.006681 -0.421560 -0.591053
v 0.007978 -0.436604 -0.604368
v 0.399275 0.188130 -0.688669
v 0.411468 0.188134 -0.676386
v 0.411468 0.188134 -0.616401
v 0.399275 0.188130 -0.604201
v 0.319986 0.314560 -0.681573
v 0.296258 0.634846 -0.661376
v 0.376919 0.188124 -0.688690
v 0.155215 0.243477 -0.687685
v 0.510598 0.602939 -0.064599
v 0.480513 0.603102 -0.045412
v 0.497755 0.603050 -0.051557
v 0.511518 0.602835 -0.076900
v 0.468971 0.603065 -0.049766
v 0.510460 0.602821 -0.078559
v 0.467913 0.603051 -0.051424
v 0.497653 0.430488 -0.047047
v 0.498696 0.429002 -0.051004
v 0.496234 0.427175 -0.049751
v 0.496819 0.430148 -0.046625
v 0.451522 0.425820 -0.018976
v 0.454849 0.429601 -0.018358
v 0.502502 0.427563 -0.049460
v 0.498413 0.424251 -0.047377
v 0.450960 0.424924 -0.014754
v 0.501459 0.429049 -0.045504
v 0.498998 0.427223 -0.044252
v 0.454286 0.427546 -0.013755
v 0.497653 0.430488 -0.047047
v 0.496819 0.430148 -0.046625
v 0.454849 0.429601 -0.018358
v 0.454741 0.624287 -0.035827
v 0.452049 0.627745 -0.038486
v 0.482288 0.627614 -0.044443
v 0.483209 0.624605 -0.041435
v 0.490492 0.624365 -0.048538
v 0.490500 0.621727 -0.045076
v 0.496235 0.618829 -0.051378
v 0.495348 0.617123 -0.047473
v 0.498696 0.611012 -0.052549
v 0.497367 0.610528 -0.048432
v 0.450476 0.629953 -0.035082
v 0.484129 0.630669 -0.041951
v 0.493246 0.627048 -0.046502
v 0.499885 0.620582 -0.049783
v 0.502787 0.611544 -0.051166
v 0.453171 0.627791 -0.032434
v 0.485051 0.627660 -0.038944
v 0.493255 0.624411 -0.043039
v 0.498997 0.618876 -0.045879
v 0.501459 0.611059 -0.047049
v 0.454741 0.624287 -0.035827
v 0.483209 0.624605 -0.041435
v 0.490500 0.621727 -0.045076
v 0.495348 0.617123 -0.047473
v 0.497367 0.610528 -0.048432
v -0.008986 -0.452684 -0.598048
v -0.008986 -0.476984 -0.604576
v -0.013963 -0.477099 -0.591053
v -0.013963 -0.436604 -0.591053
v -0.008986 -0.436604 -0.604368
v -0.007689 -0.421560 -0.591053
v -0.005032 -0.421560 -0.604368
v 0.444486 0.629498 -0.041943
v 0.444474 0.624474 -0.041902
v 0.444062 0.621998 -0.037549
v 0.443662 0.624546 -0.033237
v 0.443674 0.629571 -0.033278
v 0.444085 0.632047 -0.037631
v 0.007978 -0.436604 -0.604368
v 0.004118 -0.426157 -0.620041
v 0.004023 -0.421560 -0.604368
v 0.008019 -0.439642 -0.607594
v 0.008019 -0.433758 -0.620277
v 0.004118 -0.431716 -0.636399
v 0.005523 -0.442681 -0.610820
v 0.005523 -0.438184 -0.620514
v 0.005523 -0.441622 -0.630632
v 0.008019 -0.438257 -0.633516
v 0.005523 -0.454234 -0.647340
v 0.008019 -0.454190 -0.642925
v 0.005523 -0.454145 -0.638510
v 0.457891 0.624452 -0.040644
v 0.457903 0.629477 -0.040685
v 0.457502 0.632026 -0.036373
v 0.457091 0.629550 -0.032020
v 0.457079 0.624524 -0.031979
v 0.457479 0.621976 -0.036291
v 0.360563 0.640698 -0.084199
v 0.358314 0.641260 -0.081873
v 0.361037 0.634225 -0.078875
v 0.362909 0.634843 -0.081670
v 0.369074 0.630443 -0.078010
v 0.369426 0.631844 -0.081716
v 0.450107 0.626137 -0.033309
v 0.450965 0.629189 -0.036292
v 0.359791 0.631750 -0.082231
v 0.368054 0.626721 -0.080019
v 0.450950 0.623034 -0.036241
v 0.356572 0.638722 -0.085429
v 0.360709 0.639847 -0.087364
v 0.363433 0.632812 -0.084366
v 0.369066 0.628513 -0.083854
v 0.451807 0.626086 -0.039224
v 0.362909 0.634843 -0.081670
v 0.369426 0.631844 -0.081716
v 0.450965 0.629189 -0.036292
v 0.360709 0.639847 -0.087364
v 0.356572 0.638722 -0.085429
v -0.009028 -0.439642 -0.607594
v -0.006531 -0.438184 -0.620514
v -0.006531 -0.442681 -0.610820
v -0.009028 -0.433758 -0.620277
v -0.006531 -0.441622 -0.630632
v -0.008986 -0.436604 -0.604368
v -0.005127 -0.426157 -0.620041
v -0.005127 -0.431716 -0.636399
v -0.009028 -0.438257 -0.633516
v -0.005032 -0.421560 -0.604368
v -0.006531 -0.454145 -0.638510
v -0.009028 -0.454190 -0.642925
v -0.006531 -0.454234 -0.647340
v -0.362471 0.296718 0.112709
v -0.343315 0.296718 0.112709
v -0.343315 0.280989 0.112709
v -0.313778 0.280989 0.112709
v -0.305546 0.268746 0.112709
v -0.314032 0.277400 0.112709
v -0.343062 0.277400 0.112709
v -0.351548 0.268746 0.112709
v -0.362471 0.284594 0.112709
v -0.351548 0.055619 0.112709
v -0.362471 0.036301 0.112709
v -0.294623 0.036301 0.112709
v -0.305546 0.055619 0.112709
v -0.294623 0.296718 0.112709
v -0.313778 0.296718 0.112709
v 0.443120 0.429184 -0.019975
v 0.443120 0.424413 -0.018398
v 0.444206 0.423351 -0.013608
v 0.445291 0.427059 -0.010395
v 0.445291 0.431829 -0.011973
v 0.444206 0.432893 -0.016762
v -0.111660 -0.398134 -0.530638
v -0.111660 -0.489030 -0.530638
v -0.150512 -0.489030 -0.530638
v -0.177822 -0.470797 -0.530638
v -0.177822 -0.398134 -0.530638
v 0.456169 0.423358 -0.021591
v 0.456169 0.428129 -0.023168
v 0.457255 0.431837 -0.019955
v 0.458342 0.430774 -0.015166
v 0.458342 0.426003 -0.013589
v 0.457255 0.422295 -0.016801
v 0.110651 -0.398134 -0.485799
v 0.110651 -0.489030 -0.485799
v 0.149504 -0.489030 -0.485799
v 0.176814 -0.470797 -0.485799
v 0.176814 -0.398134 -0.485799
v 0.503280 0.507025 -0.051813
v 0.500785 0.506940 -0.056133
v 0.493303 0.507025 -0.051813
v 0.495797 0.507108 -0.047494
v 0.500785 0.507108 -0.047494
v -0.111660 -0.489030 -0.485799
v -0.111660 -0.398134 -0.485799
v -0.177822 -0.398134 -0.485799
v -0.177822 -0.470797 -0.485799
v -0.150512 -0.489030 -0.485799
v 0.110651 -0.489030 -0.530638
v 0.110651 -0.398134 -0.530638
v 0.176814 -0.398134 -0.530638
v 0.176814 -0.470797 -0.530638
v 0.149504 -0.489030 -0.530638
v -0.000504 -0.399770 -0.452379
v -0.079615 -0.391307 -0.457265
v -0.111660 -0.398134 -0.457265
v -0.111660 -0.489030 -0.457265
v 0.110651 -0.489030 -0.457265
v 0.110651 -0.398134 -0.457265
v 0.078606 -0.391307 -0.457265
v 0.152400 -0.303053 -0.544777
v 0.445409 -0.271392 -0.526497
v 0.445409 -0.303053 -0.544777
v 0.152400 -0.271392 -0.526497
v 0.092272 -0.235255 -0.547361
v 0.092272 -0.303053 -0.586504
v 0.078606 -0.303053 -0.586504
v 0.078606 -0.235255 -0.547361
v -0.079615 -0.252099 -0.596474
v -0.079615 -0.303053 -0.610126
v -0.079615 -0.354007 -0.596474
v -0.079615 -0.391307 -0.559173
v -0.079615 -0.404961 -0.508219
v -0.079615 -0.391307 -0.457265
v -0.079615 -0.354007 -0.419964
v -0.079615 -0.303053 -0.406310
v -0.079615 -0.252099 -0.419964
v -0.079615 -0.214798 -0.457265
v -0.079615 -0.201145 -0.508219
v -0.079615 -0.214798 -0.559173
v 0.092272 -0.235255 -0.469076
v 0.078606 -0.235255 -0.469076
v 0.078606 -0.303053 -0.429933
v 0.092272 -0.303053 -0.429933
v 0.152400 -0.271392 -0.489939
v 0.152400 -0.303053 -0.471660
v 0.445409 -0.303053 -0.471660
v 0.445409 -0.271392 -0.489939
v 0.078606 -0.370850 -0.547361
v 0.092272 -0.370850 -0.547361
v 0.152400 -0.334713 -0.526497
v 0.445409 -0.334713 -0.526497
v -0.111660 -0.410125 -0.559173
v -0.111660 -0.410125 -0.604427
v -0.111660 -0.489030 -0.604427
v -0.111660 -0.398134 -0.559173
v 0.092272 -0.370850 -0.469076
v 0.078606 -0.370850 -0.469076
v 0.152400 -0.334713 -0.489939
v 0.445409 -0.334713 -0.489939
v 0.078606 -0.214798 -0.559173
v 0.078606 -0.201145 -0.508219
v 0.078606 -0.214798 -0.457265
v 0.078606 -0.252099 -0.419964
v 0.078606 -0.303053 -0.406310
v 0.078606 -0.354007 -0.419964
v 0.078606 -0.391307 -0.457265
v 0.078606 -0.404961 -0.508219
v 0.078606 -0.391307 -0.559173
v 0.078606 -0.354007 -0.596474
v 0.078606 -0.303053 -0.610126
v 0.078606 -0.252099 -0.596474
v 0.354681 -0.339927 -0.456579
v 0.302143 -0.339927 -0.456579
v 0.302143 -0.350417 -0.456579
v 0.401265 -0.350417 -0.456579
v 0.401265 -0.279335 -0.456579
v 0.365508 -0.232751 -0.456579
v 0.365508 -0.202120 -0.456579
v 0.354681 -0.202120 -0.456579
v 0.078606 -0.391307 -0.559173
v 0.110651 -0.398134 -0.559173
v 0.110651 -0.409570 -0.559173
v -0.000504 -0.399770 -0.564059
v -0.111660 -0.410125 -0.559173
v -0.111660 -0.398134 -0.559173
v -0.079615 -0.391307 -0.559173
v 0.208037 -0.347958 0.669884
v 0.201424 -0.360723 0.674756
v 0.203075 -0.363112 0.668446
v 0.201424 -0.384390 0.683790
v 0.201424 -0.389203 0.671183
v 0.201424 -0.365535 0.662149
v 0.208037 -0.352771 0.657277
v 0.217618 -0.185716 0.607955
v 0.217618 -0.190529 0.595348
v 0.237470 -0.156877 0.596149
v 0.237470 -0.161690 0.583541
v 0.274862 -0.139021 0.589810
v 0.274862 -0.143834 0.577202
v 0.298233 -0.139048 0.589820
v 0.298233 -0.143860 0.577212
v 0.307276 -0.141590 0.576346
v 0.307276 -0.136778 0.588953
v 0.196471 -0.363181 0.668472
v 0.198122 -0.360758 0.674769
v 0.200246 -0.347993 0.669897
v 0.198122 -0.384425 0.683803
v 0.198122 -0.389237 0.671196
v 0.198122 -0.365569 0.662162
v 0.200246 -0.352805 0.657290
v 0.210010 -0.188958 0.594749
v 0.210010 -0.184145 0.607356
v 0.232538 -0.156055 0.581390
v 0.232538 -0.151243 0.593998
v 0.273929 -0.136608 0.574444
v 0.273929 -0.131795 0.587051
v 0.298233 -0.136581 0.574434
v 0.298233 -0.131769 0.587041
v 0.307276 -0.136778 0.588953
v -0.012502 -0.353715 -0.695057
v -0.008989 -0.345231 -0.695057
v -0.000504 -0.341716 -0.695057
v 0.007980 -0.345231 -0.695057
v 0.011494 -0.353715 -0.695057
v 0.007980 -0.362199 -0.695057
v -0.000504 -0.365713 -0.695057
v -0.008989 -0.362199 -0.695057
v 0.259099 -0.440638 0.682860
v 0.029442 -0.438685 0.658169
v 0.030188 -0.446476 0.650337
v 0.259920 -0.448429 0.675112
v 0.279184 -0.440638 0.684989
v 0.280005 -0.444539 0.677241
v 0.300299 -0.443790 0.679392
v 0.299478 -0.440638 0.687139
v -0.025972 -0.353715 -0.663876
v -0.018513 -0.335706 -0.663876
v -0.000504 -0.328247 -0.663876
v 0.017504 -0.335706 -0.663876
v 0.024964 -0.353715 -0.663876
v 0.017504 -0.371724 -0.663876
v -0.000504 -0.379183 -0.663876
v -0.018513 -0.371724 -0.663876
v 0.030933 -0.438685 0.642506
v 0.259920 -0.448429 0.675112
v 0.030188 -0.446476 0.650337
v 0.260741 -0.440638 0.667365
v 0.280005 -0.444539 0.677241
v 0.280827 -0.440638 0.669493
v 0.301120 -0.440638 0.671644
v 0.300299 -0.443790 0.679392
v 0.198122 -0.402848 0.662047
v 0.201424 -0.402841 0.662011
v 0.201424 -0.397689 0.637207
v 0.198122 -0.397696 0.637243
v 0.208037 -0.394911 0.623830
v 0.200246 -0.394918 0.623866
v 0.217618 -0.359596 0.453799
v 0.210010 -0.359254 0.452153
v 0.237470 -0.353992 0.423145
v 0.232538 -0.352765 0.417240
v 0.274862 -0.349704 0.404689
v 0.273929 -0.348131 0.397115
v 0.298233 -0.349710 0.404716
v 0.298233 -0.348125 0.397088
v 0.307276 -0.349216 0.402337
v 0.198466 -0.479948 0.770522
v 0.145928 -0.479948 0.770522
v 0.145928 -0.490438 0.770522
v 0.245050 -0.490438 0.770522
v 0.245050 -0.432505 0.770522
v 0.209293 -0.385921 0.770522
v 0.209293 -0.355290 0.770522
v 0.198466 -0.355290 0.770522
v 0.110883 0.509917 -0.030354
v 0.105852 0.515783 -0.032332
v 0.246123 0.630234 -0.057038
v 0.254426 0.626415 -0.055582
v 0.257182 0.617340 -0.052690
v -0.049221 -0.353670 -0.634630
v -0.024863 -0.311479 -0.634630
v 0.023855 -0.311479 -0.634630
v 0.048213 -0.353670 -0.634630
v 0.023855 -0.395860 -0.634630
v -0.024863 -0.395860 -0.634630
v 0.110782 0.511572 -0.025186
v 0.256783 0.621011 -0.040786
v 0.254027 0.630086 -0.043677
v 0.245724 0.633906 -0.045133
v 0.105751 0.517438 -0.027163
v -0.377927 0.188124 -0.604223
v -0.400284 0.188130 -0.604201
v -0.412476 0.188134 -0.616401
v -0.412476 0.188134 -0.676386
v -0.400284 0.188130 -0.688669
v -0.377927 0.188124 -0.688690
v -0.377927 -0.112611 -0.696655
v -0.377927 -0.112611 -0.696655
v -0.156348 -0.112098 -0.696655
v -0.144107 -0.112071 -0.684413
v -0.144107 -0.112071 -0.657161
v -0.377927 -0.112611 -0.657189
v 0.323892 -0.444974 -1.109532
v 0.321616 -0.437807 -1.101258
v 0.319200 -0.428773 -1.121088
v 0.327448 -0.457041 -1.105011
v 0.327448 -0.457598 -1.093845
v 0.331003 -0.468598 -1.110709
v 0.333280 -0.476553 -1.103191
v 0.332476 -0.472875 -1.123287
v 0.335695 -0.483569 -1.123821
v 0.331003 -0.467368 -1.135377
v 0.333280 -0.474536 -1.143650
v 0.327448 -0.455301 -1.139897
v 0.327448 -0.454744 -1.151063
v 0.323892 -0.443744 -1.134199
v 0.321616 -0.435789 -1.141718
v 0.322420 -0.439467 -1.121621
v -0.431368 -0.527548 0.739356
v -0.421666 -0.556256 0.681602
v -0.421666 -0.571732 0.739356
v -0.431368 -0.517992 0.775020
v -0.421666 -0.556256 0.797111
v -0.431368 -0.491886 0.801126
v -0.421666 -0.513978 0.839390
v -0.431368 -0.456223 0.810682
v -0.431368 -0.384898 0.739356
v -0.431368 -0.394453 0.703694
v -0.431368 -0.420560 0.677587
v -0.431368 -0.456223 0.668031
v -0.431368 -0.491886 0.677587
v -0.431368 -0.517992 0.703694
v -0.431368 -0.420560 0.801126
v -0.431368 -0.394453 0.775020
v -0.421666 -0.456223 0.854866
v -0.421666 -0.398468 0.839390
v -0.421666 -0.356190 0.797111
v -0.421666 -0.340714 0.739356
v -0.421666 -0.356190 0.681602
v -0.421666 -0.398468 0.639323
v -0.421666 -0.456223 0.623848
v -0.421666 -0.513978 0.639323
v -0.421666 -0.571732 0.739356
v -0.416252 -0.577193 0.739356
v -0.416252 -0.560985 0.799841
v -0.421666 -0.556256 0.797111
v -0.416252 -0.516708 0.844119
v -0.421666 -0.513978 0.839390
v -0.416252 -0.456223 0.860326
v -0.421666 -0.456223 0.854866
v -0.416252 -0.395738 0.844119
v -0.421666 -0.398468 0.839390
v -0.416252 -0.351460 0.799841
v -0.421666 -0.356190 0.797111
v -0.416252 -0.335253 0.739356
v -0.421666 -0.340714 0.739356
v -0.416252 -0.351460 0.678871
v -0.421666 -0.356190 0.681602
v -0.416252 -0.395738 0.634593
v -0.421666 -0.398468 0.639323
v -0.416252 -0.456223 0.618387
v -0.421666 -0.456223 0.623848
v -0.416252 -0.516708 0.634593
v -0.421666 -0.513978 0.639323
v -0.416252 -0.560985 0.678871
v -0.421666 -0.556256 0.681602
v -0.416252 -0.577193 0.739356
v -0.421666 -0.571732 0.739356
v 0.476833 -0.491895 0.739356
v 0.423858 -0.491895 0.739356
v 0.423858 -0.487116 0.721520
v 0.476833 -0.487116 0.721520
v 0.423858 -0.474059 0.708464
v 0.476833 -0.474059 0.708464
v 0.423858 -0.456222 0.703685
v 0.476833 -0.456222 0.703685
v 0.423858 -0.438387 0.708464
v 0.476833 -0.438387 0.708464
v 0.423858 -0.425330 0.721520
v 0.476833 -0.425330 0.721520
v 0.423858 -0.420551 0.739356
v 0.476833 -0.420551 0.739356
v 0.423858 -0.425330 0.757193
v 0.476833 -0.425330 0.757193
v 0.423858 -0.438387 0.770250
v 0.476833 -0.438387 0.770250
v 0.423858 -0.456222 0.775029
v 0.476833 -0.456222 0.775029
v 0.423858 -0.474059 0.770250
v 0.476833 -0.474059 0.770250
v 0.423858 -0.487116 0.757193
v 0.476833 -0.487116 0.757193
v 0.423858 -0.491895 0.739356
v 0.476833 -0.491895 0.739356
v 0.396897 0.175136 -0.759409
v 0.398473 0.174484 -0.760985
v 0.402681 0.180921 -0.759409
v 0.403334 0.179344 -0.760985
v 0.510095 0.180921 -0.759409
v 0.509442 0.179344 -0.760985
v 0.515879 0.175136 -0.759409
v 0.514304 0.174484 -0.760985
v 0.515879 0.135918 -0.759409
v 0.514304 0.135637 -0.760985
v 0.385996 0.159744 0.058431
v 0.379248 0.159744 0.070118
v 0.379248 0.159744 0.054535
v 0.385996 0.159744 0.066222
v 0.385996 -0.141827 0.058431
v 0.379248 -0.141827 0.070118
v 0.379248 -0.141827 0.054535
v 0.385996 -0.141827 0.066222
v 0.396897 0.170136 -0.756594
v 0.398473 0.169483 -0.758170
v 0.402681 0.175920 -0.756594
v 0.403334 0.174344 -0.758170
v 0.510095 0.175920 -0.756594
v 0.509442 0.174344 -0.758170
v 0.515879 0.170136 -0.756594
v 0.514304 0.169483 -0.758170
v 0.515879 0.130919 -0.756594
v 0.514304 0.130637 -0.758170
v 0.343861 -0.437748 -1.133900
v 0.341585 -0.429793 -1.141419
v 0.339169 -0.422777 -1.120789
v 0.347417 -0.449305 -1.139598
v 0.347417 -0.448748 -1.150764
v 0.350973 -0.461372 -1.135078
v 0.353248 -0.468539 -1.143351
v 0.352445 -0.466879 -1.122988
v 0.355664 -0.477573 -1.123522
v 0.350973 -0.462601 -1.110411
v 0.353248 -0.470557 -1.102891
v 0.347417 -0.451044 -1.104713
v 0.347417 -0.451602 -1.093546
v 0.343861 -0.438978 -1.109233
v 0.341585 -0.431810 -1.100959
v 0.342388 -0.433471 -1.121322
v 0.308473 -0.324955 -1.060371
v 0.327555 -0.397255 -1.103637
v 0.304579 -0.322952 -1.066866
v 0.331511 -0.399290 -1.097037
v 0.339169 -0.422777 -1.120789
v 0.341585 -0.431810 -1.100959
v 0.329151 -0.403222 -1.090532
v 0.306149 -0.328824 -1.053969
v 0.297710 -0.323493 -1.070049
v 0.314360 -0.401218 -1.103834
v 0.291594 -0.326851 -1.067061
v 0.320575 -0.397805 -1.106870
v 0.319200 -0.428773 -1.121088
v 0.289271 -0.330720 -1.060659
v 0.315956 -0.407184 -1.090729
v 0.293164 -0.332723 -1.054164
v 0.312000 -0.405149 -1.097329
v 0.321616 -0.437807 -1.101258
v 0.503280 0.485911 -0.051541
v 0.500785 0.485995 -0.047222
v 0.495797 0.485995 -0.047222
v 0.493303 0.485911 -0.051541
v 0.500785 0.485827 -0.055861
v 0.192747 -0.027924 -0.867414
v 0.198092 -0.022530 -0.884472
v 0.186063 -0.023786 -0.890042
v 0.177470 -0.029519 -0.874487
v 0.151874 -0.052382 -0.800448
v 0.134835 -0.052382 -0.807461
v 0.146785 -0.059664 -0.771716
v 0.127173 -0.059664 -0.771716
v 0.158694 -0.065261 -0.752748
v 0.115264 -0.065261 -0.752748
v 0.115264 -0.064497 -0.734153
v 0.158694 -0.064497 -0.734153
v 0.115264 -0.073636 -0.712090
v 0.158694 -0.073636 -0.712090
v 0.115264 -0.117763 -0.756217
v 0.158694 -0.126901 -0.734153
v 0.115264 -0.126901 -0.734153
v 0.158694 -0.117763 -0.756217
v 0.115264 -0.104073 -0.768825
v 0.158694 -0.104073 -0.768825
v 0.146820 -0.097022 -0.786400
v 0.127138 -0.097022 -0.786400
v 0.156403 -0.085690 -0.811248
v 0.139221 -0.085690 -0.818320
v 0.199616 -0.054855 -0.875924
v 0.184148 -0.056470 -0.883086
v 0.204819 -0.047447 -0.893383
v 0.192790 -0.048702 -0.898953
v 0.199007 -0.050648 -0.911940
v 0.211037 -0.049392 -0.906371
v 0.205170 -0.043661 -0.926826
v 0.217199 -0.042405 -0.921256
v 0.503280 0.586293 -0.052486
v 0.500785 0.586209 -0.056806
v 0.493303 0.586293 -0.052486
v 0.495797 0.586377 -0.048167
v 0.500785 0.586377 -0.048167
v -0.617467 -0.266246 -0.508219
v -0.617467 -0.271206 -0.526727
v -0.617467 -0.284755 -0.540277
v -0.617467 -0.303264 -0.545236
v -0.617467 -0.321772 -0.540277
v -0.617467 -0.335322 -0.526727
v -0.617467 -0.340282 -0.508219
v -0.617467 -0.335322 -0.489710
v -0.617467 -0.321772 -0.476160
v -0.617467 -0.303264 -0.471201
v -0.617467 -0.284755 -0.476160
v -0.617467 -0.271206 -0.489710
v 0.503280 0.565179 -0.052214
v 0.500785 0.565263 -0.047895
v 0.495797 0.565263 -0.047895
v 0.493303 0.565179 -0.052214
v 0.500785 0.565095 -0.056535
v 0.368800 0.434452 -0.010347
v 0.365907 0.436698 -0.007997
v 0.374182 0.446034 -0.010127
v 0.375448 0.442284 -0.011936
v 0.451092 0.431022 -0.017915
v 0.451100 0.427134 -0.019872
v 0.368645 0.436684 -0.004614
v 0.370626 0.434366 -0.006959
v 0.376555 0.440765 -0.008009
v 0.375288 0.444514 -0.006201
v 0.451196 0.425367 -0.016070
v 0.451083 0.429066 -0.014027
v -0.558701 -0.435434 -0.453390
v -0.558701 -0.404372 -0.406901
v -0.558701 -0.357883 -0.375838
v -0.558701 -0.303046 -0.364931
v -0.558701 -0.248209 -0.375838
v -0.558701 -0.201721 -0.406901
v -0.558701 -0.170658 -0.453390
v -0.558701 -0.159750 -0.508226
v -0.558701 -0.170658 -0.563064
v -0.558701 -0.201721 -0.609553
v -0.558701 -0.248209 -0.640615
v -0.558701 -0.303046 -0.651523
v -0.558701 -0.357883 -0.640615
v -0.558701 -0.404372 -0.609553
v -0.558701 -0.435434 -0.563064
v -0.558701 -0.446342 -0.508226
v -0.288066 -0.329331 -1.066310
v -0.288609 -0.333786 -1.057027
v -0.295985 -0.334945 -1.049916
v -0.305874 -0.332127 -1.049143
v -0.312483 -0.326985 -1.055160
v -0.311940 -0.322530 -1.064443
v -0.304564 -0.321372 -1.071554
v -0.294675 -0.324189 -1.072327
v -0.502655 -0.390733 -0.595914
v -0.502655 -0.303046 -0.632235
v -0.502655 -0.215359 -0.595914
v -0.502655 -0.179037 -0.508226
v -0.502655 -0.215359 -0.420539
v -0.502655 -0.303046 -0.384219
v -0.502655 -0.390733 -0.420539
v -0.502655 -0.427054 -0.508226
v -0.249554 -0.184872 -1.002829
v -0.259442 -0.182055 -1.002055
v -0.266819 -0.183214 -0.994944
v -0.267362 -0.187669 -0.985661
v -0.260753 -0.192812 -0.979643
v -0.250864 -0.195628 -0.980417
v -0.243488 -0.194469 -0.987529
v -0.242945 -0.190015 -0.996812
v -0.404243 0.638516 0.195282
v -0.398665 0.636585 0.203846
v -0.403518 0.639565 0.195746
v -0.405956 0.646876 0.188764
v -0.405097 0.647272 0.189736
v -0.403464 0.657173 0.187001
v -0.402799 0.656764 0.188111
v -0.397720 0.665472 0.190669
v -0.397504 0.664416 0.191492
v -0.390916 0.668604 0.198365
v -0.391231 0.667304 0.198587
v -0.385653 0.665373 0.207151
v -0.386379 0.664325 0.206688
v -0.383941 0.657013 0.213670
v -0.384800 0.656617 0.212698
v -0.386432 0.646716 0.215433
v -0.387097 0.647124 0.214322
v -0.392177 0.638417 0.211765
v -0.392394 0.639473 0.210942
v -0.398980 0.635285 0.204069
v 0.077324 -0.441480 1.250000
v 0.077324 -0.428733 1.250000
v 0.077324 -0.418640 1.218567
v 0.077324 -0.441480 1.218567
v -0.502655 -0.179037 -0.508226
v -0.543754 -0.179037 -0.508226
v -0.543754 -0.188477 -0.460771
v -0.543754 -0.215359 -0.420539
v -0.502655 -0.215359 -0.420539
v -0.566869 -0.163637 -0.450482
v -0.566869 -0.152150 -0.508226
v -0.566869 -0.163637 -0.565972
v -0.566869 -0.196347 -0.614926
v -0.566869 -0.245301 -0.647636
v -0.566869 -0.303046 -0.659122
v -0.566869 -0.360791 -0.647636
v -0.566869 -0.409745 -0.614926
v -0.566869 -0.442456 -0.565972
v -0.566869 -0.453941 -0.508226
v -0.566869 -0.442456 -0.450482
v -0.566869 -0.409745 -0.401527
v -0.566869 -0.360791 -0.368818
v -0.566869 -0.303046 -0.357331
v -0.566869 -0.245301 -0.368818
v -0.566869 -0.196347 -0.401527
v -0.000504 -0.455540 1.173340
v 0.010153 -0.455540 1.179492
v 0.010153 -0.455540 1.191798
v -0.000504 -0.455540 1.197950
v -0.011161 -0.455540 1.191798
v -0.011161 -0.455540 1.179492
v -0.566869 -0.488275 -0.607551
v -0.575138 -0.488275 -0.607551
v -0.579248 -0.527388 -0.629696
v -0.531375 -0.527388 -0.629696
v -0.543754 -0.488275 -0.607551
v -0.011161 -0.317208 1.179492
v -0.011161 -0.317208 1.191798
v -0.000504 -0.317208 1.197950
v 0.010153 -0.317208 1.191798
v 0.010153 -0.317208 1.179492
v -0.000504 -0.317208 1.173340
v -0.566869 -0.402370 -0.693455
v -0.543754 -0.402370 -0.693455
v -0.531375 -0.424515 -0.732569
v -0.579248 -0.424515 -0.732569
v -0.575138 -0.402370 -0.693455
v -0.078332 -0.441480 1.135721
v -0.078332 -0.441480 1.218567
v -0.078332 -0.428733 1.250000
v -0.078332 -0.441480 1.250000
v -0.377927 0.188124 -0.604223
v -0.358024 0.190941 -0.598531
v -0.400284 0.188130 -0.604201
v -0.566869 -0.402370 -0.322999
v -0.575138 -0.402370 -0.322999
v -0.579248 -0.424767 -0.283632
v -0.531375 -0.424767 -0.283632
v -0.543754 -0.402370 -0.322999
v -0.222089 0.511572 -0.025186
v -0.076088 0.621011 -0.040786
v -0.078843 0.630086 -0.043677
v -0.087146 0.633906 -0.045133
v -0.227120 0.517438 -0.027163
v -0.566869 -0.488275 -0.408902
v -0.543754 -0.488275 -0.408902
v -0.531375 -0.527641 -0.386505
v -0.579248 -0.527641 -0.386505
v -0.575138 -0.488275 -0.408902
v -0.221988 0.509917 -0.030354
v -0.227019 0.515783 -0.032332
v -0.086748 0.630234 -0.057038
v -0.078445 0.626415 -0.055582
v -0.075690 0.617340 -0.052690
v 0.200591 -0.010704 -0.892535
v 0.188561 -0.011959 -0.898105
v 0.206754 -0.003716 -0.907420
v 0.194724 -0.004972 -0.912990
v -0.335157 0.288090 0.138183
v -0.334747 0.287909 0.110240
v -0.333764 0.286071 0.100007
v -0.330973 0.278604 0.095528
v -0.314447 0.241396 0.096415
v -0.272928 0.140788 0.111401
v -0.246680 0.108544 0.111501
v -0.225497 0.096010 0.111501
v -0.203188 0.094662 0.111535
v -0.328217 0.278570 0.100816
v -0.312371 0.242745 0.101840
v -0.270296 0.142499 0.116471
v -0.244478 0.110664 0.116621
v -0.224180 0.098770 0.116621
v -0.203214 0.097720 0.116654
v 0.543485 -0.215359 -0.420539
v 0.543485 -0.117974 -0.408860
v 0.543485 -0.188477 -0.460771
v 0.543485 -0.203722 -0.322999
v 0.543485 -0.303046 -0.384219
v 0.543485 -0.390733 -0.420539
v 0.543485 -0.402370 -0.322999
v 0.543485 -0.488274 -0.408902
v 0.543485 -0.488274 -0.607551
v 0.543485 -0.427054 -0.508226
v 0.543485 -0.390733 -0.595914
v 0.543485 -0.303046 -0.632235
v 0.543485 -0.402370 -0.693455
v 0.543485 -0.203722 -0.693455
v 0.543485 -0.215359 -0.595914
v 0.543485 -0.179037 -0.508226
v 0.543485 -0.117818 -0.607551
v 0.429632 -0.224066 -0.061091
v 0.429632 -0.199481 -0.052510
v 0.440979 -0.109573 -0.062200
v 0.447346 -0.119576 -0.072854
v 0.453701 -0.052444 -0.066623
v 0.464081 -0.056530 -0.084807
v 0.468398 0.015998 -0.091164
v 0.479857 0.005350 -0.111704
v 0.494913 0.062202 -0.163291
v 0.483080 0.082066 -0.141654
v 0.496402 0.127205 -0.200943
v 0.507723 0.103792 -0.214858
v 0.508655 0.158135 -0.265907
v 0.520076 0.132802 -0.275528
v 0.531412 0.145333 -0.336955
v 0.521437 0.176308 -0.339424
v 0.534493 0.154945 -0.413114
v 0.523527 0.185619 -0.413040
v 0.525906 0.189086 -0.496807
v 0.537882 0.158754 -0.496879
v 0.528049 0.184963 -0.572239
v 0.540934 0.154940 -0.572310
v 0.530168 0.175041 -0.646856
v 0.544019 0.145323 -0.648579
v 0.532166 0.160741 -0.702439
v 0.544019 0.135040 -0.696216
v 0.534777 0.129384 -0.770488
v 0.544019 0.106348 -0.759590
v 0.536555 0.098352 -0.813281
v 0.544019 0.061528 -0.833660
v 0.382589 -0.234970 -0.055207
v 0.388493 -0.229467 -0.058965
v 0.421313 -0.226943 -0.058965
v 0.424292 -0.231736 -0.056492
v 0.435669 -0.224066 -0.061091
v 0.451435 -0.119576 -0.072854
v 0.468511 -0.056530 -0.084807
v 0.484608 0.005350 -0.111704
v 0.499971 0.062202 -0.163291
v 0.514100 0.103792 -0.214858
v 0.527726 0.132802 -0.275528
v 0.540230 0.145333 -0.336955
v 0.543628 0.154945 -0.413114
v 0.547366 0.158754 -0.496879
v 0.550732 0.154940 -0.572310
v 0.554136 0.145323 -0.648579
v 0.554136 0.135481 -0.696323
v 0.554136 0.107332 -0.760056
v 0.554136 0.061512 -0.838337
v 0.388493 0.057582 -0.833660
v 0.382589 0.058390 -0.838337
v -0.566869 -0.203722 -0.322999
v -0.543754 -0.203722 -0.322999
v -0.531375 -0.184102 -0.286409
v -0.579248 -0.184102 -0.286409
v -0.575138 -0.203722 -0.322999
v 0.656355 -0.584305 -0.787379
v 0.656355 -0.647096 -0.705548
v 0.644798 -0.664365 -0.715518
v 0.673743 -0.542325 -0.745399
v 0.673743 -0.595681 -0.675863
v 0.650344 -0.490756 -0.693830
v 0.650344 -0.532523 -0.639399
v 0.648760 -0.481775 -0.685646
v 0.648760 -0.521670 -0.633655
v 0.650344 -0.558778 -0.576012
v 0.648760 -0.546748 -0.573110
v 0.650344 -0.567733 -0.507990
v 0.648760 -0.555302 -0.508138
v 0.650344 -0.558778 -0.439967
v 0.648760 -0.546748 -0.443165
v 0.650344 -0.532522 -0.376580
v 0.648760 -0.521670 -0.382620
v 0.650344 -0.490755 -0.322149
v 0.648760 -0.481775 -0.330629
v 0.650344 -0.436324 -0.280382
v 0.434537 -0.137040 -0.217223
v 0.434537 -0.067505 -0.270579
v 0.457936 -0.119074 -0.322149
v 0.458649 -0.077694 -0.376378
v 0.434537 -0.014148 -0.340115
v 0.457936 -0.051052 -0.439967
v 0.434537 0.019394 -0.421091
v 0.457936 -0.042096 -0.507990
v 0.434537 0.030833 -0.507990
v 0.458649 -0.051429 -0.575884
v 0.434537 0.019394 -0.594887
v 0.458649 -0.077694 -0.639295
v 0.434537 -0.014148 -0.675864
v 0.457936 -0.119074 -0.693830
v 0.434537 -0.067505 -0.745399
v 0.457936 -0.173505 -0.735597
v 0.434537 -0.137040 -0.798756
v 0.457936 -0.236892 -0.761853
v 0.434537 -0.218017 -0.832298
v 0.457936 -0.304914 -0.770808
v -0.656355 -0.584305 -0.227798
v -0.673743 -0.542325 -0.269778
v -0.673743 -0.595681 -0.339314
v -0.656355 -0.647096 -0.309629
v -0.673743 -0.623922 -0.420290
v -0.656355 -0.670400 -0.404924
v -0.673743 -0.630732 -0.507188
v -0.656355 -0.673056 -0.507188
v -0.673743 -0.623922 -0.594086
v -0.656355 -0.670400 -0.609452
v -0.673743 -0.595681 -0.675062
v -0.656355 -0.647096 -0.704746
v -0.673743 -0.542325 -0.744598
v -0.656355 -0.584305 -0.786578
v -0.673743 -0.472789 -0.797954
v -0.656355 -0.502473 -0.849370
v -0.673743 -0.391813 -0.831496
v -0.656355 -0.407179 -0.888842
v -0.673743 -0.304914 -0.842937
v -0.656355 -0.304914 -0.902305
v -0.644799 -0.304914 -0.922247
v -0.644799 -0.412340 -0.908103
v -0.644799 -0.512444 -0.866639
v -0.644799 -0.598406 -0.800678
v -0.644799 -0.664365 -0.714717
v -0.644799 -0.689663 -0.614613
v -0.644799 -0.692997 -0.507188
v -0.644799 -0.689663 -0.399763
v -0.554140 -0.608070 -0.204032
v -0.644799 -0.598405 -0.213698
v -0.644799 -0.664365 -0.299659
v -0.554140 -0.676203 -0.292825
v -0.554140 -0.702865 -0.396226
v -0.554141 -0.706666 -0.507188
v -0.554141 -0.702865 -0.618151
v -0.554141 -0.676203 -0.721551
v -0.554141 -0.608070 -0.810344
v -0.554141 -0.519279 -0.878477
v -0.554141 -0.415878 -0.921307
v -0.554141 -0.304914 -0.935915
v -0.463482 -0.598405 -0.213698
v -0.463482 -0.664365 -0.299659
v -0.463482 -0.689662 -0.399763
v -0.463482 -0.692997 -0.507188
v -0.463482 -0.689662 -0.614613
v -0.463482 -0.664365 -0.714717
v -0.463482 -0.598406 -0.800678
v -0.463482 -0.512444 -0.866639
v -0.463482 -0.412340 -0.908103
v -0.463482 -0.304914 -0.922247
v -0.451926 -0.584304 -0.227798
v -0.451926 -0.647096 -0.309629
v -0.451926 -0.670400 -0.404924
v -0.451926 -0.673056 -0.507188
v -0.451926 -0.670400 -0.609452
v -0.451926 -0.647096 -0.704746
v -0.451926 -0.584305 -0.786578
v -0.451926 -0.502473 -0.849370
v -0.451926 -0.407179 -0.888842
v -0.451926 -0.304914 -0.902305
v -0.434538 -0.542325 -0.269778
v -0.434538 -0.595681 -0.339314
v -0.434538 -0.623922 -0.420290
v -0.434538 -0.630732 -0.507188
v -0.434538 -0.623922 -0.594086
v -0.434538 -0.595681 -0.675062
v -0.434538 -0.542325 -0.744598
v -0.434538 -0.472789 -0.797954
v -0.434538 -0.391813 -0.831496
v -0.434538 -0.304914 -0.842937
v -0.457937 -0.304914 -0.770007
v -0.457937 -0.372937 -0.761052
v -0.457937 -0.436324 -0.734796
v -0.457937 -0.490756 -0.693029
v -0.457937 -0.532523 -0.638597
v -0.457937 -0.558778 -0.575211
v -0.457937 -0.567733 -0.507188
v -0.457937 -0.558778 -0.439166
v -0.457937 -0.532522 -0.375778
v -0.543754 -0.390733 -0.420539
v -0.543754 -0.203722 -0.322999
v -0.543754 -0.402370 -0.322999
v -0.543754 -0.488275 -0.408902
v -0.543754 -0.488275 -0.607551
v -0.543754 -0.427054 -0.508226
v -0.543754 -0.390733 -0.595914
v -0.543754 -0.303046 -0.632235
v -0.543754 -0.402370 -0.693455
v -0.543754 -0.203722 -0.693455
v -0.543754 -0.215359 -0.595914
v -0.543754 -0.179037 -0.508226
v -0.543754 -0.117818 -0.607551
v -0.543754 -0.117974 -0.408860
v -0.543754 -0.188477 -0.460771
v -0.543754 -0.215359 -0.420539
v -0.543754 -0.303046 -0.384219
v -0.457937 -0.532523 -0.638597
v -0.485266 -0.513894 -0.628364
v -0.485266 -0.538076 -0.569985
v -0.457937 -0.558778 -0.575211
v -0.485266 -0.546323 -0.507336
v -0.457937 -0.567733 -0.507188
v -0.485266 -0.538076 -0.444687
v -0.457937 -0.558778 -0.439166
v -0.485266 -0.513894 -0.386307
v -0.457937 -0.532522 -0.375778
v -0.485266 -0.475427 -0.336176
v -0.457937 -0.490755 -0.321347
v -0.485266 -0.425295 -0.297709
v -0.457937 -0.436324 -0.279580
v -0.485266 -0.366916 -0.273527
v -0.457937 -0.372937 -0.253325
v -0.485266 -0.304266 -0.265279
v -0.457937 -0.304914 -0.244369
v -0.485266 -0.241618 -0.273527
v -0.457937 -0.236892 -0.253325
v -0.457937 -0.304914 -0.770007
v -0.485266 -0.304266 -0.749394
v -0.485266 -0.366916 -0.741146
v -0.457937 -0.372937 -0.761052
v -0.485266 -0.425295 -0.716964
v -0.457937 -0.436324 -0.734796
v -0.485266 -0.475427 -0.678497
v -0.457937 -0.490756 -0.693029
v -0.623474 -0.304914 -0.749958
v -0.623474 -0.367748 -0.741686
v -0.623474 -0.426300 -0.717433
v -0.623474 -0.476578 -0.678852
v -0.623474 -0.515159 -0.628573
v -0.623474 -0.539412 -0.570021
v -0.623474 -0.547684 -0.507188
v -0.648761 -0.304266 -0.758372
v -0.648761 -0.369239 -0.749818
v -0.648761 -0.429784 -0.724739
v -0.648761 -0.481775 -0.684845
v -0.648761 -0.521670 -0.632854
v -0.648761 -0.546748 -0.572309
v -0.648761 -0.555302 -0.507336
v -0.648761 -0.546748 -0.442363
v -0.623474 -0.539412 -0.444355
v -0.648760 -0.521670 -0.381818
v -0.623474 -0.515159 -0.385803
v -0.650344 -0.304914 -0.770007
v -0.650344 -0.372937 -0.761052
v -0.650344 -0.436324 -0.734796
v -0.650344 -0.490756 -0.693029
v -0.650344 -0.532523 -0.638597
v -0.650344 -0.558778 -0.575211
v -0.650344 -0.567733 -0.507188
v -0.650344 -0.558778 -0.439166
v -0.650344 -0.532522 -0.375778
v -0.650344 -0.490755 -0.321347
v -0.648760 -0.481775 -0.329827
v -0.650344 -0.436324 -0.279580
v -0.648760 -0.429784 -0.289933
v -0.673743 -0.472789 -0.216421
v -0.673743 -0.391812 -0.182880
v -0.650344 -0.372937 -0.253325
v -0.673743 -0.304914 -0.171440
v -0.650344 -0.304914 -0.244369
v -0.656355 0.090203 -0.507188
v -0.673743 0.030833 -0.507188
v -0.673743 0.019394 -0.420290
v -0.656355 0.076740 -0.404924
v -0.673743 -0.014148 -0.339314
v -0.656355 0.037267 -0.309629
v -0.673743 -0.067505 -0.269778
v -0.656355 -0.025525 -0.227798
v -0.673743 -0.137040 -0.216421
v -0.656355 -0.107356 -0.165006
v -0.673743 -0.218017 -0.182880
v -0.656355 -0.202651 -0.125534
v -0.656355 -0.304914 -0.112071
v -0.656355 -0.407179 -0.125534
v -0.656355 -0.502473 -0.165006
v -0.644799 -0.512443 -0.147737
v -0.644799 -0.412340 -0.106272
v -0.644799 -0.304914 -0.092130
v -0.644799 -0.197489 -0.106272
v -0.644799 -0.097386 -0.147737
v -0.644799 -0.011424 -0.213698
v -0.644799 0.054536 -0.299659
v -0.554141 0.123812 -0.507188
v -0.644799 0.110144 -0.507188
v -0.644799 0.096001 -0.399763
v -0.554140 0.109204 -0.396226
v -0.554140 0.066373 -0.292825
v -0.554140 -0.001759 -0.204033
v -0.554140 -0.090551 -0.135900
v -0.554140 -0.193952 -0.093070
v -0.554140 -0.304914 -0.078461
v -0.554140 -0.415878 -0.093070
v -0.554140 -0.519278 -0.135900
v -0.463482 0.110144 -0.507188
v -0.463482 0.096001 -0.399763
v -0.463482 0.054536 -0.299659
v -0.463482 -0.011424 -0.213698
v -0.463482 -0.097386 -0.147737
v -0.463482 -0.197489 -0.106272
v -0.463482 -0.304914 -0.092130
v -0.463482 -0.412340 -0.106272
v -0.463482 -0.512443 -0.147737
v -0.451926 0.090203 -0.507188
v -0.451926 0.076740 -0.404924
v -0.451926 0.037267 -0.309629
v -0.451926 -0.025525 -0.227798
v -0.451926 -0.107356 -0.165007
v -0.451926 -0.202651 -0.125534
v -0.451926 -0.304914 -0.112071
v -0.451926 -0.407179 -0.125534
v -0.451926 -0.502473 -0.165006
v -0.434538 0.030833 -0.507188
v -0.434538 0.019394 -0.420290
v -0.434538 -0.014148 -0.339314
v -0.434538 -0.067505 -0.269778
v -0.434538 -0.137040 -0.216421
v -0.434538 -0.218017 -0.182880
v -0.434538 -0.304914 -0.171440
v -0.434538 -0.391812 -0.182880
v -0.434538 -0.472789 -0.216421
v -0.457937 -0.490755 -0.321347
v -0.457937 -0.436324 -0.279580
v -0.457937 -0.372937 -0.253325
v -0.457937 -0.304914 -0.244369
v -0.457937 -0.236892 -0.253325
v -0.457937 -0.173505 -0.279580
v -0.457937 -0.119074 -0.321347
v -0.458650 -0.077694 -0.375576
v -0.457937 -0.051052 -0.439166
v -0.454737 -0.604024 0.778226
v -0.455799 -0.611410 0.780190
v -0.455799 -0.595291 0.819104
v -0.454737 -0.588628 0.815396
v -0.455799 -0.569649 0.852520
v -0.454737 -0.564136 0.847314
v -0.455799 -0.536233 0.878161
v -0.454737 -0.532218 0.871806
v -0.455799 -0.497319 0.894280
v -0.454737 -0.495049 0.887202
v -0.455799 -0.455559 0.899778
v -0.454737 -0.455161 0.892453
v -0.455799 -0.413799 0.894280
v -0.454737 -0.415273 0.887202
v -0.455799 -0.374884 0.878161
v -0.454737 -0.378104 0.871806
v -0.455799 -0.341468 0.852520
v -0.454737 -0.346186 0.847314
v -0.455799 -0.315828 0.819104
v -0.454737 -0.321694 0.815396
v -0.471500 -0.249438 0.738430
v -0.455799 -0.294211 0.738430
v -0.455799 -0.299708 0.780190
v -0.471500 -0.256461 0.791778
v -0.471500 -0.277053 0.841490
v -0.471500 -0.309810 0.884179
v -0.471500 -0.352498 0.916935
v -0.471500 -0.402211 0.937527
v -0.471500 -0.455559 0.944550
v -0.471500 -0.508907 0.937527
v -0.471500 -0.558619 0.916935
v -0.471500 -0.601309 0.884179
v -0.566869 -0.117858 -0.408892
v -0.575138 -0.117818 -0.408902
v -0.579248 -0.081228 -0.389283
v -0.531375 -0.081228 -0.389283
v -0.543754 -0.117974 -0.408860
v 0.623473 -0.070417 -0.445156
v 0.623473 -0.062145 -0.507990
v 0.648760 -0.053231 -0.508138
v 0.485265 -0.070457 -0.445488
v 0.485265 -0.094638 -0.387109
v 0.458649 -0.077694 -0.376378
v 0.457936 -0.119074 -0.322149
v 0.485265 -0.133106 -0.336977
v 0.457936 -0.173505 -0.280382
v 0.485266 -0.183238 -0.298510
v 0.457936 -0.236892 -0.254126
v 0.485266 -0.241618 -0.274328
v 0.457936 -0.304914 -0.245171
v 0.485266 -0.304266 -0.266081
v 0.457936 -0.372937 -0.254126
v 0.485266 -0.366916 -0.274328
v 0.457936 -0.436324 -0.280382
v 0.485266 -0.425295 -0.298510
v 0.457936 -0.490755 -0.322149
v 0.485266 -0.475427 -0.336977
v -0.566869 -0.117818 -0.607551
v -0.543754 -0.117818 -0.607551
v -0.531375 -0.081228 -0.627171
v -0.579248 -0.081228 -0.627171
v -0.575138 -0.117818 -0.607551
v 0.623473 -0.242081 -0.273492
v 0.623473 -0.183530 -0.297745
v 0.648760 -0.178748 -0.290734
v 0.648760 -0.126757 -0.330629
v 0.623473 -0.133250 -0.336326
v 0.648760 -0.086863 -0.382620
v 0.623473 -0.094670 -0.386605
v 0.648760 -0.061785 -0.443165
v 0.650344 -0.051052 -0.439967
v 0.650344 -0.042096 -0.507990
v 0.673743 0.030833 -0.507990
v 0.673743 0.019394 -0.594887
v 0.656355 0.076740 -0.610253
v 0.656355 0.037267 -0.705548
v 0.644798 0.054536 -0.715518
v 0.644798 -0.011424 -0.801480
v 0.554140 -0.001758 -0.811146
v 0.554140 -0.090551 -0.879278
v 0.463482 -0.097386 -0.867440
v 0.463482 -0.011424 -0.801480
v 0.656355 -0.025525 -0.787379
v 0.673743 -0.014148 -0.675864
v 0.650344 -0.051052 -0.576012
v 0.623473 -0.304914 -0.265220
v -0.485266 -0.183238 -0.716964
v -0.457937 -0.173505 -0.734796
v -0.457937 -0.119074 -0.693029
v -0.485266 -0.133106 -0.678497
v -0.623474 -0.183530 -0.717433
v -0.623474 -0.133251 -0.678852
v -0.648761 -0.178749 -0.724739
v -0.648761 -0.126757 -0.684846
v -0.650344 -0.173505 -0.734796
v -0.650344 -0.119074 -0.693029
v -0.485266 -0.241618 -0.741146
v -0.457937 -0.236892 -0.761052
v -0.623474 -0.242081 -0.741686
v -0.648761 -0.239294 -0.749818
v -0.650344 -0.236892 -0.761052
v -0.673743 -0.218017 -0.831496
v -0.673743 -0.137040 -0.797954
v -0.656355 -0.202651 -0.888842
v -0.656355 -0.107356 -0.849370
v -0.554141 -0.193952 -0.921307
v -0.463482 -0.197489 -0.908103
v -0.463482 -0.304914 -0.922247
v -0.554141 -0.304914 -0.935915
v -0.644799 -0.197489 -0.908103
v -0.644799 -0.304914 -0.922247
v -0.656355 -0.304914 -0.902305
v -0.673743 -0.304914 -0.842937
v -0.650344 -0.304914 -0.770007
v -0.648761 -0.304266 -0.758372
v -0.623474 -0.304914 -0.749958
v -0.485266 -0.304266 -0.749394
v -0.457937 -0.304914 -0.770007
v -0.457937 -0.042096 -0.507188
v -0.458650 -0.051429 -0.575083
v -0.434538 0.019394 -0.594086
v -0.458650 -0.077694 -0.638494
v -0.434538 -0.014148 -0.675062
v -0.457937 -0.119074 -0.693029
v -0.434538 -0.067505 -0.744598
v -0.457937 -0.173505 -0.734796
v -0.434538 -0.137040 -0.797954
v -0.457937 -0.236892 -0.761052
v -0.434538 -0.218017 -0.831496
v -0.457937 -0.304914 -0.770007
v -0.434538 -0.304914 -0.842937
v -0.451926 -0.202651 -0.888842
v -0.451926 -0.304914 -0.902305
v -0.644799 -0.097386 -0.866639
v -0.554141 -0.090551 -0.878477
v -0.463482 -0.097386 -0.866639
v -0.451926 -0.107356 -0.849370
v -0.451926 -0.025525 -0.786578
v -0.451926 0.037267 -0.704746
v -0.451926 0.076740 -0.609452
v -0.673743 -0.067505 -0.744598
v -0.656355 -0.025525 -0.786578
v -0.644799 -0.011424 -0.800679
v -0.554141 -0.001759 -0.810344
v -0.463482 -0.011424 -0.800679
v -0.463482 0.054536 -0.714718
v -0.463482 0.096001 -0.614613
v -0.623474 -0.094670 -0.628573
v -0.648761 -0.086863 -0.632854
v -0.650344 -0.077307 -0.638597
v -0.673743 -0.014148 -0.675062
v -0.656355 0.037267 -0.704746
v -0.644799 0.054536 -0.714718
v -0.554141 0.066373 -0.721552
v -0.554141 0.109204 -0.618151
v -0.458650 -0.077694 -0.638494
v -0.485266 -0.094638 -0.628365
v -0.458650 -0.051429 -0.575083
v -0.485266 -0.070457 -0.569985
v -0.623474 -0.070417 -0.570021
v -0.648761 -0.061785 -0.572309
v -0.650344 -0.051052 -0.575211
v -0.673743 0.019394 -0.594086
v -0.656355 0.076740 -0.609452
v -0.644799 0.096001 -0.614613
v -0.650344 -0.042096 -0.507188
v -0.648761 -0.053231 -0.507336
v -0.623474 -0.062145 -0.507188
v -0.485266 -0.062209 -0.507336
v -0.457937 -0.042096 -0.507188
v -0.457937 -0.051052 -0.439166
v -0.485266 -0.070457 -0.444687
v -0.623474 -0.070417 -0.444355
v -0.648761 -0.061785 -0.442363
v -0.650344 -0.051052 -0.439166
v -0.650344 -0.236892 -0.253325
v -0.650344 -0.173505 -0.279580
v -0.650344 -0.119074 -0.321347
v -0.650344 -0.077307 -0.375778
v -0.648761 -0.086863 -0.381818
v -0.623474 -0.094670 -0.385803
v -0.485266 -0.094638 -0.386307
v -0.458650 -0.077694 -0.375576
v -0.648761 -0.369239 -0.264854
v -0.648760 -0.304266 -0.256300
v -0.648760 -0.239294 -0.264854
v -0.648761 -0.178749 -0.289933
v -0.648761 -0.126757 -0.329827
v -0.623474 -0.133251 -0.335524
v -0.485266 -0.133106 -0.336176
v -0.457937 -0.119074 -0.321347
v -0.623474 -0.476578 -0.335524
v -0.623474 -0.426300 -0.296944
v -0.623474 -0.367748 -0.272691
v -0.623474 -0.304914 -0.264419
v -0.623474 -0.242081 -0.272691
v -0.623474 -0.183530 -0.296944
v -0.485266 -0.183238 -0.297709
v -0.457937 -0.173505 -0.279580
v -0.566869 -0.203722 -0.693455
v -0.575138 -0.203722 -0.693455
v -0.579248 -0.184102 -0.730044
v -0.531375 -0.184102 -0.730044
v -0.543754 -0.203722 -0.693455
v -0.357117 -0.486480 -1.102078
v -0.258637 -0.419191 -0.744486
v -0.258637 -0.486480 -0.744486
v -0.357117 -0.419191 -1.102078
v -0.356466 -0.486480 -1.197363
v -0.356408 -0.466099 -1.205853
v -0.356318 -0.471592 -1.219115
v -0.356318 -0.483599 -1.219115
v -0.356227 -0.466099 -1.232378
v -0.356169 -0.474589 -1.240868
v -0.356190 -0.452836 -1.237871
v -0.356108 -0.452836 -1.249878
v -0.356227 -0.439573 -1.232378
v -0.356169 -0.431083 -1.240868
v -0.356318 -0.434079 -1.219115
v -0.356318 -0.422072 -1.219115
v -0.356408 -0.439573 -1.205853
v -0.356466 -0.419191 -1.197363
v -0.356446 -0.452836 -1.200359
v -0.389501 0.181672 -0.413050
v -0.389501 0.172361 -0.339424
v -0.522445 0.176308 -0.339424
v -0.509664 0.158135 -0.265907
v -0.389501 0.154792 -0.267176
v -0.497410 0.127205 -0.200943
v -0.389501 0.124129 -0.202772
v -0.484088 0.082066 -0.141654
v -0.389501 0.078119 -0.141654
v -0.469405 0.015998 -0.091164
v -0.389501 0.015334 -0.092446
v -0.454709 -0.052444 -0.066623
v -0.389501 -0.052762 -0.068040
v -0.441987 -0.109573 -0.062200
v -0.389501 -0.113520 -0.062200
v -0.430640 -0.199481 -0.052510
v -0.422322 -0.210434 -0.050840
v -0.389501 -0.212958 -0.050840
v -0.389501 -0.229467 -0.058965
v -0.422322 -0.226943 -0.058965
v -0.545028 0.061528 -0.833660
v -0.389501 0.057582 -0.833660
v -0.389501 0.094406 -0.813281
v -0.537564 0.098352 -0.813281
v -0.535786 0.129384 -0.770487
v -0.389501 0.126144 -0.768955
v -0.533174 0.160741 -0.702439
v -0.389501 0.157190 -0.701579
v -0.531176 0.175041 -0.646856
v -0.389501 0.171094 -0.646856
v -0.529057 0.184963 -0.572239
v -0.389501 0.181016 -0.572248
v -0.526915 0.189086 -0.496807
v -0.389501 0.185139 -0.496816
v -0.524535 0.185619 -0.413040
v 0.388493 -0.212958 -0.050840
v 0.388493 -0.229467 -0.058965
v 0.388493 -0.155967 -0.124642
v 0.388493 -0.113520 -0.062200
v 0.388493 -0.069256 -0.189403
v 0.388493 -0.052762 -0.068040
v 0.388493 0.015334 -0.092446
v 0.388493 0.078119 -0.141654
v 0.388493 -0.077427 -0.648579
v 0.388493 0.124129 -0.202772
v 0.388493 0.154792 -0.267176
v 0.388493 0.172361 -0.339424
v 0.388493 0.181672 -0.413050
v 0.388493 0.185139 -0.496816
v 0.388493 0.181016 -0.572248
v 0.388493 0.171094 -0.646856
v 0.388493 0.057582 -0.833660
v 0.388493 0.157190 -0.701579
v 0.388493 0.126144 -0.768955
v 0.388493 0.094406 -0.813281
v 0.421313 -0.210434 -0.050840
v 0.421313 -0.226943 -0.058965
v 0.388493 -0.229467 -0.058965
v 0.388493 -0.212958 -0.050840
v 0.388493 -0.113520 -0.062200
v 0.388493 -0.052762 -0.068040
v 0.388493 0.015334 -0.092446
v 0.388493 0.078119 -0.141654
v 0.388493 0.124129 -0.202772
v 0.388493 0.154792 -0.267176
v 0.388493 0.172361 -0.339424
v 0.388493 0.181672 -0.413050
v 0.388493 0.185139 -0.496816
v 0.388493 0.181016 -0.572248
v 0.388493 0.171094 -0.646856
v 0.388493 0.157190 -0.701579
v 0.388493 0.126144 -0.768955
v 0.388493 0.094406 -0.813281
v 0.388493 0.057582 -0.833660
v -0.399481 0.135637 -0.760985
v -0.515312 0.135637 -0.760985
v -0.515312 0.174484 -0.760985
v -0.510451 0.179344 -0.760985
v -0.404342 0.179344 -0.760985
v -0.399481 0.174484 -0.760985
v 0.566600 -0.117858 -0.408892
v 0.543485 -0.117974 -0.408860
v 0.531106 -0.081228 -0.389283
v 0.578978 -0.081228 -0.389283
v 0.574868 -0.117818 -0.408902
v -0.478641 -0.365505 -0.474198
v -0.446417 -0.334713 -0.489939
v -0.446417 -0.303053 -0.471660
v -0.478641 -0.303053 -0.440177
v -0.478641 -0.365505 -0.542239
v -0.446417 -0.334713 -0.526497
v -0.507553 -0.365505 -0.472993
v -0.507553 -0.365505 -0.543444
v -0.507553 -0.303053 -0.437767
v -0.478641 -0.303053 -0.576260
v -0.446417 -0.303053 -0.544777
v -0.507553 -0.303053 -0.578670
v -0.478641 -0.240600 -0.542239
v -0.446417 -0.271392 -0.526497
v -0.478641 -0.240600 -0.474198
v -0.507553 -0.240600 -0.472993
v -0.507553 -0.240600 -0.543444
v -0.446417 -0.271392 -0.489939
v -0.078843 0.630086 -0.043677
v -0.076088 0.621011 -0.040786
v -0.227120 0.517438 -0.027163
v -0.087146 0.633906 -0.045133
v -0.087146 0.633906 -0.045133
v -0.212719 -0.486480 -0.749407
v -0.212719 -0.419191 -0.749407
v -0.204086 -0.419191 -0.720594
v -0.204086 -0.486480 -0.720594
v -0.245145 -0.419191 -0.699455
v -0.245145 -0.486480 -0.699455
v -0.097424 -0.441480 1.250000
v -0.078332 -0.441480 1.250000
v 0.010153 -0.455540 1.179492
v -0.000504 -0.455540 1.173340
v -0.000504 -0.317208 1.173340
v 0.010153 -0.317208 1.179492
v 0.010153 -0.455540 1.191798
v 0.010153 -0.317208 1.191798
v -0.000504 -0.455540 1.197950
v -0.000504 -0.317208 1.197950
v -0.011161 -0.455540 1.191798
v -0.011161 -0.317208 1.191798
v -0.011161 -0.455540 1.179492
v -0.011161 -0.317208 1.179492
v -0.000504 -0.455540 1.173340
v -0.000504 -0.317208 1.173340
v -0.153589 -0.435295 1.218604
v -0.153589 -0.333860 1.218604
v -0.172681 -0.333860 1.218604
v -0.153589 -0.435295 1.179602
v -0.153589 -0.333860 1.179602
v 0.096416 -0.428733 1.250000
v 0.096416 -0.441480 1.250000
v 0.096416 -0.441480 1.218567
v 0.096416 -0.418640 1.218567
v 0.096416 -0.428733 1.250000
v 0.077324 -0.441480 1.250000
v 0.096416 -0.441480 1.250000
v -0.383722 0.174131 0.078146
v -0.383722 0.163549 0.078146
v -0.385631 0.163549 0.078146
v -0.385631 0.174131 0.078146
v -0.522209 0.145485 -0.741680
v -0.522209 0.177909 -0.741680
v -0.515907 0.184211 -0.741680
v -0.398886 0.184211 -0.741680
v -0.392584 0.177909 -0.741680
v -0.392584 0.145485 -0.741680
v -0.280192 -0.440638 0.684989
v -0.301307 -0.438830 0.679392
v -0.300486 -0.440638 0.687139
v -0.260928 -0.432847 0.675112
v -0.031763 -0.430893 0.650337
v -0.281014 -0.438082 0.677241
v -0.260107 -0.440638 0.682860
v -0.031017 -0.438685 0.658169
v -0.164156 -0.441177 -0.505287
v -0.164156 -0.455524 -0.514865
v -0.231340 -0.455524 -0.514865
v -0.231340 -0.441177 -0.505287
v -0.164156 -0.465612 -0.505363
v -0.231340 -0.465612 -0.505363
v -0.231340 -0.465612 -0.505363
v -0.231340 -0.451264 -0.495785
v -0.231340 -0.441177 -0.505287
v -0.231340 -0.455524 -0.514865
v -0.164156 -0.451264 -0.495785
v -0.231340 -0.451264 -0.495785
v -0.164156 -0.465612 -0.505363
v -0.231340 -0.465612 -0.505363
v -0.313778 0.280989 0.112709
v -0.343315 0.280989 0.112709
v -0.290602 0.296759 0.113147
v -0.290602 0.036547 0.113147
v -0.291862 0.036547 0.114790
v -0.291862 0.296759 0.114790
v -0.243488 -0.194469 -0.987529
v -0.250864 -0.195628 -0.980417
v -0.257960 -0.223977 -0.989991
v -0.248210 -0.222446 -0.999389
v -0.242945 -0.190015 -0.996812
v -0.247494 -0.216558 -1.011658
v -0.249554 -0.184872 -1.002829
v -0.256228 -0.209762 -1.019610
v -0.259442 -0.182055 -1.002055
v -0.269296 -0.206039 -1.018588
v -0.266819 -0.183214 -0.994944
v -0.279045 -0.207570 -1.009189
v -0.267362 -0.187669 -0.985661
v -0.279763 -0.213459 -0.996921
v -0.260753 -0.192812 -0.979643
v -0.271028 -0.220254 -0.988968
v -0.312483 -0.326985 -1.055160
v -0.305874 -0.332127 -1.049143
v -0.299200 -0.307238 -1.032360
v -0.307934 -0.300442 -1.040313
v -0.307217 -0.294554 -1.052582
v -0.297468 -0.293023 -1.061980
v -0.284399 -0.296745 -1.063003
v -0.275665 -0.303541 -1.055050
v -0.276382 -0.309429 -1.042781
v -0.286131 -0.310960 -1.033383
v -0.299200 -0.307238 -1.032360
v -0.271028 -0.220254 -0.988968
v -0.260753 -0.192812 -0.979643
v -0.311940 -0.322530 -1.064443
v -0.304564 -0.321372 -1.071554
v -0.294675 -0.324189 -1.072327
v -0.288066 -0.329331 -1.066310
v -0.288609 -0.333786 -1.057027
v -0.295985 -0.334945 -1.049916
v -0.305874 -0.332127 -1.049143
v -0.260040 -0.194014 -0.983713
v -0.252679 -0.196110 -0.984289
v -0.223223 -0.104722 -0.939200
v -0.230585 -0.102625 -0.938624
v -0.246784 -0.191932 -0.996492
v -0.251703 -0.188104 -1.000971
v -0.222248 -0.096716 -0.955882
v -0.217329 -0.100543 -0.951403
v -0.264958 -0.190186 -0.988192
v -0.235504 -0.098798 -0.943103
v -0.247188 -0.195248 -0.989582
v -0.217733 -0.103860 -0.944493
v -0.259064 -0.186007 -1.000395
v -0.229609 -0.094620 -0.955306
v -0.264555 -0.186870 -0.995102
v -0.235100 -0.095481 -0.950013
v -0.252679 -0.196110 -0.984289
v -0.223223 -0.104722 -0.939200
v -0.307020 -0.128947 0.664574
v -0.307020 -0.134287 0.759215
v -0.309915 -0.113048 0.738694
v -0.309915 -0.116905 0.662263
v -0.307020 -0.135468 0.580703
v -0.214653 -0.094184 -0.967005
v -0.248750 -0.090639 -0.951505
v -0.239480 -0.084683 -0.951388
v -0.219506 -0.086759 -0.960468
v -0.180681 -0.015264 -0.930856
v 0.059771 -0.478839 0.778528
v -0.062262 -0.478839 0.778528
v -0.062262 -0.516564 0.771962
v 0.059771 -0.516564 0.771962
v -0.062262 -0.478839 0.793339
v -0.062262 -0.433607 0.793339
v -0.062262 -0.433607 0.778528
v -0.062262 -0.474928 0.706958
v -0.062262 -0.516564 0.706750
v -0.062262 -0.516564 0.771962
v -0.062262 -0.456222 0.694125
v -0.062262 -0.456222 0.701946
v -0.062262 -0.433607 0.700185
v -0.062262 -0.437517 0.706958
v -0.062262 -0.418812 0.739356
v -0.062262 -0.410992 0.739356
v -0.062262 -0.437517 0.771755
v -0.062262 -0.474928 0.771755
v -0.062262 -0.478839 0.778528
v -0.062262 -0.493634 0.739356
v -0.097129 -0.426632 0.739356
v -0.097129 -0.441428 0.764983
v -0.062262 -0.437517 0.771755
v -0.062262 -0.418812 0.739356
v -0.294623 0.036301 0.114332
v 0.059771 -0.418812 0.739356
v 0.094638 -0.426632 0.739356
v 0.094638 -0.441428 0.713730
v -0.097129 -0.441428 0.713730
v -0.344480 0.063128 0.102175
v -0.312614 0.063128 0.102175
v 0.451196 0.425367 -0.016070
v 0.448202 0.426534 -0.013258
v 0.383381 0.227430 0.077370
v 0.386468 0.226091 0.074670
v 0.445148 0.425341 -0.016119
v 0.380327 0.226461 0.074492
v 0.448244 0.424364 -0.019018
v 0.383414 0.225123 0.071791
v 0.451196 0.425367 -0.016070
v 0.386468 0.226091 0.074670
v 0.500785 0.485995 -0.047222
v 0.503280 0.485911 -0.051541
v 0.503280 0.507025 -0.051813
v 0.500785 0.507108 -0.047494
v 0.374182 0.446034 -0.010127
v 0.451092 0.431022 -0.017915
v 0.365907 0.436698 -0.007997
v 0.380869 0.228203 0.084300
v 0.391496 0.228195 0.083066
v 0.391496 0.228096 0.067155
v 0.380869 0.228088 0.065921
v 0.391496 0.196172 0.067345
v 0.380869 0.196164 0.066111
v 0.380869 0.228088 0.065921
v 0.391496 0.196271 0.083256
v 0.380869 0.196279 0.084490
v 0.380869 0.196164 0.066111
v 0.380869 0.228203 0.084300
v 0.380869 0.196279 0.084490
v 0.364320 0.440745 0.001739
v 0.374946 0.441120 0.000519
v 0.375346 0.435220 -0.014642
v 0.364782 0.433930 -0.015773
v 0.377723 0.405572 -0.003040
v 0.367159 0.404282 -0.004173
v 0.364782 0.433930 -0.015773
v 0.377322 0.411472 0.012120
v 0.366697 0.411098 0.013340
v 0.367159 0.404282 -0.004173
v 0.364320 0.440745 0.001739
v 0.366697 0.411098 0.013340
v 0.500785 0.565263 -0.047895
v 0.503280 0.565179 -0.052214
v 0.503280 0.586293 -0.052486
v 0.500785 0.586377 -0.048167
v 0.500785 0.565095 -0.056535
v 0.500785 0.586209 -0.056806
v 0.495797 0.586377 -0.048167
v 0.493303 0.565179 -0.052214
v 0.493303 0.586293 -0.052486
v 0.387769 0.230127 0.047605
v 0.380308 0.226252 0.052435
v 0.380834 0.225268 -0.322795
v 0.387802 0.230309 -0.318316
v 0.350839 0.605112 -0.322792
v 0.350789 0.605933 -0.096943
v 0.358563 0.601336 -0.100469
v 0.358567 0.601278 -0.318363
v 0.381081 0.234987 -0.313125
v 0.374113 0.229946 -0.317603
v 0.374147 0.230127 0.046028
v 0.381608 0.234003 0.041198
v 0.374147 0.230127 0.046028
v 0.345010 0.599345 -0.101093
v 0.352786 0.594747 -0.104618
v 0.381608 0.234003 0.041198
v 0.387769 0.230127 0.047605
v 0.380308 0.226252 0.052435
v 0.352734 0.595569 -0.313128
v 0.345007 0.599402 -0.317558
v 0.381336 0.236895 -0.354473
v 0.214171 -0.010107 -0.921998
v 0.202141 -0.011363 -0.927568
v 0.398473 0.130637 -0.758170
v 0.398473 0.169483 -0.758170
v 0.514304 0.169483 -0.758170
v 0.514304 0.130637 -0.758170
v 0.521200 0.172909 -0.738865
v 0.514899 0.179210 -0.738865
v 0.397878 0.179210 -0.738865
v 0.397878 0.179210 -0.664452
v 0.521200 0.140484 -0.738865
v 0.391576 0.172909 -0.738865
v 0.391576 0.140484 -0.738865
v 0.391576 0.169094 -0.664452
v 0.391576 0.172909 -0.664452
v 0.391576 0.140484 -0.738865
v 0.391576 0.172909 -0.738865
v 0.521200 0.172909 -0.738865
v 0.510095 0.175920 -0.733736
v 0.515879 0.170136 -0.733735
v 0.402681 0.175920 -0.733736
v 0.515879 0.142128 -0.733734
v 0.385996 -0.141827 0.066222
v 0.385996 -0.110662 0.066222
v 0.379248 -0.110662 0.070118
v 0.379248 -0.110662 0.054535
v 0.379248 -0.110662 0.070118
v 0.385996 -0.110662 0.058431
v 0.385996 -0.110662 0.066222
v 0.385996 -0.141827 0.058431
v 0.385996 -0.110662 0.058431
v 0.379248 -0.141827 0.054535
v 0.379248 -0.110662 0.054535
v 0.385996 0.159744 0.066222
v 0.385996 0.190909 0.066222
v 0.379248 0.190909 0.070118
v 0.379248 0.190909 0.054535
v 0.379248 0.190909 0.070118
v 0.385996 0.190909 0.058431
v 0.385996 0.190909 0.066222
v 0.385996 0.159744 0.058431
v 0.385996 0.190909 0.058431
v 0.379248 0.159744 0.054535
v 0.379248 0.190909 0.054535
v 0.379248 0.056720 0.054535
v 0.379248 0.056720 0.070118
v 0.385996 0.056720 0.058431
v 0.385996 0.056720 0.066222
v 0.385996 0.025556 0.066222
v 0.385996 0.056720 0.066222
v 0.379248 0.056720 0.070118
v 0.379248 0.025556 0.070118
v -0.463002 -0.502299 0.412403
v -0.445275 -0.477188 0.387751
v -0.432599 -0.470779 0.381458
v -0.298964 -0.470779 0.381458
v -0.298964 -0.502299 0.412403
v 0.297956 -0.134287 0.767168
v 0.297956 -0.112071 0.744345
v 0.297956 -0.107511 0.730598
v 0.297956 -0.128972 0.664578
v 0.297956 -0.110610 0.661054
v 0.297956 -0.135468 0.580703
v 0.297956 -0.127649 0.578126
v 0.297956 -0.161275 0.506371
v 0.297956 -0.168086 0.511170
v 0.297956 -0.216897 0.458349
v 0.297956 -0.210965 0.451612
v 0.297956 -0.280958 0.411903
v 0.297956 -0.284012 0.419602
v 0.297956 -0.355244 0.398788
v 0.297956 -0.353565 0.390758
v 0.297956 -0.416196 0.380899
v 0.297956 -0.416038 0.399527
v 0.297956 -0.470779 0.381457
v 0.297956 -0.502299 0.412403
v 0.390760 0.195684 -0.212668
v 0.386986 0.208257 -0.209055
v 0.386986 0.208257 -0.162334
v 0.383736 0.211121 -0.158557
v 0.383736 0.207275 -0.154944
v 0.388141 0.204410 -0.158720
v 0.383736 0.192819 -0.154944
v 0.390760 0.195684 -0.158720
v 0.383736 0.211121 -0.212831
v 0.383736 0.207275 -0.216445
v 0.388141 0.204410 -0.212668
v 0.383736 0.192819 -0.216445
v 0.380860 0.207275 -0.216445
v 0.380860 0.192819 -0.216445
v 0.383736 0.192819 -0.216445
v 0.383736 0.192819 -0.154944
v 0.380860 0.192819 -0.154944
v 0.380860 0.192819 -0.216445
v 0.382589 -0.069256 -0.189403
v 0.382589 -0.077427 -0.648579
v 0.382589 0.058390 -0.838337
v 0.398473 0.135637 -0.760985
v 0.398473 0.174484 -0.760985
v 0.514304 0.174484 -0.760985
v 0.514304 0.135637 -0.760985
v 0.521200 0.177909 -0.741680
v 0.514899 0.184211 -0.741680
v 0.397878 0.184211 -0.741680
v 0.397878 0.184211 -0.658710
v 0.521200 0.145485 -0.741680
v 0.391576 0.177909 -0.741680
v 0.391576 0.145485 -0.741680
v 0.391576 0.174095 -0.658710
v 0.391576 0.177909 -0.658710
v 0.391576 0.145485 -0.741680
v 0.391576 0.177909 -0.741680
v 0.521200 0.177909 -0.741680
v 0.510095 0.180921 -0.736551
v 0.515879 0.175136 -0.736551
v 0.402681 0.180921 -0.736551
v 0.515879 0.147128 -0.736549
v 0.453938 -0.140046 0.666705
v 0.453938 -0.134287 0.759215
v 0.429097 -0.113048 0.738693
v 0.429097 -0.116905 0.662262
v 0.453938 -0.156057 0.589132
v 0.429097 -0.133642 0.580366
v 0.429097 -0.166832 0.510286
v 0.453937 -0.185916 0.523732
v 0.453937 -0.231734 0.475397
v 0.429097 -0.215982 0.457227
v 0.429097 -0.283577 0.418505
v 0.453938 -0.291902 0.439493
v 0.453937 -0.359164 0.420239
v 0.429097 -0.355171 0.397757
v 0.429097 -0.416132 0.388441
v 0.453937 -0.415931 0.412067
v 0.429097 -0.473855 0.389138
v 0.453937 -0.494701 0.412403
v -0.310989 -0.455559 0.532309
v -0.326691 -0.455559 0.577081
v -0.326691 -0.497319 0.582579
v -0.310989 -0.508907 0.539332
v -0.322657 -0.455559 0.495861
v -0.322657 -0.518341 0.504127
v -0.330412 -0.455559 0.483619
v -0.330412 -0.521509 0.492301
v -0.391245 -0.455559 0.475228
v -0.391245 -0.523681 0.484196
v -0.452078 -0.455559 0.483619
v -0.452078 -0.521509 0.492301
v -0.459833 -0.455559 0.495861
v -0.459833 -0.518341 0.504127
v -0.471500 -0.455559 0.532309
v -0.471500 -0.508907 0.539332
v -0.459833 -0.576844 0.528360
v -0.471500 -0.558619 0.559924
v -0.326691 -0.536233 0.598698
v -0.310989 -0.558619 0.559924
v -0.322657 -0.576844 0.528360
v -0.330412 -0.582964 0.517757
v -0.391245 -0.587160 0.510491
v -0.452078 -0.582964 0.517757
v -0.452078 -0.635738 0.558252
v 0.306011 -0.416036 0.399834
v 0.306011 -0.494701 0.412403
v 0.308907 -0.473855 0.389138
v 0.308907 -0.416132 0.388441
v 0.306011 -0.355244 0.398788
v -0.452078 -0.275381 0.558251
v -0.459833 -0.284037 0.566908
v -0.459833 -0.245488 0.617145
v -0.452078 -0.328154 0.517757
v -0.459833 -0.334275 0.528360
v -0.452078 -0.389609 0.492301
v -0.391245 -0.387438 0.484196
v -0.391245 -0.455559 0.475228
v -0.330412 -0.455559 0.483619
v -0.330412 -0.389609 0.492301
v -0.322657 -0.455559 0.495861
v -0.322657 -0.392778 0.504127
v -0.310989 -0.455559 0.532309
v -0.310989 -0.402211 0.539332
v -0.326691 -0.455559 0.577081
v -0.326691 -0.413799 0.582579
v -0.310989 -0.352498 0.559924
v -0.326691 -0.374884 0.598698
v -0.310989 -0.309810 0.592680
v -0.326691 -0.341468 0.624340
v -0.330412 -0.328154 0.517757
v -0.391245 -0.323958 0.510490
v -0.391245 -0.269447 0.552318
v -0.330412 -0.275381 0.558251
v -0.322657 -0.334275 0.528360
v -0.322657 -0.284037 0.566908
v -0.330412 -0.234887 0.611024
v -0.322657 -0.245488 0.617145
v -0.310989 -0.277053 0.635369
v -0.322657 -0.221256 0.675648
v -0.452078 -0.234887 0.611024
v -0.391245 -0.227619 0.606829
v -0.452078 -0.209431 0.672479
v -0.391245 -0.201326 0.670308
v -0.452078 -0.200748 0.738430
v -0.391245 -0.192357 0.738430
v -0.452078 -0.209431 0.804380
v -0.391245 -0.201326 0.806551
v -0.452078 -0.234887 0.865835
v -0.391245 -0.227619 0.870030
v -0.452078 -0.275381 0.918608
v -0.391245 -0.269447 0.924542
v -0.452078 -0.328154 0.959102
v -0.391245 -0.323958 0.966369
v -0.452078 -0.389609 0.984558
v -0.391245 -0.387438 0.992663
v -0.452078 -0.455559 0.993240
v -0.391245 -0.455559 1.001631
v -0.452078 -0.521508 0.984558
v -0.391245 -0.523681 0.992663
v -0.452078 -0.582964 0.959102
v -0.391245 -0.587160 0.966369
v -0.459833 -0.455559 0.980998
v -0.459833 -0.518341 0.972732
v -0.459833 -0.392778 0.972732
v -0.459833 -0.334275 0.948500
v -0.459833 -0.284037 0.909951
v -0.459833 -0.245488 0.859714
v -0.459833 -0.221256 0.801211
v -0.459833 -0.212991 0.738430
v -0.459833 -0.221256 0.675648
v -0.471500 -0.256461 0.685082
v -0.471500 -0.277053 0.635369
v -0.345029 -0.416700 0.594799
v -0.326691 -0.413799 0.582579
v -0.326691 -0.374884 0.598698
v -0.345029 -0.380859 0.609645
v -0.437768 -0.416985 0.594468
v -0.437768 -0.381039 0.609357
v -0.454737 -0.415273 0.589476
v -0.454737 -0.378104 0.604872
v -0.455799 -0.413799 0.582579
v -0.455799 -0.374884 0.598698
v -0.471500 -0.402211 0.539332
v -0.471500 -0.352498 0.559924
v -0.455799 -0.341468 0.624340
v -0.471500 -0.309810 0.592680
v -0.455799 -0.315828 0.657756
v -0.455799 -0.299708 0.696669
v -0.459833 -0.392778 0.504127
v -0.459833 -0.455559 0.495861
v -0.471500 -0.455559 0.532309
v -0.455799 -0.455559 0.577081
v -0.454737 -0.455161 0.584224
v -0.437768 -0.455559 0.589390
v -0.345029 -0.455161 0.589736
v -0.326691 -0.455559 0.577081
v -0.452078 -0.455559 0.483619
v -0.345029 -0.560239 0.843417
v -0.326691 -0.569649 0.852520
v -0.326691 -0.595291 0.819104
v -0.345029 -0.583855 0.812640
v -0.326691 -0.611410 0.780190
v -0.345029 -0.598700 0.776800
v -0.326691 -0.616907 0.738430
v -0.345029 -0.603764 0.738339
v -0.326691 -0.611410 0.696669
v -0.345029 -0.598700 0.699878
v -0.326691 -0.595291 0.657756
v -0.345029 -0.583855 0.664038
v -0.326691 -0.569649 0.624340
v -0.345029 -0.560239 0.633261
v -0.326691 -0.536233 0.598698
v -0.345029 -0.529462 0.609645
v -0.326691 -0.497319 0.582579
v -0.345029 -0.493622 0.594799
v -0.326691 -0.455559 0.577081
v -0.345029 -0.455161 0.589736
v -0.437768 -0.560946 0.843817
v -0.437768 -0.584632 0.812950
v -0.437768 -0.599520 0.777004
v -0.437768 -0.604599 0.738430
v -0.437768 -0.599520 0.699855
v -0.437768 -0.584632 0.663910
v -0.437768 -0.560946 0.633043
v -0.437768 -0.530079 0.609357
v -0.437768 -0.494133 0.594468
v -0.437768 -0.455559 0.589390
v -0.454737 -0.609276 0.738339
v -0.454737 -0.604024 0.698451
v -0.454737 -0.588628 0.661281
v -0.454737 -0.564136 0.629363
v -0.454737 -0.532218 0.604872
v -0.454737 -0.495049 0.589476
v -0.454737 -0.455161 0.584224
v -0.455799 -0.455559 0.577081
v -0.455799 -0.497319 0.582579
v -0.455799 -0.536233 0.598698
v -0.455799 -0.569649 0.624340
v -0.455799 -0.595291 0.657756
v -0.455799 -0.611410 0.696669
v -0.455799 -0.616907 0.738430
v -0.471500 -0.634065 0.841490
v -0.471500 -0.652072 0.791778
v -0.471500 -0.655788 0.738430
v -0.471500 -0.652072 0.685082
v -0.471500 -0.634065 0.635369
v -0.471500 -0.601309 0.592680
v -0.459833 -0.627081 0.566908
v -0.459833 -0.665629 0.617146
v -0.459833 -0.681564 0.675648
v -0.459833 -0.686523 0.738430
v -0.459833 -0.681564 0.801211
v -0.459833 -0.665629 0.859714
v -0.459833 -0.627081 0.909951
v -0.459833 -0.576844 0.948500
v -0.452078 -0.676231 0.611024
v -0.452078 -0.693389 0.672480
v -0.452078 -0.698764 0.738430
v -0.452078 -0.693389 0.804380
v -0.452078 -0.676231 0.865835
v -0.452078 -0.635737 0.918608
v -0.391245 -0.641671 0.924542
v -0.391245 -0.683498 0.870030
v -0.391245 -0.701495 0.806551
v -0.391245 -0.707156 0.738430
v -0.391245 -0.701495 0.670308
v -0.391245 -0.683499 0.606829
v -0.391245 -0.641671 0.552318
v -0.330412 -0.635738 0.558252
v -0.330412 -0.676231 0.611024
v -0.330412 -0.693389 0.672480
v -0.330412 -0.698764 0.738430
v -0.330412 -0.693389 0.804380
v -0.330412 -0.676231 0.865835
v -0.330412 -0.635737 0.918608
v -0.330412 -0.582964 0.959102
v -0.330412 -0.521508 0.984558
v -0.330412 -0.455559 0.993240
v -0.322657 -0.518341 0.972732
v -0.322657 -0.576844 0.948500
v -0.322657 -0.627081 0.909951
v -0.322657 -0.665629 0.859714
v -0.322657 -0.681564 0.801211
v -0.322657 -0.686523 0.738430
v -0.322657 -0.681564 0.675648
v -0.322657 -0.665629 0.617145
v -0.322657 -0.627081 0.566908
v -0.326691 -0.569649 0.624340
v -0.310989 -0.601309 0.592680
v -0.310989 -0.634065 0.635369
v -0.310989 -0.652072 0.685082
v -0.310989 -0.655787 0.738430
v -0.310989 -0.652072 0.791778
v -0.310989 -0.634065 0.841490
v -0.310989 -0.601309 0.884179
v -0.310989 -0.558619 0.916935
v -0.310989 -0.508907 0.937527
v -0.326691 -0.455559 0.899778
v -0.310989 -0.455559 0.944550
v -0.326691 -0.497319 0.894280
v -0.326691 -0.536233 0.878161
v -0.326691 -0.569649 0.852520
v -0.326691 -0.595291 0.819104
v -0.326691 -0.611410 0.780190
v -0.326691 -0.616907 0.738430
v -0.326691 -0.611410 0.696669
v -0.326691 -0.595291 0.657756
v -0.327169 -0.316065 0.657819
v -0.310989 -0.256461 0.685082
v -0.327169 -0.299940 0.696748
v -0.310989 -0.249438 0.738430
v -0.326691 -0.294211 0.738430
v -0.310989 -0.256461 0.791778
v -0.326691 -0.299708 0.780190
v -0.310989 -0.277053 0.841490
v -0.327169 -0.316065 0.819228
v -0.310989 -0.309810 0.884179
v -0.326691 -0.341468 0.852520
v -0.310989 -0.352498 0.916935
v -0.326691 -0.374884 0.878161
v -0.310989 -0.402211 0.937527
v -0.326691 -0.413799 0.894280
v -0.322657 -0.455559 0.980998
v -0.322657 -0.392778 0.972732
v -0.322657 -0.334275 0.948500
v -0.322657 -0.284037 0.909951
v -0.322657 -0.245488 0.859714
v -0.322657 -0.221256 0.801211
v -0.322657 -0.212991 0.738430
v -0.330412 -0.209431 0.672479
v -0.330412 -0.200748 0.738430
v -0.330412 -0.209431 0.804380
v -0.330412 -0.234887 0.865835
v -0.330412 -0.275381 0.918608
v -0.330412 -0.328154 0.959102
v -0.330412 -0.389609 0.984558
v -0.345029 -0.311622 0.699878
v -0.327169 -0.299940 0.696748
v -0.326691 -0.294211 0.738430
v -0.345029 -0.306558 0.738339
v -0.326691 -0.299708 0.780190
v -0.345029 -0.311622 0.776800
v -0.327169 -0.316065 0.819228
v -0.345029 -0.326467 0.812640
v -0.326691 -0.341468 0.852520
v -0.345029 -0.350083 0.843417
v -0.326691 -0.374884 0.878161
v -0.345029 -0.380859 0.867032
v -0.326691 -0.413799 0.894280
v -0.345029 -0.416700 0.881878
v -0.326691 -0.455559 0.899778
v -0.345029 -0.455161 0.886941
v -0.326691 -0.497319 0.894280
v -0.345029 -0.493622 0.881878
v -0.326691 -0.536233 0.878161
v -0.345029 -0.529462 0.867032
v -0.437768 -0.306519 0.738430
v -0.437768 -0.311598 0.777004
v -0.437768 -0.326487 0.812949
v -0.437768 -0.350172 0.843817
v -0.437768 -0.381039 0.867502
v -0.437768 -0.416985 0.882391
v -0.437768 -0.455559 0.887469
v -0.437768 -0.494133 0.882391
v -0.437768 -0.530079 0.867502
v -0.454737 -0.301046 0.738339
v -0.454737 -0.306297 0.778226
v -0.345029 -0.326467 0.664038
v -0.327169 -0.316065 0.657819
v -0.437768 -0.326487 0.663910
v -0.437768 -0.311598 0.699855
v -0.345029 -0.350083 0.633261
v -0.326691 -0.341468 0.624340
v -0.437768 -0.350172 0.633042
v -0.454737 -0.346186 0.629363
v -0.454737 -0.321694 0.661281
v -0.454737 -0.306297 0.698451
v 0.382589 -0.234970 -0.055207
v 0.382589 -0.155967 -0.124642
v 0.457936 -0.236892 -0.761853
v 0.457936 -0.304914 -0.770808
v 0.485266 -0.304266 -0.750195
v 0.457936 -0.173505 -0.735597
v 0.485266 -0.241618 -0.741947
v 0.623473 -0.304914 -0.750759
v 0.457936 -0.119074 -0.693830
v 0.485266 -0.183238 -0.717766
v 0.623473 -0.242081 -0.742487
v 0.648760 -0.304266 -0.759173
v 0.458649 -0.077694 -0.639295
v 0.485265 -0.133106 -0.679298
v 0.623473 -0.183530 -0.718234
v 0.648760 -0.239293 -0.750619
v 0.650344 -0.304914 -0.770808
v 0.458649 -0.051429 -0.575884
v 0.485265 -0.094638 -0.629166
v 0.623473 -0.133250 -0.679654
v 0.648760 -0.178748 -0.725541
v 0.650344 -0.236892 -0.761853
v 0.673743 -0.304914 -0.843737
v 0.457936 -0.042096 -0.507990
v 0.485265 -0.070457 -0.570787
v 0.623473 -0.094670 -0.629374
v 0.648760 -0.126757 -0.685646
v 0.650344 -0.173505 -0.735597
v 0.673743 -0.218017 -0.832298
v 0.656355 -0.304914 -0.903107
v 0.457936 -0.051052 -0.439967
v 0.485265 -0.062209 -0.508138
v 0.623473 -0.070417 -0.570823
v 0.648760 -0.086863 -0.633655
v 0.650344 -0.119074 -0.693830
v 0.673743 -0.137040 -0.798756
v 0.656355 -0.202651 -0.889644
v 0.644798 -0.304914 -0.923048
v 0.648760 -0.061785 -0.573110
v 0.650344 -0.077307 -0.639399
v 0.673743 -0.067505 -0.745399
v 0.656355 -0.107356 -0.850171
v 0.644798 -0.197489 -0.908905
v 0.554140 -0.304914 -0.936716
v 0.434537 -0.304914 -0.843737
v 0.451925 -0.202651 -0.889644
v 0.451925 -0.304914 -0.903107
v 0.463482 -0.197489 -0.908905
v 0.463482 -0.304914 -0.923048
v 0.554140 -0.193952 -0.922108
v 0.644798 -0.097385 -0.867440
v 0.451925 0.076740 -0.405725
v 0.451925 0.090203 -0.507990
v 0.451925 0.076740 -0.610253
v 0.451925 0.037267 -0.705548
v 0.451925 -0.025525 -0.787379
v 0.451925 -0.107356 -0.850171
v 0.463482 0.054536 -0.715518
v 0.463482 0.096001 -0.615415
v 0.463482 0.110144 -0.507990
v 0.463482 0.096001 -0.400564
v 0.463482 0.054536 -0.300461
v 0.451925 0.037267 -0.310431
v 0.463482 -0.011424 -0.214499
v 0.451925 -0.025525 -0.228600
v 0.463482 -0.097386 -0.148539
v 0.451925 -0.107356 -0.165808
v 0.463482 -0.197489 -0.107074
v 0.451925 -0.202651 -0.126335
v 0.656354 0.090203 -0.507990
v 0.644798 0.096001 -0.615415
v 0.554140 0.066374 -0.722353
v 0.554140 0.109204 -0.618952
v 0.554140 0.123812 -0.507990
v 0.554140 0.109204 -0.397026
v 0.554140 0.066374 -0.293626
v 0.554140 -0.001758 -0.204834
v 0.554140 -0.090551 -0.136701
v 0.644798 -0.512443 -0.148539
v 0.644798 -0.412340 -0.107074
v 0.554140 -0.415878 -0.093871
v 0.554140 -0.304914 -0.079262
v 0.644798 -0.304914 -0.092931
v 0.554140 -0.193952 -0.093871
v 0.644798 -0.197489 -0.107074
v 0.644798 -0.097385 -0.148539
v 0.644798 -0.011424 -0.214499
v 0.644798 0.054536 -0.300461
v 0.644798 0.096001 -0.400564
v 0.644798 0.110144 -0.507990
v 0.656355 -0.584305 -0.228599
v 0.656355 -0.502473 -0.165808
v 0.656355 -0.407179 -0.126335
v 0.656355 -0.304914 -0.112872
v 0.656355 -0.202651 -0.126335
v 0.656355 -0.107356 -0.165808
v 0.656355 -0.025525 -0.228599
v 0.656355 0.037267 -0.310431
v 0.656355 0.076740 -0.405725
v 0.673743 -0.595681 -0.340115
v 0.673743 -0.542325 -0.270579
v 0.673743 -0.472789 -0.217223
v 0.673743 -0.391812 -0.183681
v 0.673743 -0.304914 -0.172241
v 0.673743 -0.218017 -0.183681
v 0.673743 -0.137040 -0.217223
v 0.673743 -0.067505 -0.270579
v 0.673743 -0.014148 -0.340115
v 0.673743 0.019394 -0.421091
v 0.650344 -0.372937 -0.254126
v 0.650344 -0.304914 -0.245171
v 0.650344 -0.236892 -0.254126
v 0.650344 -0.173505 -0.280382
v 0.650344 -0.119074 -0.322149
v 0.650344 -0.077307 -0.376580
v 0.648760 -0.429784 -0.290734
v 0.648760 -0.369239 -0.265656
v 0.648760 -0.304266 -0.257102
v 0.648760 -0.239293 -0.265656
v 0.623473 -0.515159 -0.629374
v 0.623473 -0.539412 -0.570823
v 0.623473 -0.547684 -0.507990
v 0.623473 -0.539412 -0.445156
v 0.623473 -0.515159 -0.386604
v 0.623473 -0.476578 -0.336326
v 0.623473 -0.426300 -0.297745
v 0.623473 -0.367748 -0.273492
v 0.485266 -0.513894 -0.387109
v 0.485266 -0.538076 -0.445488
v 0.485266 -0.546323 -0.508138
v 0.485266 -0.538076 -0.570786
v 0.485266 -0.513894 -0.629166
v 0.485266 -0.475427 -0.679298
v 0.623473 -0.476578 -0.679654
v 0.457936 -0.532522 -0.376580
v 0.457936 -0.558778 -0.439967
v 0.457936 -0.567733 -0.507990
v 0.457936 -0.558778 -0.576012
v 0.457936 -0.532523 -0.639399
v 0.457936 -0.490756 -0.693830
v 0.457936 -0.436324 -0.735597
v 0.485266 -0.425295 -0.717766
v 0.457936 -0.372937 -0.761853
v 0.485266 -0.366916 -0.741947
v 0.457936 -0.304914 -0.770808
v 0.485266 -0.304266 -0.750195
v 0.623473 -0.367748 -0.742487
v 0.623473 -0.304914 -0.750759
v 0.648760 -0.369239 -0.750619
v 0.648760 -0.304266 -0.759173
v 0.650344 -0.372937 -0.761853
v 0.650344 -0.304914 -0.770808
v 0.673743 -0.391813 -0.832298
v 0.673743 -0.304914 -0.843737
v 0.656355 -0.407179 -0.889644
v 0.656355 -0.304914 -0.903107
v 0.644798 -0.412340 -0.908905
v 0.644798 -0.304914 -0.923048
v 0.554140 -0.415878 -0.922108
v 0.554140 -0.304914 -0.936716
v 0.463482 -0.412340 -0.908905
v 0.463482 -0.304914 -0.923048
v 0.451925 -0.407179 -0.889644
v 0.451925 -0.304914 -0.903107
v 0.623473 -0.426300 -0.718234
v 0.648760 -0.429784 -0.725541
v 0.650344 -0.436324 -0.735597
v 0.673743 -0.472789 -0.798756
v 0.656355 -0.502473 -0.850171
v 0.644798 -0.512444 -0.867440
v 0.554140 -0.519279 -0.879278
v 0.463482 -0.512444 -0.867440
v 0.451925 -0.502473 -0.850171
v 0.451925 -0.584305 -0.787379
v 0.463481 -0.598405 -0.801480
v 0.554140 -0.608070 -0.811146
v 0.644798 -0.598405 -0.801480
v 0.451925 -0.647096 -0.705548
v 0.463482 -0.664365 -0.715518
v 0.554140 -0.676203 -0.722353
v 0.457936 -0.372937 -0.761853
v 0.457936 -0.304914 -0.770808
v 0.434537 -0.304914 -0.843737
v 0.434537 -0.391813 -0.832298
v 0.457936 -0.436324 -0.735597
v 0.434537 -0.472789 -0.798756
v 0.457936 -0.490756 -0.693830
v 0.434537 -0.542325 -0.745399
v 0.457936 -0.532523 -0.639399
v 0.434537 -0.595681 -0.675863
v 0.457936 -0.558778 -0.576012
v 0.434537 -0.629223 -0.594887
v 0.457936 -0.567733 -0.507990
v 0.451925 -0.670175 -0.610253
v 0.434537 -0.640663 -0.507990
v 0.451925 -0.672657 -0.507990
v 0.434537 -0.629223 -0.421091
v 0.451925 -0.670175 -0.405725
v 0.434537 -0.595681 -0.340115
v 0.451925 -0.647096 -0.310431
v 0.434537 -0.542325 -0.270579
v 0.457936 -0.558778 -0.439967
v 0.457936 -0.532522 -0.376580
v 0.457936 -0.490755 -0.322149
v 0.457936 -0.436324 -0.280382
v 0.434537 -0.472789 -0.217223
v 0.457936 -0.372937 -0.254126
v 0.434537 -0.391812 -0.183681
v 0.457936 -0.304914 -0.245171
v 0.434537 -0.304914 -0.172241
v 0.457936 -0.236892 -0.254126
v 0.434537 -0.218017 -0.183681
v 0.457936 -0.173505 -0.280382
v 0.451925 -0.584304 -0.228599
v 0.451925 -0.502473 -0.165808
v 0.451925 -0.407179 -0.126335
v 0.451925 -0.304914 -0.112872
v 0.463482 -0.304914 -0.092931
v 0.463482 -0.412340 -0.107074
v 0.463482 -0.512443 -0.148539
v 0.463482 -0.598405 -0.214499
v 0.463482 -0.664365 -0.300460
v 0.463482 -0.689436 -0.400564
v 0.463482 -0.692598 -0.507990
v 0.463482 -0.689436 -0.615414
v 0.554140 -0.519278 -0.136701
v 0.554140 -0.608070 -0.204834
v 0.554140 -0.676203 -0.293626
v 0.554140 -0.702639 -0.397026
v 0.554140 -0.706267 -0.507990
v 0.554140 -0.702639 -0.618952
v 0.644798 -0.689436 -0.615414
v 0.644798 -0.692598 -0.507990
v 0.644798 -0.689436 -0.400564
v 0.644798 -0.664365 -0.300460
v 0.644798 -0.598405 -0.214499
v 0.656354 -0.670175 -0.610253
v 0.656355 -0.672657 -0.507990
v 0.656355 -0.670175 -0.405725
v 0.656355 -0.647096 -0.310431
v 0.673743 -0.601848 -0.594887
v 0.673743 -0.613288 -0.507990
v 0.673743 -0.601848 -0.421091
v 0.310000 -0.655787 0.738430
v 0.310000 -0.652072 0.791778
v 0.325701 -0.611410 0.780190
v 0.325701 -0.595291 0.819104
v 0.310000 -0.634065 0.841490
v 0.325701 -0.569649 0.852520
v 0.310000 -0.601308 0.884179
v 0.325701 -0.536233 0.878161
v 0.310000 -0.558619 0.916935
v 0.325701 -0.497319 0.894280
v 0.310000 -0.508907 0.937527
v 0.325701 -0.455559 0.899778
v 0.310000 -0.455559 0.944550
v 0.325701 -0.413799 0.894280
v 0.310000 -0.402211 0.937527
v 0.325701 -0.374884 0.878161
v 0.310000 -0.352498 0.916935
v 0.325701 -0.341468 0.852520
v 0.310000 -0.309810 0.884179
v 0.326179 -0.316065 0.819228
v 0.321667 -0.627081 0.909951
v 0.321667 -0.576844 0.948500
v 0.321667 -0.518341 0.972732
v 0.321667 -0.455559 0.980998
v 0.321667 -0.392778 0.972732
v 0.321667 -0.334275 0.948500
v 0.321667 -0.284037 0.909951
v 0.310000 -0.277053 0.841490
v 0.321667 -0.245488 0.859714
v 0.310000 -0.256461 0.791778
v 0.321667 -0.221256 0.801211
v 0.310000 -0.249438 0.738430
v 0.321667 -0.212991 0.738430
v 0.310000 -0.256461 0.685082
v 0.325701 -0.299708 0.780190
v 0.325701 -0.294211 0.738430
v 0.326179 -0.299940 0.696748
v 0.326179 -0.316065 0.657819
v 0.310000 -0.277053 0.635369
v 0.325701 -0.341468 0.624340
v 0.310000 -0.309810 0.592680
v 0.325701 -0.374884 0.598698
v 0.310000 -0.352498 0.559924
v 0.325701 -0.413799 0.582579
v 0.310000 -0.402211 0.539332
v 0.325701 -0.455559 0.577081
v 0.310000 -0.455559 0.532309
v 0.321667 -0.392778 0.504127
v 0.453746 -0.604024 0.778226
v 0.453746 -0.609276 0.738339
v 0.436778 -0.604599 0.738430
v 0.436778 -0.599520 0.777004
v 0.453746 -0.588628 0.815396
v 0.436778 -0.584632 0.812950
v 0.453746 -0.564136 0.847314
v 0.436778 -0.560946 0.843817
v 0.453746 -0.532218 0.871806
v 0.436778 -0.530079 0.867502
v 0.453746 -0.495049 0.887202
v 0.436778 -0.494133 0.882391
v 0.453746 -0.455161 0.892453
v 0.436778 -0.455559 0.887469
v 0.453746 -0.415273 0.887202
v 0.436778 -0.416985 0.882391
v 0.453746 -0.378104 0.871806
v 0.436778 -0.381039 0.867502
v 0.453746 -0.346186 0.847314
v 0.436778 -0.350172 0.843817
v 0.453746 -0.306297 0.778226
v 0.453746 -0.301046 0.738339
v 0.454809 -0.294211 0.738430
v 0.454809 -0.299708 0.780190
v 0.453746 -0.321693 0.815396
v 0.454809 -0.315827 0.819104
v 0.454809 -0.341468 0.852520
v 0.454809 -0.374884 0.878161
v 0.454809 -0.413799 0.894280
v 0.454809 -0.455559 0.899778
v 0.454809 -0.497319 0.894280
v 0.454809 -0.536233 0.878161
v 0.454809 -0.569649 0.852520
v 0.470510 -0.508907 0.937527
v 0.470510 -0.558619 0.916935
v 0.470510 -0.455559 0.944550
v 0.470510 -0.402211 0.937527
v 0.470510 -0.352498 0.916935
v 0.470510 -0.309810 0.884179
v 0.470510 -0.277053 0.841490
v 0.470510 -0.256461 0.791778
v 0.470510 -0.249438 0.738430
v 0.470510 -0.256461 0.685082
v 0.454809 -0.299708 0.696669
v 0.458843 -0.681564 0.801211
v 0.458843 -0.686523 0.738430
v 0.470510 -0.655788 0.738430
v 0.470510 -0.652072 0.791778
v 0.458843 -0.665629 0.859714
v 0.470510 -0.634065 0.841490
v 0.458843 -0.627081 0.909951
v 0.470510 -0.601308 0.884179
v 0.458843 -0.576843 0.948500
v 0.458843 -0.518340 0.972732
v 0.458843 -0.455559 0.980998
v 0.458843 -0.392778 0.972732
v 0.458843 -0.334275 0.948500
v 0.458843 -0.284037 0.909951
v 0.458843 -0.245488 0.859714
v 0.458843 -0.221256 0.801211
v 0.451088 -0.209431 0.804380
v 0.451088 -0.234887 0.865835
v 0.451088 -0.275381 0.918608
v 0.451088 -0.328154 0.959102
v 0.451088 -0.389609 0.984558
v 0.451088 -0.455559 0.993240
v 0.451088 -0.521508 0.984558
v 0.451088 -0.582964 0.959102
v 0.451088 -0.635737 0.918608
v 0.451088 -0.676231 0.865835
v 0.451088 -0.209431 0.672479
v 0.451088 -0.234887 0.611024
v 0.390255 -0.227619 0.606829
v 0.390255 -0.201326 0.670308
v 0.451088 -0.200748 0.738430
v 0.390255 -0.192357 0.738430
v 0.390255 -0.201326 0.806551
v 0.390255 -0.227619 0.870030
v 0.390255 -0.269447 0.924542
v 0.390255 -0.323958 0.966369
v 0.390255 -0.387438 0.992663
v 0.390255 -0.455559 1.001631
v 0.390255 -0.523681 0.992663
v 0.431099 -0.420560 0.677587
v 0.421398 -0.398468 0.639323
v 0.421398 -0.356190 0.681602
v 0.431099 -0.394453 0.703694
v 0.421398 -0.340714 0.739356
v 0.431099 -0.384898 0.739356
v 0.421398 -0.356190 0.797111
v 0.431099 -0.394453 0.775020
v 0.421398 -0.398468 0.839390
v 0.431099 -0.420560 0.801126
v 0.421398 -0.456222 0.854866
v 0.431099 -0.456222 0.810682
v 0.421398 -0.513977 0.839390
v 0.431099 -0.491886 0.801126
v 0.421398 -0.556256 0.797111
v 0.431099 -0.517992 0.775020
v 0.421398 -0.571732 0.739356
v 0.431099 -0.527548 0.739356
v 0.421398 -0.556256 0.681602
v 0.431099 -0.517992 0.703694
v 0.421398 -0.513977 0.639323
v 0.431099 -0.491886 0.677587
v 0.421398 -0.456222 0.623848
v 0.431099 -0.456222 0.668031
v 0.325701 -0.497319 0.582579
v 0.325701 -0.455559 0.577081
v 0.310000 -0.455559 0.532309
v 0.310000 -0.508907 0.539332
v 0.321667 -0.455559 0.495861
v 0.321667 -0.518341 0.504127
v 0.329421 -0.455559 0.483619
v 0.329421 -0.521509 0.492301
v 0.390255 -0.455559 0.475228
v 0.390255 -0.523681 0.484196
v 0.451088 -0.455559 0.483619
v 0.451088 -0.521509 0.492301
v 0.458843 -0.455559 0.495861
v 0.458843 -0.518340 0.504127
v 0.470510 -0.455559 0.532309
v 0.470510 -0.508907 0.539332
v 0.454809 -0.455559 0.577081
v 0.454809 -0.497319 0.582579
v 0.325701 -0.536233 0.598698
v 0.310000 -0.558619 0.559924
v 0.321667 -0.576844 0.528360
v 0.325701 -0.569649 0.624340
v 0.310000 -0.601308 0.592680
v 0.325701 -0.595291 0.657756
v 0.310000 -0.634065 0.635369
v 0.325701 -0.611410 0.696669
v 0.310000 -0.652072 0.685082
v 0.325701 -0.616907 0.738430
v 0.321667 -0.627081 0.566908
v 0.321667 -0.665629 0.617145
v 0.321667 -0.681564 0.675648
v 0.321667 -0.686523 0.738430
v 0.321667 -0.681564 0.801211
v 0.321667 -0.665629 0.859714
v 0.329421 -0.521508 0.984558
v 0.329421 -0.455559 0.993240
v 0.329421 -0.582964 0.959102
v 0.329421 -0.635737 0.918608
v 0.329421 -0.676231 0.865835
v 0.329421 -0.693389 0.804380
v 0.329421 -0.698764 0.738430
v 0.329421 -0.693389 0.672480
v 0.329421 -0.676231 0.611024
v 0.329421 -0.635738 0.558252
v 0.329421 -0.389609 0.984558
v 0.390255 -0.587160 0.966369
v 0.390255 -0.641671 0.924542
v 0.390255 -0.683498 0.870030
v 0.390255 -0.701495 0.806551
v 0.390255 -0.707156 0.738430
v 0.390255 -0.701495 0.670308
v 0.390255 -0.683499 0.606829
v 0.451088 -0.693389 0.804380
v 0.451088 -0.698764 0.738430
v 0.451088 -0.693389 0.672480
v 0.451088 -0.676231 0.611024
v 0.451088 -0.635738 0.558252
v 0.390255 -0.641671 0.552318
v 0.458843 -0.681564 0.675648
v 0.458843 -0.665629 0.617145
v 0.458843 -0.627081 0.566908
v 0.458843 -0.576843 0.528360
v 0.451088 -0.582964 0.517757
v 0.390255 -0.587160 0.510490
v 0.329421 -0.582964 0.517757
v 0.470510 -0.558619 0.559924
v 0.470510 -0.601308 0.592680
v 0.470510 -0.634065 0.635369
v 0.470510 -0.652072 0.685082
v 0.454809 -0.536233 0.598698
v 0.454809 -0.569649 0.624340
v 0.454809 -0.595291 0.657756
v 0.454809 -0.611410 0.696669
v 0.454809 -0.616907 0.738430
v 0.454809 -0.611410 0.780190
v 0.454809 -0.595291 0.819104
v 0.453746 -0.604024 0.698451
v 0.453746 -0.588628 0.661281
v 0.453746 -0.564136 0.629363
v 0.453746 -0.532218 0.604872
v 0.453746 -0.495049 0.589476
v 0.453746 -0.455161 0.584224
v 0.436778 -0.455559 0.589390
v 0.436778 -0.494133 0.594468
v 0.436778 -0.530079 0.609357
v 0.436778 -0.560946 0.633042
v 0.436778 -0.584632 0.663910
v 0.436778 -0.599520 0.699855
v 0.344038 -0.493622 0.594799
v 0.344038 -0.455161 0.589736
v 0.325701 -0.455559 0.577081
v 0.325701 -0.497319 0.582579
v 0.344038 -0.529462 0.609645
v 0.325701 -0.536233 0.598698
v 0.344038 -0.583855 0.812640
v 0.344038 -0.560239 0.843417
v 0.344038 -0.598700 0.776800
v 0.344038 -0.603763 0.738339
v 0.344038 -0.598700 0.699878
v 0.344038 -0.583855 0.664038
v 0.344038 -0.560239 0.633261
v 0.325701 -0.569649 0.624340
v 0.325701 -0.595291 0.657756
v 0.325701 -0.611410 0.696669
v 0.325701 -0.616907 0.738430
v 0.325701 -0.611410 0.780190
v 0.325701 -0.595291 0.819104
v 0.325701 -0.569649 0.852520
v 0.344038 -0.529462 0.867032
v 0.325701 -0.536233 0.878161
v 0.344038 -0.493622 0.881878
v 0.325701 -0.497319 0.894280
v 0.344038 -0.455161 0.886941
v 0.325701 -0.455559 0.899778
v 0.344038 -0.416700 0.881878
v 0.325701 -0.413799 0.894280
v 0.344038 -0.380859 0.867032
v 0.325701 -0.374884 0.878161
v 0.344038 -0.350083 0.843417
v 0.325701 -0.341468 0.852520
v 0.344038 -0.326467 0.812640
v 0.326179 -0.316065 0.819228
v 0.344038 -0.311622 0.776800
v 0.325701 -0.299708 0.780190
v 0.344038 -0.306558 0.738339
v 0.325701 -0.294211 0.738430
v 0.344038 -0.311622 0.699878
v 0.326179 -0.299940 0.696748
v 0.344038 -0.326467 0.664038
v 0.326179 -0.316065 0.657819
v 0.436778 -0.306519 0.738430
v 0.436778 -0.311598 0.777004
v 0.436778 -0.326487 0.812949
v 0.325701 -0.341468 0.624340
v 0.344038 -0.350083 0.633261
v 0.436778 -0.350172 0.633042
v 0.436778 -0.326487 0.663910
v 0.436778 -0.311598 0.699855
v 0.453746 -0.306297 0.698451
v 0.453746 -0.321693 0.661281
v 0.453746 -0.346186 0.629363
v 0.453746 -0.378104 0.604872
v 0.436778 -0.381039 0.609357
v 0.344038 -0.380859 0.609645
v 0.325701 -0.374884 0.598698
v 0.325701 -0.413799 0.582579
v 0.344038 -0.416700 0.594799
v 0.436778 -0.416985 0.594468
v 0.453746 -0.415273 0.589476
v 0.454809 -0.413799 0.582579
v 0.454809 -0.374884 0.598698
v 0.454809 -0.341468 0.624339
v 0.454809 -0.315827 0.657756
v 0.470510 -0.277053 0.635369
v 0.470510 -0.309810 0.592680
v 0.470510 -0.352498 0.559924
v 0.470510 -0.402211 0.539332
v 0.470510 -0.455559 0.532309
v 0.454809 -0.455559 0.577081
v 0.453746 -0.455161 0.584224
v 0.436778 -0.455559 0.589390
v 0.344038 -0.455161 0.589736
v 0.325701 -0.455559 0.577081
v 0.458843 -0.212991 0.738430
v 0.458843 -0.221256 0.675648
v 0.458843 -0.245488 0.617145
v 0.458843 -0.284037 0.566908
v 0.458843 -0.334275 0.528359
v 0.458843 -0.392778 0.504127
v 0.458843 -0.455559 0.495861
v 0.451088 -0.455559 0.483619
v 0.451088 -0.389609 0.492301
v 0.390255 -0.455559 0.475228
v 0.321667 -0.455559 0.495861
v 0.329421 -0.389609 0.492301
v 0.329421 -0.455559 0.483619
v 0.390255 -0.387438 0.484196
v 0.451088 -0.328154 0.517757
v 0.451088 -0.275381 0.558251
v 0.321667 -0.221256 0.675648
v 0.321667 -0.245488 0.617145
v 0.321667 -0.284037 0.566908
v 0.321667 -0.334275 0.528360
v 0.329421 -0.328154 0.517757
v 0.390255 -0.323958 0.510490
v 0.390255 -0.269447 0.552318
v 0.329421 -0.275381 0.558251
v 0.329421 -0.234887 0.611024
v 0.329421 -0.209431 0.672479
v 0.329421 -0.200748 0.738430
v 0.329421 -0.209431 0.804380
v 0.329421 -0.234887 0.865835
v 0.329421 -0.275381 0.918608
v 0.329421 -0.328154 0.959102
v 0.543485 -0.203722 -0.322999
v 0.531106 -0.184102 -0.286409
v 0.531106 -0.081228 -0.389283
v 0.566600 -0.402370 -0.322999
v 0.574868 -0.402370 -0.322999
v 0.574868 -0.488274 -0.408902
v 0.566600 -0.488274 -0.408902
v 0.566600 -0.203722 -0.322999
v 0.543485 -0.203722 -0.322999
v 0.543485 -0.402370 -0.322999
v 0.566600 -0.402370 -0.322999
v 0.566600 -0.203722 -0.693455
v 0.574868 -0.203722 -0.693455
v 0.574868 -0.117818 -0.607551
v 0.566600 -0.117818 -0.607551
v 0.574868 -0.203722 -0.322999
v 0.566600 -0.203722 -0.322999
v 0.566600 -0.488274 -0.408902
v 0.543485 -0.488274 -0.408902
v 0.543485 -0.488274 -0.607551
v 0.566600 -0.488274 -0.607551
v 0.578978 -0.081228 -0.627171
v 0.531106 -0.081228 -0.627171
v 0.543485 -0.117818 -0.607551
v 0.578978 -0.184102 -0.730044
v 0.578978 -0.081228 -0.627171
v 0.566600 -0.409745 -0.401527
v 0.566600 -0.360791 -0.368818
v 0.566600 -0.303046 -0.357331
v 0.566600 -0.245301 -0.368818
v 0.566600 -0.117858 -0.408892
v 0.566600 -0.196347 -0.401527
v 0.566600 -0.163637 -0.450482
v 0.566600 -0.152150 -0.508226
v 0.566600 -0.117818 -0.607551
v 0.566600 -0.163637 -0.565972
v 0.566600 -0.196347 -0.614926
v 0.566600 -0.203722 -0.693455
v 0.566600 -0.245301 -0.647636
v 0.566600 -0.303046 -0.659122
v 0.566600 -0.402370 -0.693455
v 0.566600 -0.360791 -0.647636
v 0.566600 -0.409745 -0.614926
v 0.566600 -0.442455 -0.565972
v 0.566600 -0.453941 -0.508226
v 0.566600 -0.442455 -0.450482
v 0.543485 -0.203722 -0.693455
v 0.531106 -0.184102 -0.730044
v 0.578978 -0.184102 -0.730044
v 0.531106 -0.081228 -0.627171
v 0.531106 -0.184102 -0.730044
v 0.402319 -0.395738 0.844119
v 0.402319 -0.351460 0.799841
v 0.402319 -0.306606 0.805655
v 0.402319 -0.389924 0.888974
v 0.374168 -0.351460 0.799841
v 0.374168 -0.395738 0.844119
v 0.374168 -0.389924 0.888974
v 0.374168 -0.306606 0.805655
v 0.329303 -0.365529 0.739356
v 0.329303 -0.377680 0.694009
v 0.329303 -0.410876 0.660814
v 0.329303 -0.456222 0.648663
v 0.329303 -0.501569 0.660814
v 0.329303 -0.534766 0.694009
v 0.329303 -0.546916 0.739356
v 0.329303 -0.534766 0.784703
v 0.329303 -0.501569 0.817900
v 0.329303 -0.456222 0.830050
v 0.329303 -0.410876 0.817900
v 0.329303 -0.377680 0.784703
v 0.374168 -0.516707 0.844119
v 0.374168 -0.560985 0.799841
v 0.374168 -0.605840 0.805655
v 0.374168 -0.522521 0.888974
v 0.402319 -0.560985 0.799841
v 0.402319 -0.516707 0.844119
v 0.402319 -0.522521 0.888974
v 0.402319 -0.605840 0.805655
v 0.476833 -0.420551 0.739356
v 0.476833 -0.425330 0.757193
v 0.476833 -0.438387 0.770250
v 0.476833 -0.456222 0.775029
v 0.476833 -0.474059 0.770250
v 0.476833 -0.487116 0.757193
v 0.476833 -0.491895 0.739356
v 0.476833 -0.487116 0.721520
v 0.476833 -0.474059 0.708464
v 0.476833 -0.456222 0.703685
v 0.476833 -0.438387 0.708464
v 0.476833 -0.425330 0.721520
v -0.360773 -0.351460 0.799841
v -0.360773 -0.365529 0.739356
v -0.360773 -0.335253 0.739356
v -0.360773 -0.377680 0.694009
v -0.360773 -0.351460 0.678871
v -0.360773 -0.410876 0.660814
v -0.360773 -0.395738 0.634593
v -0.360773 -0.456223 0.648663
v -0.360773 -0.456223 0.618387
v -0.360773 -0.501569 0.660814
v -0.360773 -0.516708 0.634593
v -0.360773 -0.534766 0.694009
v -0.360773 -0.560985 0.678871
v -0.360773 -0.546916 0.739356
v -0.360773 -0.577193 0.739356
v -0.360773 -0.534766 0.784703
v -0.360773 -0.560985 0.799841
v -0.360773 -0.501569 0.817900
v -0.360773 -0.516708 0.844119
v -0.360773 -0.456223 0.830050
v -0.360773 -0.456223 0.860326
v -0.360773 -0.410876 0.817900
v -0.360773 -0.395738 0.844119
v -0.360773 -0.377680 0.784703
v -0.329572 -0.546916 0.739356
v -0.360773 -0.534766 0.784703
v -0.360773 -0.546916 0.739356
v -0.329572 -0.534766 0.784703
v -0.329572 -0.501569 0.817900
v -0.360773 -0.501569 0.817900
v -0.329572 -0.456223 0.830050
v -0.360773 -0.456223 0.830050
v -0.329572 -0.410876 0.817900
v -0.360773 -0.410876 0.817900
v -0.329572 -0.377680 0.784703
v -0.360773 -0.377680 0.784703
v -0.329572 -0.365529 0.739356
v -0.360773 -0.365529 0.739356
v -0.329572 -0.377680 0.694009
v -0.360773 -0.377680 0.694009
v -0.329572 -0.410876 0.660814
v -0.360773 -0.410876 0.660814
v -0.329572 -0.456223 0.648663
v -0.360773 -0.456223 0.648663
v -0.329572 -0.501569 0.660814
v -0.360773 -0.501569 0.660814
v -0.329572 -0.534766 0.694009
v -0.360773 -0.534766 0.694009
v -0.360773 -0.546916 0.739356
v -0.329572 -0.546916 0.739356
v -0.347972 -0.119845 0.071144
v -0.232331 -0.119845 0.071144
v -0.232331 0.191814 0.071144
v -0.347972 0.191814 0.071144
v -0.348006 -0.119830 0.084340
v -0.232298 -0.119830 0.084340
v -0.232331 -0.119845 0.071144
v -0.347972 -0.119845 0.071144
v -0.232298 0.191799 0.084340
v -0.232331 0.191814 0.071144
v -0.348006 0.191799 0.084340
v -0.347972 0.191814 0.071144
v -0.348006 0.191799 0.084340
v -0.347972 0.191814 0.071144
v 0.346964 0.191814 0.071144
v 0.231323 0.191814 0.071144
v 0.231323 -0.119845 0.071144
v 0.346964 -0.119845 0.071144
v 0.346964 -0.119845 0.071144
v 0.231323 -0.119845 0.071144
v 0.231290 -0.119830 0.084340
v 0.346998 -0.119830 0.084340
v 0.231323 0.191814 0.071144
v 0.231290 0.191799 0.084340
v 0.346964 0.191814 0.071144
v 0.346998 0.191799 0.084340
v 0.346964 0.191814 0.071144
v 0.346998 0.191799 0.084340
v -0.381966 -0.191473 -0.664007
v -0.381966 0.230127 -0.658147
v -0.000504 0.230127 -0.658147
v -0.000504 -0.191473 -0.664007
v -0.156224 0.243477 -0.687685
v -0.377927 0.188124 -0.688690
v -0.320995 0.314560 -0.681573
v -0.308216 0.321364 -0.649764
v -0.308216 0.321364 -0.669051
v -0.412476 0.188134 -0.616401
v -0.156224 0.243477 -0.687685
v -0.320995 0.314560 -0.681573
v -0.308216 0.321364 -0.669051
v -0.143980 0.250586 -0.675221
v -0.143980 0.250586 -0.675221
v -0.144107 -0.112071 -0.684413
v -0.143980 0.250586 -0.653299
v -0.143980 0.250586 -0.653299
v -0.144107 -0.112071 -0.657161
v 0.023855 -0.395860 -0.634630
v 0.048213 -0.353670 -0.634630
v 0.048213 -0.353670 -0.560906
v 0.023855 -0.395860 -0.560906
v -0.049221 -0.353670 -0.634630
v -0.024863 -0.395860 -0.634630
v -0.024863 -0.395860 -0.560906
v -0.049221 -0.353670 -0.560906
v -0.024863 -0.311479 -0.634630
v -0.024863 -0.311479 -0.560906
v 0.023855 -0.311479 -0.634630
v 0.023855 -0.311479 -0.560906
v 0.023855 -0.311479 -0.634630
v 0.023855 -0.311479 -0.560906
v -0.324404 0.433570 -0.012184
v -0.325833 0.438825 -0.004210
v -0.130916 0.586713 -0.061399
v -0.129487 0.581459 -0.069374
v -0.221988 0.509917 -0.030354
v -0.227019 0.515783 -0.032332
v -0.127399 0.582614 -0.060016
v -0.130916 0.586713 -0.061399
v 0.017504 -0.335706 -0.632711
v 0.024964 -0.353715 -0.632711
v 0.024964 -0.353715 -0.663876
v 0.017504 -0.335706 -0.663876
v -0.025972 -0.353715 -0.632711
v -0.018513 -0.335706 -0.632711
v -0.018513 -0.335706 -0.663876
v -0.025972 -0.353715 -0.663876
v 0.017504 -0.371724 -0.632711
v -0.000504 -0.379183 -0.632711
v -0.000504 -0.379183 -0.663876
v 0.017504 -0.371724 -0.663876
v -0.000504 -0.328247 -0.632711
v -0.000504 -0.328247 -0.663876
v -0.018513 -0.371724 -0.632711
v -0.018513 -0.371724 -0.663876
v -0.000504 -0.379183 -0.632711
v -0.000504 -0.379183 -0.663876
v -0.012502 -0.353715 -0.663893
v -0.008989 -0.345231 -0.663893
v -0.008989 -0.345231 -0.695057
v -0.012502 -0.353715 -0.695057
v 0.007980 -0.362199 -0.663893
v -0.000504 -0.365713 -0.663893
v -0.000504 -0.365713 -0.695057
v 0.007980 -0.362199 -0.695057
v -0.008989 -0.362199 -0.663893
v -0.008989 -0.362199 -0.695057
v -0.000504 -0.341716 -0.663893
v -0.000504 -0.341716 -0.695057
v 0.011494 -0.353715 -0.663893
v 0.011494 -0.353715 -0.695057
v 0.007980 -0.345231 -0.663893
v 0.007980 -0.345231 -0.695057
v -0.000504 -0.365713 -0.663893
v -0.000504 -0.365713 -0.695057
v -0.329572 -0.365529 0.739356
v -0.329572 -0.377680 0.784703
v -0.329572 -0.410876 0.817900
v -0.329572 -0.456223 0.830050
v -0.329572 -0.501569 0.817900
v -0.329572 -0.534766 0.784703
v -0.329572 -0.546916 0.739356
v -0.329572 -0.534766 0.694009
v -0.329572 -0.501569 0.660814
v -0.329572 -0.456223 0.648663
v -0.329572 -0.410876 0.660814
v -0.329572 -0.377680 0.694009
v -0.000504 -0.303053 -0.396539
v -0.000504 -0.358892 -0.411501
v 0.078606 -0.354007 -0.419964
v 0.078606 -0.303053 -0.406310
v -0.000504 -0.247213 -0.411501
v 0.078606 -0.252099 -0.419964
v -0.000504 -0.206335 -0.452379
v 0.078606 -0.214798 -0.457265
v -0.000504 -0.191373 -0.508219
v 0.078606 -0.201145 -0.508219
v -0.000504 -0.206335 -0.564059
v 0.078606 -0.214798 -0.559173
v -0.000504 -0.247213 -0.604936
v 0.078606 -0.252099 -0.596474
v -0.000504 -0.303053 -0.619898
v 0.078606 -0.303053 -0.610126
v -0.000504 -0.358892 -0.604936
v 0.078606 -0.354007 -0.596474
v -0.079615 -0.354007 -0.419964
v -0.079615 -0.303053 -0.406310
v -0.079615 -0.252099 -0.419964
v -0.079615 -0.214798 -0.457265
v -0.079615 -0.201145 -0.508219
v -0.079615 -0.214798 -0.559173
v -0.079615 -0.252099 -0.596474
v -0.079615 -0.303053 -0.610126
v -0.079615 -0.354007 -0.596474
v 0.025235 -0.484789 -0.559173
v 0.104448 -0.484789 -0.559173
v 0.104448 -0.484789 -0.604427
v 0.025235 -0.484789 -0.604427
v -0.105456 -0.414337 -0.559173
v -0.105456 -0.484789 -0.559173
v -0.105456 -0.484789 -0.604427
v -0.105456 -0.414337 -0.604427
v -0.026243 -0.414126 -0.559173
v -0.026243 -0.414126 -0.604427
v -0.026243 -0.484789 -0.559173
v -0.026243 -0.484789 -0.604427
v -0.026243 -0.484789 -0.559173
v -0.026243 -0.484789 -0.604427
v 0.110651 -0.398134 -0.559173
v 0.110651 -0.409570 -0.559173
v 0.110651 -0.409570 -0.604427
v 0.110651 -0.489030 -0.604427
v 0.110651 -0.409570 -0.604427
v -0.111660 -0.410125 -0.604427
v -0.111660 -0.489030 -0.530638
v -0.111660 -0.489030 -0.604427
v 0.110651 -0.489030 -0.604427
v 0.110651 -0.489030 -0.530638
v -0.111660 -0.489030 -0.485799
v -0.150512 -0.489030 -0.485799
v -0.150512 -0.489030 -0.530638
v 0.110651 -0.489030 -0.485799
v 0.149504 -0.489030 -0.485799
v 0.149504 -0.489030 -0.530638
v -0.022683 -0.480409 -0.590980
v -0.022683 -0.418501 -0.590980
v 0.021675 -0.418436 -0.590980
v 0.021675 -0.480409 -0.590980
v -0.105456 -0.484789 -0.559173
v -0.026243 -0.484789 -0.559173
v 0.025235 -0.484789 -0.604427
v -0.022683 -0.480409 -0.604427
v 0.021675 -0.480409 -0.604427
v 0.025235 -0.414053 -0.604427
v 0.021675 -0.418436 -0.604427
v -0.026243 -0.414126 -0.604427
v -0.022683 -0.418501 -0.604427
v -0.026243 -0.484789 -0.604427
v 0.110651 -0.489030 -0.604427
v 0.104448 -0.484789 -0.604427
v 0.104448 -0.413842 -0.604427
v -0.105456 -0.414337 -0.604427
v -0.111660 -0.489030 -0.604427
v -0.105456 -0.484789 -0.604427
v 0.021675 -0.480409 -0.604427
v -0.022683 -0.480409 -0.604427
v -0.022683 -0.480409 -0.590980
v 0.021675 -0.480409 -0.590980
v 0.021675 -0.418436 -0.604427
v 0.021675 -0.480409 -0.604427
v 0.021675 -0.480409 -0.590980
v 0.021675 -0.418436 -0.590980
v -0.022683 -0.418501 -0.604427
v -0.022683 -0.418501 -0.590980
v 0.025235 -0.414053 -0.559173
v 0.025235 -0.414053 -0.604427
v 0.104448 -0.413842 -0.559173
v 0.104448 -0.413842 -0.604427
v 0.104448 -0.484789 -0.559173
v 0.104448 -0.484789 -0.604427
v -0.477102 -0.420551 0.739356
v -0.477102 -0.425330 0.721521
v -0.477102 -0.438387 0.708464
v -0.477102 -0.456223 0.703685
v -0.477102 -0.474059 0.708464
v -0.477102 -0.487116 0.721521
v -0.477102 -0.491895 0.739356
v -0.477102 -0.487116 0.757193
v -0.477102 -0.474059 0.770250
v -0.477102 -0.456223 0.775029
v -0.477102 -0.438387 0.770250
v -0.477102 -0.425330 0.757193
v 0.617198 -0.303263 -0.545236
v 0.540432 -0.303263 -0.545236
v 0.540432 -0.284755 -0.540277
v 0.617198 -0.284755 -0.540277
v 0.540432 -0.271206 -0.526727
v 0.617198 -0.271206 -0.526727
v 0.540432 -0.266246 -0.508219
v 0.617198 -0.266246 -0.508219
v 0.540432 -0.271206 -0.489710
v 0.617198 -0.271206 -0.489710
v 0.540432 -0.284755 -0.476160
v 0.617198 -0.284755 -0.476160
v 0.540432 -0.303263 -0.471201
v 0.617198 -0.303263 -0.471201
v 0.540432 -0.321772 -0.476160
v 0.617198 -0.321772 -0.476160
v 0.540432 -0.335322 -0.489710
v 0.617198 -0.335322 -0.489710
v 0.540432 -0.340282 -0.508219
v 0.617198 -0.340282 -0.508219
v 0.617198 -0.340282 -0.508219
v 0.540432 -0.340282 -0.508219
v 0.540432 -0.335322 -0.526727
v 0.617198 -0.335322 -0.526727
v 0.540432 -0.321772 -0.540277
v 0.617198 -0.321772 -0.540277
v -0.079615 -0.391307 -0.457265
v -0.079615 -0.404961 -0.508219
v -0.111660 -0.398134 -0.457265
v -0.111660 -0.398134 -0.485799
v -0.111660 -0.398134 -0.530638
v -0.111660 -0.398134 -0.559173
v -0.079615 -0.391307 -0.559173
v -0.000504 0.634708 -0.073243
v 0.349079 0.634708 -0.073243
v 0.349079 0.634708 -0.633689
v -0.350087 0.634708 -0.073243
v -0.000504 0.634708 -0.633689
v -0.350087 0.634708 -0.633689
v 0.078606 -0.391307 -0.559173
v 0.078606 -0.404961 -0.508219
v 0.110651 -0.398134 -0.559173
v 0.110651 -0.398134 -0.530638
v 0.110651 -0.398134 -0.485799
v 0.110651 -0.398134 -0.457265
v 0.078606 -0.391307 -0.457265
v -0.177822 -0.470797 -0.485799
v -0.177822 -0.470797 -0.530638
v 0.104448 -0.484789 -0.559173
v 0.025235 -0.484789 -0.559173
v 0.176814 -0.470797 -0.530638
v 0.176814 -0.470797 -0.485799
v -0.013963 -0.477099 -0.591053
v -0.008986 -0.476984 -0.604576
v -0.008986 -0.476984 -0.604576
v -0.008986 -0.452684 -0.598048
v -0.009028 -0.452655 -0.602480
v -0.009028 -0.465601 -0.607763
v -0.006531 -0.454234 -0.647340
v -0.006531 -0.473649 -0.636628
v -0.009028 -0.470321 -0.633701
v -0.009028 -0.471319 -0.620522
v -0.006531 -0.462520 -0.610950
v -0.006531 -0.452626 -0.606911
v -0.006531 -0.442681 -0.610820
v -0.009028 -0.439642 -0.607594
v -0.008986 -0.436604 -0.604368
v -0.009028 -0.454190 -0.642925
v -0.006531 -0.466891 -0.620701
v -0.006531 -0.466995 -0.630773
v -0.006531 -0.454145 -0.638510
v 0.005523 -0.452626 -0.606911
v 0.005523 -0.442681 -0.610820
v 0.008019 -0.439642 -0.607594
v 0.008019 -0.452655 -0.602480
v 0.005523 -0.462520 -0.610950
v 0.008019 -0.465601 -0.607763
v 0.005523 -0.466891 -0.620701
v 0.008019 -0.471319 -0.620522
v 0.005523 -0.466995 -0.630773
v 0.008019 -0.470321 -0.633701
v 0.005523 -0.454145 -0.638510
v 0.008019 -0.454190 -0.642925
v 0.005523 -0.473649 -0.636628
v 0.005523 -0.454234 -0.647340
v 0.007978 -0.436604 -0.604368
v 0.007978 -0.452684 -0.598048
v 0.007978 -0.477099 -0.604576
v -0.343315 0.280989 0.114332
v -0.343315 0.296718 0.114332
v -0.313778 0.296718 0.114332
v -0.313778 0.280989 0.114332
v -0.385785 0.174131 0.152955
v -0.383888 0.174131 0.152955
v -0.080542 0.622384 -0.053069
v -0.082158 0.618376 -0.051717
v -0.082019 0.613474 -0.066608
v -0.080404 0.617483 -0.067959
v -0.087869 0.625036 -0.053958
v -0.083398 0.625714 -0.054190
v -0.083259 0.620813 -0.069080
v -0.087731 0.620135 -0.068848
v -0.086629 0.617697 -0.051486
v -0.086490 0.612797 -0.066376
v -0.089485 0.621028 -0.052606
v -0.089347 0.616126 -0.067496
v -0.086629 0.617697 -0.051486
v -0.086490 0.612797 -0.066376
v -0.380519 -0.192306 -0.054367
v -0.380519 -0.192306 0.136985
v -0.160233 -0.192306 0.136985
v -0.160233 -0.192306 -0.054367
v -0.380519 -0.255682 0.136985
v -0.160233 -0.255682 0.136985
v -0.380519 -0.255682 -0.054367
v -0.380519 -0.255682 0.136985
v -0.380519 -0.255682 -0.054367
v -0.160233 -0.255682 -0.054367
v -0.160233 -0.255682 0.136985
v -0.380519 -0.255682 0.136985
v -0.380519 -0.255682 -0.054367
v -0.160233 -0.192306 -0.054367
v -0.160233 -0.255682 -0.054367
v 0.064197 -0.337849 -0.672913
v 0.054298 -0.337849 -0.672913
v 0.054299 -0.308053 -0.672913
v -0.055315 -0.308053 -0.672913
v -0.064907 -0.337849 -0.672913
v -0.055316 -0.337849 -0.672913
v -0.055316 -0.361957 -0.647287
v -0.064907 -0.361957 -0.647287
v 0.054298 -0.361957 -0.647287
v 0.064197 -0.361957 -0.647287
v 0.064197 -0.361957 -0.589015
v 0.054298 -0.361957 -0.589015
v -0.055316 -0.361957 -0.589015
v -0.064907 -0.361957 -0.589015
v -0.007790 -0.424394 0.612220
v -0.007790 -0.424394 0.688851
v -0.029020 -0.397125 0.688851
v -0.029020 -0.397125 0.612220
v 0.273124 -0.445935 0.721538
v 0.292985 -0.443714 0.706193
v 0.292985 -0.468732 0.706193
v 0.273124 -0.466511 0.721538
v 0.310804 -0.443714 0.773695
v 0.310804 -0.431204 0.739356
v 0.292985 -0.431204 0.739356
v 0.292985 -0.443714 0.772520
v 0.273124 -0.445935 0.757176
v 0.273124 -0.435648 0.739356
v -0.275615 -0.445935 0.757176
v -0.275615 -0.435648 0.739356
v -0.295475 -0.443714 0.772520
v -0.295475 -0.431204 0.739356
v -0.313295 -0.443714 0.773695
v -0.313295 -0.431204 0.739356
v -0.275615 -0.466511 0.721538
v -0.275615 -0.445935 0.721538
v 0.310804 -0.443714 0.705018
v -0.295475 -0.443714 0.706193
v -0.313295 -0.443714 0.705018
v -0.302128 -0.440638 0.671644
v -0.301307 -0.444266 0.679392
v -0.300486 -0.440638 0.687139
v -0.301307 -0.438830 0.679392
v -0.348425 -0.451044 -1.104712
v -0.344870 -0.438978 -1.109233
v -0.324900 -0.444974 -1.109531
v -0.328456 -0.457041 -1.105011
v -0.320208 -0.428773 -1.121088
v -0.322625 -0.435789 -1.141718
v -0.342593 -0.429793 -1.141419
v -0.340178 -0.422777 -1.120789
v -0.351981 -0.462601 -1.110411
v -0.332012 -0.468598 -1.110709
v -0.353453 -0.466879 -1.122988
v -0.333485 -0.472875 -1.123287
v -0.328456 -0.454745 -1.151063
v -0.348425 -0.448748 -1.150764
v -0.351981 -0.461372 -1.135078
v -0.332012 -0.467368 -1.135377
v -0.348425 -0.449305 -1.139598
v -0.328456 -0.455301 -1.139897
v -0.334288 -0.474536 -1.143650
v -0.354257 -0.468539 -1.143351
v -0.344870 -0.437748 -1.133900
v -0.324900 -0.443744 -1.134199
v -0.343396 -0.433471 -1.121322
v -0.323428 -0.439467 -1.121621
v -0.336703 -0.483569 -1.123821
v -0.356673 -0.477573 -1.123522
v -0.343396 -0.433471 -1.121322
v -0.323428 -0.439467 -1.121621
v -0.334288 -0.476553 -1.103191
v -0.354257 -0.470557 -1.102891
v -0.328456 -0.457598 -1.093845
v -0.348425 -0.451602 -1.093546
v -0.322625 -0.437807 -1.101258
v -0.342593 -0.431810 -1.100959
v -0.342593 -0.431810 -1.100959
v -0.323944 -0.406633 -1.087496
v -0.330159 -0.403222 -1.090532
v -0.322625 -0.437807 -1.101258
v -0.316964 -0.407184 -1.090729
v -0.294172 -0.332723 -1.054164
v -0.301041 -0.332181 -1.050982
v -0.307158 -0.328824 -1.053969
v -0.340178 -0.422777 -1.120789
v -0.332520 -0.399290 -1.097037
v -0.328564 -0.397255 -1.103636
v -0.309481 -0.324955 -1.060371
v -0.305588 -0.322952 -1.066866
v -0.320208 -0.428773 -1.121088
v -0.321584 -0.397805 -1.106870
v -0.315369 -0.401218 -1.103834
v -0.298718 -0.323493 -1.070048
v -0.292602 -0.326851 -1.067061
v -0.322625 -0.437807 -1.101258
v -0.313009 -0.405149 -1.097329
v -0.316964 -0.407184 -1.090729
v -0.290280 -0.330720 -1.060659
v -0.294172 -0.332723 -1.054164
v 0.295022 -0.442276 0.678326
v 0.290354 -0.442276 0.682370
v 0.290354 -0.452416 0.682370
v 0.295022 -0.452416 0.678326
v 0.219453 -0.322498 1.206260
v -0.220461 -0.322498 1.206260
v -0.220461 -0.311820 1.206260
v 0.219453 -0.311820 1.206260
v -0.366474 -0.442655 -1.122298
v -0.366474 -0.445777 -1.114693
v -0.299289 -0.445777 -1.114693
v -0.299289 -0.442655 -1.122298
v -0.366474 -0.460964 -1.114647
v -0.366474 -0.464134 -1.122231
v -0.299289 -0.464134 -1.122231
v -0.299289 -0.460964 -1.114647
v -0.366474 -0.445824 -1.129882
v -0.299289 -0.445824 -1.129882
v -0.366474 -0.464134 -1.122231
v -0.366474 -0.461012 -1.129834
v -0.299289 -0.461012 -1.129834
v -0.299289 -0.464134 -1.122231
v -0.366474 -0.453361 -1.111525
v -0.299289 -0.453361 -1.111525
v -0.366474 -0.453428 -1.133003
v -0.299289 -0.453428 -1.133003
v -0.280693 0.036547 0.125305
v -0.291862 0.036547 0.114790
v -0.290602 0.036547 0.113147
v -0.279050 0.036547 0.124357
v -0.273284 0.036547 0.152956
v -0.271387 0.036547 0.152956
v -0.280693 0.036547 0.180607
v -0.279050 0.036547 0.181556
v -0.300935 0.036547 0.200849
v -0.299987 0.036547 0.202492
v -0.328586 0.036547 0.208259
v -0.328586 0.036547 0.210155
v -0.356237 0.036547 0.200849
v -0.357186 0.036547 0.202492
v -0.376479 0.036547 0.180607
v -0.378122 0.036547 0.181556
v -0.383889 0.036547 0.152956
v -0.385785 0.036547 0.152956
v -0.383722 0.036547 0.078090
v -0.385631 0.036547 0.078131
v -0.376479 0.296759 0.125305
v -0.362471 0.296718 0.114332
v -0.362471 0.296718 0.112709
v -0.378122 0.296759 0.124357
v -0.383889 0.296759 0.152956
v -0.385785 0.296759 0.152956
v -0.376479 0.296759 0.180607
v -0.378122 0.296759 0.181556
v -0.356237 0.296759 0.200849
v -0.357186 0.296759 0.202492
v -0.328586 0.296759 0.208259
v -0.328586 0.296759 0.210155
v -0.300935 0.296759 0.200849
v -0.299987 0.296759 0.202492
v -0.280693 0.296759 0.180607
v -0.279050 0.296759 0.181556
v -0.273284 0.296759 0.152956
v -0.271387 0.296759 0.152956
v -0.280693 0.296759 0.125305
v -0.279050 0.296759 0.124357
v -0.291862 0.296759 0.114790
v -0.290602 0.296759 0.113147
v -0.378122 0.284484 0.124357
v -0.378122 0.296759 0.124357
v -0.362471 0.296718 0.112709
v -0.362471 0.284594 0.112709
v -0.451931 -0.190006 0.144201
v -0.532823 -0.542490 0.144201
v -0.532823 -0.542490 0.144201
v -0.532823 -0.542490 0.136118
v -0.470494 -0.542490 0.136118
v -0.463623 -0.542490 0.144201
v -0.463623 -0.542490 0.119150
v -0.470494 -0.542490 0.119150
v -0.310274 -0.190006 0.144201
v -0.211964 -0.330289 1.090398
v -0.211964 -0.330289 1.133437
v 0.210956 -0.330289 1.133437
v 0.210956 -0.330289 1.090398
v -0.383888 0.174131 0.152955
v -0.385785 0.174131 0.152955
v -0.385785 0.284484 0.152955
v -0.383888 0.284484 0.152955
v -0.364597 -0.258374 -0.040112
v -0.364597 -0.250156 -0.040112
v -0.364597 -0.250156 0.137762
v -0.364597 -0.258374 0.137762
v 0.210956 -0.435003 1.090398
v 0.210956 -0.330289 1.133437
v 0.210956 -0.435003 1.133437
v -0.211964 -0.435003 1.090398
v -0.211964 -0.435003 1.133437
v -0.211964 -0.330289 1.133437
v -0.457369 -0.258374 -0.040112
v -0.457369 -0.258374 0.137762
v -0.457369 -0.250156 0.137762
v -0.457369 -0.250156 -0.040112
v -0.457369 -0.258374 -0.040112
v -0.364597 -0.258374 -0.040112
v -0.364597 -0.258374 0.137762
v 0.210956 -0.435003 1.133437
v -0.211964 -0.435003 1.133437
v -0.199272 -0.432537 0.454739
v -0.168138 -0.432537 0.454739
v -0.168138 -0.432537 0.708193
v -0.168138 -0.432537 0.770424
v -0.146719 -0.432537 0.708193
v -0.146719 -0.432537 0.770424
v -0.168138 -0.432537 1.092653
v -0.199272 -0.432537 1.092653
v -0.168373 -0.424746 0.708193
v -0.146954 -0.424746 0.708193
v -0.191746 -0.424746 1.092653
v -0.168373 -0.424746 1.092653
v -0.168373 -0.424746 0.770457
v -0.168373 -0.424746 0.708193
v -0.146954 -0.424746 0.770457
v -0.146954 -0.424746 0.708193
v -0.168373 -0.424746 0.454739
v -0.191746 -0.424746 0.454739
v -0.199518 -0.346138 1.092653
v -0.207926 -0.346138 1.092653
v -0.207926 -0.346138 0.684253
v -0.199481 -0.346138 0.684253
v -0.207946 -0.339044 0.575177
v -0.207926 -0.346138 0.575177
v -0.199481 -0.346138 0.575177
v -0.199538 -0.339044 0.575177
v -0.207946 -0.339044 1.092653
v -0.207946 -0.339044 0.684253
v -0.374838 -0.486480 -1.099847
v -0.374262 -0.439573 -1.205975
v -0.374299 -0.452836 -1.200482
v -0.374262 -0.466099 -1.205975
v -0.374320 -0.486480 -1.197484
v -0.374171 -0.483599 -1.219237
v -0.374171 -0.471592 -1.219237
v -0.374023 -0.474589 -1.240989
v -0.374080 -0.466099 -1.232499
v -0.373961 -0.452836 -1.250000
v -0.374043 -0.452836 -1.237993
v -0.374023 -0.431083 -1.240989
v -0.374080 -0.439573 -1.232499
v -0.374171 -0.422072 -1.219237
v -0.374171 -0.434079 -1.219237
v -0.374320 -0.419191 -1.197484
v -0.374838 -0.419191 -1.099847
v -0.210350 -0.452836 -0.521117
v -0.204967 -0.422072 -0.503150
v -0.204967 -0.434079 -0.503150
v -0.199584 -0.452836 -0.485183
v -0.196138 -0.452836 -0.473680
v -0.204967 -0.471592 -0.503150
v -0.204967 -0.483599 -0.503150
v -0.187864 -0.422072 -0.508274
v -0.245145 -0.419191 -0.699455
v -0.258637 -0.419191 -0.744486
v -0.357117 -0.419191 -1.102078
v -0.374838 -0.419191 -1.099847
v -0.356466 -0.419191 -1.197363
v -0.374320 -0.419191 -1.197484
v -0.374171 -0.422072 -1.219237
v -0.356318 -0.422072 -1.219115
v -0.374023 -0.431083 -1.240989
v -0.356169 -0.431083 -1.240868
v -0.204086 -0.419191 -0.720594
v -0.212719 -0.419191 -0.749407
v -0.079615 -0.303053 -0.429933
v -0.079615 -0.370850 -0.469076
v -0.079615 -0.370850 -0.547361
v -0.079615 -0.235255 -0.547361
v -0.079615 -0.235255 -0.469076
v -0.079615 -0.303053 -0.586504
v -0.187864 -0.434079 -0.508274
v -0.187864 -0.422072 -0.508274
v -0.179035 -0.452836 -0.478805
v -0.182481 -0.452836 -0.490307
v -0.187864 -0.483599 -0.508274
v -0.187864 -0.471592 -0.508274
v -0.193248 -0.452836 -0.526241
v -0.179035 -0.452836 -0.478805
v -0.196138 -0.452836 -0.473680
v -0.182481 -0.452836 -0.490307
v -0.187864 -0.471592 -0.508274
v -0.204967 -0.471592 -0.503150
v -0.199584 -0.452836 -0.485183
v -0.179035 -0.452836 -0.478805
v -0.196138 -0.452836 -0.473680
v -0.187864 -0.483599 -0.508274
v -0.187864 -0.434079 -0.508274
v -0.204967 -0.434079 -0.503150
v -0.212719 -0.486480 -0.749407
v -0.204086 -0.486480 -0.720594
v -0.245145 -0.486480 -0.699455
v -0.258637 -0.486480 -0.744486
v -0.374838 -0.486480 -1.099847
v -0.356169 -0.474589 -1.240868
v -0.374171 -0.483599 -1.219237
v -0.374023 -0.474589 -1.240989
v -0.356318 -0.483599 -1.219115
v -0.374320 -0.486480 -1.197484
v -0.356466 -0.486480 -1.197363
v -0.357117 -0.486480 -1.102078
v -0.193248 -0.452836 -0.526241
v -0.210350 -0.452836 -0.521117
v -0.204967 -0.471592 -0.503150
v -0.187864 -0.471592 -0.508274
v -0.362471 0.284594 0.114332
v -0.362471 0.296718 0.114332
v -0.376479 0.296759 0.125305
v -0.376479 0.284484 0.125305
v -0.383888 0.284484 0.152955
v -0.383889 0.296759 0.152956
v -0.383722 0.163549 0.106540
v -0.383722 0.163549 0.078146
v -0.383722 0.174131 0.078146
v -0.383888 0.174131 0.152955
v -0.383889 0.036547 0.152956
v -0.376479 0.036547 0.180607
v -0.376479 0.296759 0.180607
v -0.356237 0.036547 0.200849
v -0.356237 0.296759 0.200849
v -0.328586 0.036547 0.208259
v -0.328586 0.296759 0.208259
v -0.300935 0.036547 0.200849
v -0.300935 0.296759 0.200849
v -0.280693 0.036547 0.180607
v -0.280693 0.296759 0.180607
v -0.273284 0.036547 0.152956
v -0.273284 0.296759 0.152956
v -0.280693 0.036547 0.125305
v -0.280693 0.296759 0.125305
v -0.291862 0.036547 0.114790
v -0.291862 0.296759 0.114790
v -0.383722 0.047760 0.106540
v -0.383722 0.036547 0.078090
v -0.383722 0.047760 0.078090
v -0.385785 0.296759 0.152956
v -0.385785 0.284484 0.152955
v -0.385785 0.036547 0.152956
v -0.378122 0.296759 0.181556
v -0.378122 0.036547 0.181556
v -0.357186 0.296759 0.202492
v -0.357186 0.036547 0.202492
v -0.328586 0.296759 0.210155
v -0.328586 0.036547 0.210155
v -0.299987 0.296759 0.202492
v -0.299987 0.036547 0.202492
v -0.279050 0.296759 0.181556
v -0.279050 0.036547 0.181556
v -0.271387 0.296759 0.152956
v -0.271387 0.036547 0.152956
v -0.279050 0.296759 0.124357
v -0.279050 0.036547 0.124357
v -0.385631 0.163549 0.106580
v -0.385631 0.047760 0.106580
v -0.385631 0.036547 0.078131
v -0.385631 0.047760 0.078131
v -0.471275 -0.541595 -0.040112
v -0.471275 -0.533377 -0.040112
v -0.471275 -0.533377 0.137762
v -0.471275 -0.541595 0.137762
v -0.528139 -0.541595 -0.040112
v -0.528139 -0.541595 0.137762
v -0.528139 -0.533377 0.137762
v -0.528139 -0.533377 -0.040112
v -0.528139 -0.541595 -0.040112
v -0.471275 -0.541595 -0.040112
v -0.471275 -0.541595 0.137762
v -0.404597 -0.399984 -0.040112
v -0.404597 -0.391766 -0.040112
v -0.404597 -0.391766 0.137762
v -0.404597 -0.399984 0.137762
v -0.497369 -0.399984 -0.040112
v -0.497369 -0.399984 0.137762
v -0.497369 -0.391766 0.137762
v -0.497369 -0.391766 -0.040112
v -0.497369 -0.399984 -0.040112
v -0.404597 -0.399984 -0.040112
v -0.404597 -0.399984 0.137762
v -0.345985 -0.256296 0.119150
v -0.339114 -0.256296 0.119150
v -0.345985 -0.256296 0.136118
v -0.339114 -0.256296 0.136118
v -0.470494 -0.542490 0.136118
v -0.310274 -0.190006 0.144201
v -0.310274 -0.190006 0.136118
v -0.310274 -0.190006 0.136118
v -0.339114 -0.256296 0.136118
v -0.374043 -0.452836 -1.237993
v -0.374080 -0.466099 -1.232499
v -0.356227 -0.466099 -1.232378
v -0.356190 -0.452836 -1.237871
v -0.374080 -0.439573 -1.232499
v -0.356227 -0.439573 -1.232378
v -0.374171 -0.434079 -1.219237
v -0.356318 -0.434079 -1.219115
v -0.374262 -0.439573 -1.205975
v -0.356408 -0.439573 -1.205853
v -0.374299 -0.452836 -1.200482
v -0.356446 -0.452836 -1.200359
v -0.374262 -0.466099 -1.205975
v -0.356408 -0.466099 -1.205853
v -0.374171 -0.471592 -1.219237
v -0.356318 -0.471592 -1.219115
v -0.374171 -0.471592 -1.219237
v -0.356318 -0.471592 -1.219115
v -0.356108 -0.452836 -1.249878
v -0.373961 -0.452836 -1.250000
v -0.356108 -0.452836 -1.249878
v -0.373961 -0.452836 -1.250000
v -0.238977 -0.106337 -0.926418
v -0.204881 -0.109882 -0.941918
v -0.234977 -0.092320 -0.919206
v -0.213276 -0.026556 -0.886509
v -0.229708 -0.100380 -0.926302
v -0.209734 -0.102457 -0.935382
v -0.199672 -0.095991 -0.935255
v -0.177971 -0.030227 -0.902559
v -0.182697 -0.011529 -0.917232
v -0.178226 -0.018710 -0.905755
v -0.171165 -0.019444 -0.908965
v -0.175636 -0.012263 -0.920442
v -0.229708 -0.100380 -0.926302
v -0.209734 -0.102457 -0.935382
v -0.225063 -0.007123 -0.897972
v -0.220592 -0.014305 -0.886495
v -0.213531 -0.015039 -0.889705
v -0.218002 -0.007857 -0.901182
v -0.182697 -0.011529 -0.917232
v -0.175636 -0.012263 -0.920442
v -0.225063 -0.007123 -0.897972
v -0.218002 -0.007857 -0.901182
v -0.159702 -0.117763 -0.712090
v -0.159702 -0.095699 -0.702951
v -0.159702 -0.073636 -0.712090
v -0.159702 -0.064497 -0.734153
v -0.159702 -0.065261 -0.752748
v -0.159702 -0.104073 -0.768825
v -0.147793 -0.059664 -0.771716
v -0.147829 -0.097022 -0.786400
v -0.159702 -0.117763 -0.756216
v -0.159702 -0.126901 -0.734153
v -0.116272 -0.126901 -0.734153
v -0.116272 -0.117763 -0.712090
v -0.159702 -0.117763 -0.712090
v -0.159702 -0.126901 -0.734153
v -0.213142 -0.016482 -0.916143
v -0.208598 -0.012568 -0.907213
v -0.207762 -0.003716 -0.907420
v -0.215179 -0.010107 -0.921998
v -0.215792 -0.026299 -0.919653
v -0.219506 -0.026132 -0.927729
v -0.214997 -0.036266 -0.915688
v -0.218208 -0.042405 -0.921256
v -0.211222 -0.040547 -0.906570
v -0.212045 -0.049392 -0.906371
v -0.206678 -0.036632 -0.897641
v -0.205828 -0.047447 -0.893382
v -0.204028 -0.026816 -0.894130
v -0.199101 -0.022530 -0.884472
v -0.200624 -0.054855 -0.875924
v -0.193755 -0.027924 -0.867413
v -0.157412 -0.085690 -0.811248
v -0.152883 -0.052382 -0.800448
v -0.204823 -0.016848 -0.898095
v -0.201599 -0.010704 -0.892535
v -0.116272 -0.095699 -0.702951
v -0.159702 -0.095699 -0.702951
v -0.206178 -0.043661 -0.926826
v -0.212045 -0.049392 -0.906371
v -0.218208 -0.042405 -0.921256
v -0.200015 -0.050648 -0.911940
v -0.205828 -0.047447 -0.893382
v -0.193799 -0.048702 -0.898953
v -0.185157 -0.056470 -0.883086
v -0.200624 -0.054855 -0.875924
v -0.140230 -0.085690 -0.818320
v -0.157412 -0.085690 -0.811248
v -0.128147 -0.097022 -0.786400
v -0.147829 -0.097022 -0.786400
v -0.116272 -0.104073 -0.768825
v -0.159702 -0.104073 -0.768825
v -0.159702 -0.117763 -0.756216
v -0.116272 -0.117763 -0.756216
v -0.211222 -0.040547 -0.906570
v -0.206678 -0.036632 -0.897641
v -0.218775 -0.031682 -0.896113
v -0.221595 -0.034113 -0.901657
v -0.215792 -0.026299 -0.919653
v -0.214997 -0.036266 -0.915688
v -0.223939 -0.031455 -0.907319
v -0.224433 -0.025266 -0.909781
v -0.184847 -0.037950 -0.918672
v -0.182026 -0.035519 -0.913127
v -0.194635 -0.037889 -0.903216
v -0.199179 -0.041804 -0.912146
v -0.204028 -0.026816 -0.894130
v -0.217128 -0.025587 -0.893933
v -0.187685 -0.029103 -0.926796
v -0.187191 -0.035292 -0.924334
v -0.202954 -0.037524 -0.921264
v -0.203749 -0.027557 -0.925229
v -0.180381 -0.029424 -0.910947
v -0.191985 -0.028073 -0.899706
v -0.207476 -0.027388 -0.933299
v -0.219506 -0.026132 -0.927729
v -0.204823 -0.016848 -0.898095
v -0.217622 -0.019398 -0.896395
v -0.186039 -0.023008 -0.924616
v -0.201099 -0.017740 -0.921719
v -0.180875 -0.023235 -0.913409
v -0.192780 -0.018105 -0.903671
v -0.208598 -0.012568 -0.907213
v -0.219967 -0.016740 -0.902057
v -0.213142 -0.016482 -0.916143
v -0.222788 -0.019171 -0.907601
v -0.183218 -0.020577 -0.919071
v -0.196555 -0.013825 -0.912789
v -0.203150 -0.011363 -0.927568
v -0.207476 -0.027388 -0.933299
v -0.219506 -0.026132 -0.927729
v -0.215179 -0.010107 -0.921998
v -0.184847 -0.037950 -0.918672
v -0.199179 -0.041804 -0.912146
v -0.211222 -0.040547 -0.906570
v -0.221595 -0.034113 -0.901657
v -0.189570 -0.011959 -0.898105
v -0.195732 -0.004972 -0.912990
v -0.207762 -0.003716 -0.907420
v -0.201599 -0.010704 -0.892535
v -0.027215 -0.051507 -0.777186
v -0.027215 0.026197 -0.673728
v 0.026206 0.026197 -0.673728
v 0.026206 -0.051507 -0.777186
v -0.116407 -0.136036 -0.777186
v 0.115399 -0.136036 -0.777186
v 0.115399 -0.136036 -0.660416
v -0.116407 -0.136036 -0.660416
v -0.027215 0.075037 -0.673728
v -0.027215 0.075037 -0.660416
v 0.026206 0.075037 -0.660416
v 0.026206 0.075037 -0.673728
v -0.116407 -0.051441 -0.660416
v -0.116407 -0.051507 -0.777186
v -0.116407 -0.136036 -0.660416
v 0.115399 -0.051441 -0.660416
v 0.115399 -0.051507 -0.777186
v 0.115399 -0.136036 -0.660416
v 0.026502 0.021282 -0.776963
v 0.040318 0.021282 -0.776963
v 0.026502 0.021282 -0.776963
v 0.026502 0.021282 -0.660956
v 0.035273 -0.002290 -0.761062
v 0.035273 0.001582 -0.754356
v -0.036281 0.001582 -0.754356
v -0.036281 -0.002290 -0.761062
v 0.035273 0.009325 -0.767768
v 0.035273 0.001582 -0.767768
v -0.036281 0.001582 -0.767768
v -0.036281 0.009325 -0.767768
v 0.035273 0.009325 -0.754356
v -0.036281 0.009325 -0.754356
v 0.035273 0.013197 -0.761062
v -0.036281 0.013197 -0.761062
v 0.035273 -0.002290 -0.761062
v -0.036281 -0.002290 -0.761062
v -0.054903 -0.180170 -0.676121
v 0.053894 -0.180170 -0.676121
v -0.054903 -0.180170 -0.663206
v 0.053894 -0.180170 -0.663206
v -0.301307 -0.444266 0.679392
v -0.281014 -0.445015 0.677241
v -0.260928 -0.448429 0.675112
v -0.031763 -0.446476 0.650337
v 0.012479 -0.093410 -0.794056
v 0.012523 -0.055372 -0.790645
v 0.008707 -0.059265 -0.782296
v 0.017857 -0.087924 -0.805823
v 0.008707 -0.051479 -0.798993
v 0.012479 -0.082437 -0.817590
v -0.000504 -0.049867 -0.802451
v -0.000504 -0.080164 -0.822465
v -0.009716 -0.051479 -0.798993
v -0.013487 -0.082437 -0.817590
v -0.013532 -0.055372 -0.790645
v -0.018866 -0.087924 -0.805823
v -0.009716 -0.059265 -0.782296
v -0.013487 -0.093410 -0.794056
v -0.000504 -0.060878 -0.778838
v -0.000504 -0.095683 -0.789182
v -0.000504 -0.321118 -0.894304
v -0.009716 -0.349802 -0.917775
v -0.000504 -0.351414 -0.914317
v -0.013487 -0.318845 -0.899179
v -0.018866 -0.313358 -0.910946
v -0.013487 -0.307871 -0.922712
v -0.000504 -0.305598 -0.927586
v 0.012479 -0.307871 -0.922712
v 0.017857 -0.313358 -0.910946
v 0.012479 -0.318845 -0.899179
v -0.000504 -0.321118 -0.894304
v -0.000504 -0.095683 -0.789182
v -0.000504 -0.060878 -0.778838
v -0.000504 -0.351414 -0.914317
v 0.008707 -0.349802 -0.917775
v 0.012523 -0.345909 -0.926124
v 0.008707 -0.342016 -0.934472
v -0.000504 -0.340403 -0.937931
v -0.009716 -0.342016 -0.934472
v -0.013532 -0.345909 -0.926124
v -0.008133 -0.385199 -0.930473
v -0.008133 -0.376075 -0.933996
v 0.007124 -0.376075 -0.933996
v 0.007124 -0.385199 -0.930473
v 0.007124 -0.363936 -0.942740
v 0.007124 -0.369714 -0.957706
v -0.008133 -0.369714 -0.957706
v -0.008133 -0.363936 -0.942740
v -0.008133 -0.394142 -0.934433
v 0.007124 -0.394142 -0.934433
v -0.008133 -0.397665 -0.943558
v 0.007124 -0.397665 -0.943558
v 0.007124 -0.384382 -0.964201
v -0.008133 -0.384382 -0.964201
v -0.008133 -0.393704 -0.952500
v -0.008133 -0.397665 -0.943558
v 0.007124 -0.397665 -0.943558
v 0.007124 -0.393704 -0.952500
v -0.008133 -0.384580 -0.956024
v 0.007124 -0.384580 -0.956024
v 0.007124 -0.399346 -0.958423
v -0.008133 -0.399346 -0.958423
v -0.008133 -0.375637 -0.952062
v 0.007124 -0.375637 -0.952062
v -0.008133 -0.372115 -0.942938
v 0.007124 -0.372115 -0.942938
v 0.007124 -0.405843 -0.943756
v -0.008133 -0.405843 -0.943756
v 0.007124 -0.400065 -0.928791
v -0.008133 -0.400065 -0.928791
v 0.007124 -0.385397 -0.922295
v -0.008133 -0.385397 -0.922295
v 0.007124 -0.370433 -0.928073
v -0.008133 -0.370433 -0.928073
v 0.007124 -0.348710 -0.918452
v -0.008133 -0.348710 -0.918452
v 0.007124 -0.369714 -0.957706
v 0.007124 -0.372115 -0.942938
v 0.007124 -0.375637 -0.952062
v 0.007124 -0.384382 -0.964201
v 0.007124 -0.384580 -0.956024
v 0.007124 -0.399346 -0.958423
v 0.007124 -0.393704 -0.952500
v 0.007124 -0.405843 -0.943756
v 0.007124 -0.397665 -0.943558
v 0.007124 -0.400065 -0.928791
v 0.007124 -0.394142 -0.934433
v 0.007124 -0.385397 -0.922295
v 0.007124 -0.385199 -0.930473
v 0.007124 -0.370433 -0.928073
v 0.007124 -0.376075 -0.933996
v 0.007124 -0.363936 -0.942740
v 0.007124 -0.342214 -0.933119
v 0.007124 -0.348710 -0.918452
v -0.008133 -0.342214 -0.933119
v 0.007124 -0.342214 -0.933119
v -0.008133 0.006274 -0.773912
v -0.008133 -0.002976 -0.770738
v 0.007124 -0.002976 -0.770738
v 0.007124 0.006274 -0.773912
v 0.007124 -0.015438 -0.762460
v 0.007124 -0.010232 -0.747287
v -0.008133 -0.010232 -0.747287
v -0.008133 -0.015438 -0.762460
v -0.008133 0.015060 -0.769615
v 0.007124 0.015060 -0.769615
v -0.008133 0.018235 -0.760364
v 0.007124 0.018235 -0.760364
v 0.007124 0.004178 -0.740239
v -0.008133 0.004178 -0.740239
v -0.008133 0.013938 -0.751578
v 0.007124 0.013938 -0.751578
v -0.008133 0.004687 -0.748403
v 0.007124 0.004687 -0.748403
v 0.007124 0.019352 -0.745445
v -0.008133 0.019352 -0.745445
v -0.008133 -0.004099 -0.752701
v 0.007124 -0.004099 -0.752701
v -0.008133 -0.007274 -0.761951
v 0.007124 -0.007274 -0.761951
v 0.007124 0.026400 -0.759856
v -0.008133 0.026400 -0.759856
v -0.008133 -0.007274 -0.761951
v 0.007124 -0.007274 -0.761951
v 0.007124 0.021193 -0.775030
v -0.008133 0.021193 -0.775030
v 0.007124 0.006783 -0.782077
v -0.008133 0.006783 -0.782077
v 0.007124 -0.008390 -0.776871
v -0.008133 -0.008390 -0.776871
v 0.007124 -0.054828 -0.799581
v -0.008133 -0.054828 -0.799581
v 0.007124 -0.010232 -0.747287
v 0.007124 -0.007274 -0.761951
v 0.007124 -0.004099 -0.752701
v 0.007124 0.004178 -0.740239
v 0.007124 0.004687 -0.748403
v 0.007124 0.019352 -0.745445
v 0.007124 0.013938 -0.751578
v 0.007124 0.026400 -0.759856
v 0.007124 0.018235 -0.760364
v 0.007124 0.021193 -0.775030
v 0.007124 0.015060 -0.769615
v 0.007124 0.006783 -0.782077
v 0.007124 0.006274 -0.773912
v 0.007124 -0.008390 -0.776871
v 0.007124 -0.002976 -0.770738
v 0.007124 -0.015438 -0.762460
v 0.007124 -0.061876 -0.785171
v 0.007124 -0.054828 -0.799581
v -0.008133 -0.061876 -0.785171
v 0.007124 -0.061876 -0.785171
v 0.059771 -0.493634 0.739356
v 0.059771 -0.474928 0.771755
v 0.059771 -0.478839 0.778528
v 0.059771 -0.516564 0.771962
v 0.059771 -0.516564 0.706750
v 0.059771 -0.474928 0.706958
v 0.059771 -0.456222 0.701946
v 0.059771 -0.456222 0.694125
v 0.059771 -0.437517 0.706958
v 0.059771 -0.433607 0.700185
v 0.059771 -0.410992 0.739356
v 0.059771 -0.418812 0.739356
v 0.059771 -0.437517 0.771755
v 0.059771 -0.433607 0.778528
v 0.059771 -0.433607 0.793339
v 0.059771 -0.478839 0.793339
v -0.347962 -0.260037 -0.616441
v -0.324589 -0.260037 -0.616441
v -0.324354 -0.266280 -0.616441
v -0.355488 -0.266280 -0.616441
v -0.355734 -0.191369 -0.616441
v -0.347962 -0.197612 -0.616441
v -0.324589 -0.197612 -0.616441
v -0.324158 -0.191369 -0.616441
v -0.355488 -0.266280 -0.054172
v -0.324354 -0.266280 -0.054172
v -0.324589 -0.260037 -0.054172
v -0.347962 -0.260037 -0.054172
v -0.347962 -0.197612 -0.054172
v -0.355734 -0.191369 -0.054172
v -0.324158 -0.191369 -0.054172
v -0.324589 -0.197612 -0.054172
v -0.347962 -0.197612 -0.616441
v -0.324589 -0.197612 -0.616441
v -0.324589 -0.197612 -0.054172
v -0.347962 -0.197612 -0.054172
v -0.347962 -0.260037 -0.616441
v -0.347962 -0.260037 -0.054172
v -0.324589 -0.260037 -0.054172
v -0.324589 -0.260037 -0.616441
v -0.355488 -0.266280 -0.616441
v -0.324354 -0.266280 -0.616441
v -0.324354 -0.266280 -0.054172
v -0.355488 -0.266280 -0.054172
v -0.324158 -0.191369 -0.616441
v -0.324158 -0.191369 -0.054172
v -0.355734 -0.191369 -0.054172
v -0.355734 -0.191369 -0.616441
v -0.324589 -0.260037 -0.054172
v -0.324589 -0.260037 -0.616441
v -0.062262 -0.478839 0.793339
v 0.059771 -0.478839 0.793339
v -0.204083 -0.404291 0.635817
v -0.209045 -0.408123 0.621085
v -0.202432 -0.410901 0.634463
v -0.209045 -0.394911 0.623830
v -0.218626 -0.359596 0.453799
v -0.218626 -0.372809 0.451055
v -0.202432 -0.397689 0.637207
v -0.202432 -0.402841 0.662011
v -0.202432 -0.416054 0.659267
v -0.202432 -0.402841 0.662011
v -0.202432 -0.416054 0.659267
v -0.199130 -0.416061 0.659303
v -0.199130 -0.402848 0.662047
v -0.202432 -0.384390 0.683790
v -0.202432 -0.389203 0.671183
v -0.199130 -0.389237 0.671196
v -0.199130 -0.384425 0.683803
v -0.308284 -0.349216 0.402337
v -0.299241 -0.361338 0.394344
v -0.308284 -0.362428 0.399593
v -0.299241 -0.348125 0.397088
v -0.274937 -0.361343 0.394371
v -0.274937 -0.348131 0.397115
v -0.097129 -0.471018 0.713730
v 0.152580 -0.435295 1.218604
v -0.299241 -0.136581 0.574434
v -0.308284 -0.136778 0.588953
v -0.299241 -0.131769 0.587041
v -0.274937 -0.136608 0.574444
v -0.274937 -0.131795 0.587051
v -0.202432 -0.365535 0.662149
v -0.202432 -0.389203 0.671183
v -0.209045 -0.352771 0.657277
v -0.218626 -0.190529 0.595348
v -0.202432 -0.384390 0.683790
v -0.202432 -0.360723 0.674756
v -0.209045 -0.347958 0.669884
v -0.218626 -0.185716 0.607955
v -0.275870 -0.139021 0.589810
v -0.299241 -0.139048 0.589820
v -0.062262 -0.474928 0.771755
v -0.097129 -0.471018 0.764983
v -0.097129 -0.485813 0.739356
v -0.062262 -0.493634 0.739356
v -0.097129 -0.485813 0.739356
v -0.062262 -0.493634 0.739356
v 0.094638 -0.471018 0.713730
v -0.402273 -0.350417 -0.456579
v -0.402273 -0.279335 -0.456579
v -0.355689 -0.339927 -0.456579
v -0.355689 -0.339927 -0.559798
v -0.355689 -0.202120 -0.559798
v -0.355689 -0.202120 -0.456579
v -0.366517 -0.232751 -0.456579
v -0.355689 -0.202120 -0.456579
v -0.366517 -0.202120 -0.456579
v -0.355689 -0.339927 -0.456579
v -0.303152 -0.339927 -0.456579
v -0.303152 -0.350417 -0.456579
v -0.366517 -0.232751 -0.456579
v -0.366517 -0.232751 -0.559798
v -0.303152 -0.339927 -0.456579
v -0.303152 -0.339927 -0.559798
v -0.366517 -0.202120 -0.456579
v -0.366517 -0.202120 -0.559798
v -0.303152 -0.350417 -0.456579
v -0.303152 -0.350417 -0.559798
v -0.366517 -0.202120 -0.559798
v -0.366517 -0.202120 -0.456579
v -0.402273 -0.350417 -0.456579
v -0.402273 -0.350417 -0.559798
v -0.303152 -0.350417 -0.559798
v -0.303152 -0.350417 -0.456579
v -0.275870 -0.362916 0.401944
v -0.299241 -0.362923 0.401972
v -0.202432 -0.402841 0.662011
v -0.202432 -0.397689 0.637207
v -0.209045 -0.394911 0.623830
v -0.218626 -0.359596 0.453799
v -0.275870 -0.349704 0.404689
v -0.299241 -0.349710 0.404716
v -0.308284 -0.349216 0.402337
v -0.299241 -0.349710 0.404716
v -0.275870 -0.349704 0.404689
v -0.033933 -0.390685 0.679041
v 0.032905 -0.390685 0.679041
v 0.032905 -0.379064 0.650536
v -0.033933 -0.379064 0.650536
v -0.204083 -0.363112 0.668446
v -0.202432 -0.384390 0.683790
v -0.202432 -0.360723 0.674756
v -0.209045 -0.347958 0.669884
v -0.218626 -0.185716 0.607955
v -0.324240 -0.197612 -0.350216
v -0.324240 -0.260037 -0.350216
v 0.323751 -0.266280 -0.373824
v -0.313295 -0.468732 0.773695
v -0.295475 -0.468732 0.772520
v 0.310804 -0.468732 0.705018
v 0.310804 -0.481241 0.739356
v 0.292985 -0.481241 0.739356
v 0.273124 -0.476798 0.739356
v -0.275615 -0.476798 0.739356
v -0.295475 -0.481241 0.739356
v -0.295475 -0.468732 0.706193
v -0.313295 -0.468732 0.705018
v -0.313295 -0.481241 0.739356
v -0.204083 -0.373858 0.643677
v -0.209045 -0.359898 0.637605
v -0.218626 -0.247854 0.504928
v -0.202432 -0.368714 0.648044
v -0.202432 -0.385059 0.667399
v 0.285685 -0.442276 0.678326
v 0.285685 -0.452416 0.678326
v -0.202432 -0.385059 0.667399
v -0.202432 -0.395369 0.658692
v -0.199130 -0.395393 0.658720
v -0.199130 -0.385082 0.667427
v 0.032905 -0.422517 0.679041
v -0.033933 -0.422517 0.679041
v -0.033933 -0.449786 0.657811
v 0.032905 -0.449786 0.657811
v -0.308284 -0.214211 0.464625
v -0.299241 -0.215780 0.466481
v -0.275870 -0.215762 0.466460
v -0.313295 -0.481241 0.739356
v -0.295475 -0.481241 0.739356
v -0.275615 -0.476798 0.739356
v -0.275615 -0.466511 0.757176
v 0.273124 -0.476798 0.739356
v 0.273124 -0.466511 0.757176
v 0.292985 -0.481241 0.739356
v 0.292985 -0.468732 0.772520
v 0.310804 -0.468732 0.773695
v 0.310804 -0.481241 0.739356
v -0.210301 -0.355290 0.708193
v -0.210301 -0.355290 0.770522
v -0.199474 -0.355290 0.770522
v -0.199474 -0.355290 0.708193
v -0.246058 -0.490438 0.770522
v -0.246058 -0.490438 0.708193
v -0.146936 -0.490438 0.708193
v -0.146936 -0.490438 0.770522
v 0.198473 -0.346138 0.684253
v 0.198529 -0.339044 0.684253
v 0.206938 -0.339044 0.684253
v 0.206917 -0.346138 0.684253
v -0.033933 -0.449786 0.643260
v 0.032905 -0.449786 0.643260
v 0.290354 -0.442276 0.674283
v 0.290354 -0.452416 0.674283
v -0.220461 -0.450586 1.136669
v -0.220461 -0.322498 1.105505
v 0.219453 -0.322498 1.105505
v 0.219453 -0.450586 1.136669
v -0.029020 -0.336081 0.688851
v -0.029020 -0.336081 0.612220
v -0.305546 0.055619 0.112709
v -0.385631 0.047760 0.106580
v -0.383722 0.047760 0.106540
v -0.383722 0.047760 0.078090
v -0.385631 0.047760 0.078131
v -0.305546 0.055619 0.112709
v -0.351548 0.055619 0.112709
v -0.280484 -0.460431 0.669805
v -0.280484 -0.452015 0.669805
v -0.280484 -0.452015 0.688305
v -0.280484 -0.460431 0.688305
v -0.332537 -0.487387 0.662938
v -0.311109 -0.487387 0.662938
v -0.311109 -0.487387 0.782725
v -0.332537 -0.487387 0.782725
v -0.332537 -0.487387 0.782725
v -0.311109 -0.425058 0.782725
v -0.332537 -0.425058 0.782725
v -0.311109 -0.425058 0.662938
v -0.332537 -0.425058 0.662938
v -0.332537 -0.425058 0.782725
v -0.310918 -0.486146 0.662938
v -0.310918 -0.452015 0.662938
v -0.310918 -0.486146 0.662938
v -0.310918 -0.486146 0.702039
v -0.340546 0.033090 0.117069
v -0.359386 0.033090 0.130756
v -0.359386 0.280307 0.130756
v -0.340547 0.280307 0.117069
v -0.317259 0.033090 0.188739
v -0.298419 0.033090 0.175051
v -0.298419 0.280307 0.175051
v -0.317259 0.280307 0.188739
v -0.291223 0.033090 0.152904
v -0.291223 0.280307 0.152904
v -0.291362 -0.452417 0.682370
v -0.286693 -0.452417 0.678326
v -0.286693 -0.442276 0.678326
v -0.291362 -0.442276 0.682370
v -0.298419 0.033090 0.130756
v -0.298419 0.280307 0.130756
v -0.345985 -0.256296 -0.022366
v -0.339114 -0.256296 -0.039334
v -0.345985 -0.256296 -0.039334
v -0.470494 -0.542490 -0.039334
v 0.201351 0.067745 0.243022
v 0.201351 0.071703 0.246981
v 0.220392 0.071703 0.246981
v 0.221192 0.067745 0.243103
v 0.232746 0.071703 0.252304
v 0.235545 0.067745 0.249504
v 0.238069 0.071703 0.264656
v 0.241946 0.067745 0.263857
v 0.238069 0.071703 0.369406
v 0.241946 0.067745 0.370205
v 0.232746 0.071703 0.381759
v 0.235545 0.067745 0.384558
v 0.220392 0.071703 0.387082
v 0.221192 0.067745 0.390960
v 0.201351 0.071703 0.387082
v 0.220392 0.063786 0.387082
v 0.201351 0.067745 0.391041
v 0.232746 0.063786 0.381759
v 0.238069 0.063786 0.369406
v 0.238069 0.063786 0.264656
v 0.232746 0.063786 0.252304
v 0.220392 0.063786 0.246981
v 0.201351 0.063786 0.246981
v 0.201351 0.071703 0.246981
v 0.220392 0.071703 0.387082
v 0.201351 0.067745 0.383123
v 0.201351 0.071703 0.387082
v 0.232746 0.071703 0.381759
v 0.219593 0.067745 0.383205
v 0.201351 0.063786 0.387082
v 0.229946 0.067745 0.378960
v 0.238069 0.071703 0.369406
v 0.234191 0.067745 0.368606
v 0.238069 0.071703 0.264656
v 0.234191 0.067745 0.265457
v 0.232746 0.071703 0.252304
v 0.229946 0.067745 0.255102
v 0.220392 0.071703 0.246981
v 0.219593 0.067745 0.250858
v 0.201351 0.067745 0.250939
v -0.386379 0.664325 0.206688
v -0.391231 0.667304 0.198587
v -0.365828 0.657734 0.180065
v -0.360976 0.654754 0.188164
v -0.384800 0.656617 0.212698
v -0.359396 0.647046 0.194175
v -0.387097 0.647124 0.214322
v -0.361694 0.637554 0.195800
v -0.392394 0.639473 0.210942
v -0.366990 0.629903 0.192418
v -0.398665 0.636585 0.203846
v -0.373262 0.627015 0.185322
v -0.403518 0.639565 0.195746
v -0.378115 0.629994 0.177223
v -0.405097 0.647272 0.189736
v -0.379694 0.637702 0.171212
v -0.402799 0.656764 0.188111
v -0.377396 0.647194 0.169588
v -0.397504 0.664416 0.191492
v -0.372100 0.654845 0.172969
v -0.391231 0.667304 0.198587
v -0.365828 0.657734 0.180065
v -0.191746 -0.346835 0.454739
v -0.191746 -0.346835 1.092653
v -0.168373 -0.346835 0.454739
v -0.168373 -0.346835 1.092653
v -0.207926 -0.346138 0.684253
v -0.207946 -0.339044 0.684253
v -0.199538 -0.339044 0.684253
v -0.199481 -0.346138 0.684253
v -0.199982 -0.346835 0.425025
v -0.199982 -0.339044 0.424594
v 0.199095 -0.339044 0.424594
v 0.199095 -0.346835 0.425025
v -0.199982 -0.339044 0.456189
v 0.199095 -0.339044 0.456189
v -0.199982 -0.432537 0.455924
v 0.199095 -0.432537 0.455924
v 0.199095 -0.339044 0.456189
v -0.199982 -0.339044 0.456189
v -0.199982 -0.432537 0.424790
v 0.199095 -0.432537 0.424790
v -0.199982 -0.424746 0.425025
v 0.199095 -0.424746 0.425025
v 0.219453 -0.450586 1.218877
v -0.220461 -0.450586 1.218877
v -0.351548 0.055619 0.112709
v 0.027992 -0.397125 0.688851
v 0.027992 -0.397125 0.612220
v 0.027992 -0.336081 0.612220
v 0.027992 -0.336081 0.688851
v -0.294623 0.296718 0.114332
v -0.383722 0.036547 0.078090
v -0.383722 0.047760 0.078090
v -0.294623 0.296718 0.112709
v -0.313778 0.296718 0.112709
v 0.006762 -0.424394 0.612220
v 0.006762 -0.424394 0.688851
v 0.198510 -0.346138 0.454739
v 0.198626 -0.339044 0.454739
v 0.206938 -0.339044 0.454739
v 0.206917 -0.346138 0.454739
v 0.166934 -0.339044 0.454739
v 0.198626 -0.339044 0.454739
v 0.190738 -0.346835 0.454739
v 0.167365 -0.346835 0.454739
v 0.190738 -0.424746 0.454739
v 0.198264 -0.432537 0.454739
v 0.167365 -0.424746 0.454739
v 0.167130 -0.432537 0.454739
v -0.384112 0.180163 0.086920
v -0.384112 0.009014 0.086920
v -0.358902 0.180163 0.086894
v -0.384112 0.180163 0.086920
v -0.384112 0.180163 0.068075
v -0.384112 0.009014 0.068075
v -0.246058 -0.490438 0.770522
v -0.246058 -0.432505 0.770522
v -0.199474 -0.479948 0.770522
v -0.199474 -0.479948 0.708193
v -0.210301 -0.385921 0.770522
v -0.199474 -0.355290 0.770522
v -0.210301 -0.355290 0.770522
v -0.199474 -0.479948 0.770522
v -0.146936 -0.479948 0.770522
v -0.146936 -0.490438 0.770522
v -0.210301 -0.385921 0.770522
v -0.210301 -0.385921 0.708193
v -0.146936 -0.479948 0.770522
v -0.146936 -0.479948 0.708193
v -0.210301 -0.355290 0.770522
v -0.210301 -0.355290 0.708193
v -0.146936 -0.490438 0.770522
v -0.146936 -0.490438 0.708193
v -0.286558 -0.049841 0.136449
v -0.265629 -0.046029 0.136243
v -0.267276 -0.056635 0.136593
v -0.200292 -0.058505 0.136326
v -0.200292 -0.047371 0.136354
v -0.264265 -0.037245 0.142268
v -0.200292 -0.038381 0.142746
v -0.281313 -0.040470 0.136370
v -0.318464 -0.002665 0.136538
v -0.327925 -0.007741 0.136289
v -0.333778 0.012051 0.136189
v -0.200292 -0.034968 0.153060
v -0.263705 -0.033638 0.152368
v -0.264163 -0.036586 0.162684
v -0.277046 -0.032849 0.142618
v -0.310939 0.001374 0.143049
v -0.323172 0.013669 0.136662
v -0.323216 0.562792 0.136691
v -0.333909 0.561917 0.136222
v -0.340851 0.601040 0.141238
v -0.330677 0.604399 0.141974
v -0.356632 0.628733 0.152717
v -0.347863 0.634720 0.154324
v -0.378084 0.647811 0.168384
v -0.371225 0.655557 0.171265
v -0.403464 0.657173 0.187001
v -0.342634 0.010700 0.142112
v -0.327925 -0.007741 0.136289
v -0.335707 -0.011917 0.142400
v -0.290779 -0.057381 0.142825
v -0.286558 -0.049841 0.136449
v -0.267276 -0.056635 0.136593
v -0.268577 -0.065012 0.143186
v -0.200292 -0.058505 0.136326
v -0.200292 -0.067530 0.142673
v -0.269035 -0.067961 0.153502
v -0.200292 -0.070998 0.152969
v -0.268475 -0.064353 0.163602
v -0.200292 -0.067585 0.163283
v -0.267111 -0.055569 0.169628
v -0.200292 -0.058594 0.169676
v -0.265464 -0.044963 0.169277
v -0.200292 -0.047460 0.169704
v -0.200292 -0.038435 0.163357
v -0.292363 -0.060212 0.153063
v -0.290706 -0.057250 0.163251
v -0.286439 -0.049629 0.169500
v -0.281194 -0.040258 0.169421
v -0.276972 -0.032717 0.163045
v -0.275388 -0.029888 0.152807
v -0.308223 0.002831 0.153336
v -0.314867 0.014936 0.143351
v -0.314807 0.563089 0.143363
v -0.319127 0.604114 0.158819
v -0.322162 0.600578 0.168495
v -0.315589 0.561759 0.163731
v -0.336012 0.634433 0.170959
v -0.339987 0.636898 0.161292
v -0.322380 0.605573 0.148689
v -0.311894 0.562694 0.153692
v -0.312035 0.015368 0.153701
v -0.311355 0.001151 0.163470
v -0.319136 -0.003025 0.169580
v -0.328596 -0.008101 0.169332
v -0.336122 -0.012139 0.162821
v -0.315757 0.014800 0.163759
v -0.324613 0.013449 0.169682
v -0.324481 0.560640 0.169647
v -0.364010 0.658459 0.178671
v -0.359194 0.655410 0.187773
v -0.337456 0.628268 0.179633
v -0.330325 0.596317 0.174020
v -0.335175 0.559765 0.169180
v -0.335219 0.011831 0.169208
v -0.397720 0.665472 0.190669
v -0.390916 0.668604 0.198365
v -0.385653 0.665373 0.207151
v -0.358617 0.647575 0.195094
v -0.343768 0.620757 0.184000
v -0.340499 0.592957 0.173285
v -0.343584 0.559469 0.162507
v -0.343524 0.010564 0.162519
v -0.338838 -0.013597 0.152534
v -0.362499 0.637945 0.197838
v -0.352536 0.614769 0.182393
v -0.348797 0.591783 0.166569
v -0.346497 0.559863 0.152179
v -0.346356 0.010132 0.152169
v -0.383941 0.657013 0.213670
v -0.386432 0.646716 0.215433
v -0.369357 0.630200 0.194957
v -0.360412 0.612592 0.175425
v -0.352049 0.593243 0.156439
v -0.342802 0.560798 0.142138
v -0.392177 0.638417 0.211765
v -0.376573 0.627297 0.187551
v -0.364388 0.615056 0.165758
v -0.349015 0.596779 0.146764
v -0.333909 0.561917 0.136222
v -0.333778 0.012051 0.136189
v -0.405956 0.646876 0.188764
v -0.403464 0.657173 0.187001
v -0.378084 0.647811 0.168384
v -0.381966 0.638182 0.171128
v -0.404243 0.638516 0.195282
v -0.381388 0.630346 0.178450
v -0.398980 0.635285 0.204069
v -0.340851 0.601040 0.141238
v -0.362944 0.621221 0.157084
v -0.356632 0.628733 0.152717
v -0.383722 0.163549 0.106540
v -0.385631 0.163549 0.106580
v -0.385631 0.163549 0.078146
v -0.383722 0.163549 0.078146
v -0.366582 0.033090 0.152904
v -0.359386 0.033090 0.175051
v -0.359386 0.280307 0.175051
v -0.366582 0.280307 0.152904
v -0.033933 -0.422517 0.622029
v 0.032905 -0.422517 0.622029
v 0.295022 -0.442276 0.678326
v 0.295022 -0.452416 0.678326
v 0.032905 -0.379064 0.650536
v 0.032905 -0.390685 0.622029
v -0.033933 -0.390685 0.622029
v -0.033933 -0.379064 0.650536
v -0.343315 0.296718 0.112709
v -0.310918 -0.486146 0.702039
v -0.310918 -0.452015 0.702039
v -0.383722 0.047760 0.106540
v -0.383722 0.163549 0.106540
v -0.310918 -0.452015 0.662938
v -0.310918 -0.452015 0.702039
v -0.291362 -0.452417 0.674283
v -0.296030 -0.452417 0.678326
v -0.296030 -0.442276 0.678326
v -0.291362 -0.442276 0.674283
v -0.296030 -0.452417 0.678326
v -0.296030 -0.442276 0.678326
v -0.332537 -0.487387 0.662938
v -0.332537 -0.425058 0.662938
v -0.203277 -0.334946 1.218877
v -0.203277 -0.435592 1.218877
v 0.202268 -0.435592 1.218877
v 0.202268 -0.334946 1.218877
v -0.451931 -0.190006 -0.047417
v -0.310274 -0.190006 -0.039334
v -0.310274 -0.190006 -0.047417
v -0.532823 -0.542490 -0.047417
v -0.199982 -0.424746 0.448398
v 0.199095 -0.424746 0.448398
v -0.199982 -0.346835 0.448398
v 0.199095 -0.346835 0.448398
v 0.199095 -0.432537 0.455924
v 0.199095 -0.432537 0.424790
v 0.199095 -0.424746 0.425025
v 0.199095 -0.424746 0.448398
v 0.199095 -0.346835 0.448398
v 0.199095 -0.339044 0.456189
v 0.199095 -0.339044 0.424594
v 0.199095 -0.346835 0.425025
v -0.199982 -0.424746 0.448398
v -0.199982 -0.424746 0.425025
v -0.199982 -0.432537 0.424790
v -0.199982 -0.432537 0.455924
v -0.199982 -0.339044 0.456189
v -0.199982 -0.346835 0.448398
v -0.199982 -0.346835 0.425025
v -0.199982 -0.339044 0.424594
v -0.168373 -0.424746 0.770457
v -0.146954 -0.424746 0.770457
v -0.146954 -0.424746 0.770457
v -0.146954 -0.424746 0.708193
v -0.168138 -0.432537 1.092653
v -0.168138 -0.432537 0.770424
v -0.199518 -0.346138 0.454739
v -0.199481 -0.346138 0.575177
v -0.207926 -0.346138 0.575177
v -0.207926 -0.346138 0.454739
v -0.199538 -0.339044 0.684253
v -0.199538 -0.339044 0.575177
v -0.167942 -0.339044 0.454739
v -0.167942 -0.339044 1.092653
v -0.207946 -0.339044 0.454739
v -0.207946 -0.339044 0.575177
v -0.199538 -0.339044 0.575177
v -0.199634 -0.339044 0.454739
v -0.199538 -0.339044 0.684253
v -0.168138 -0.432537 0.454739
v -0.168138 -0.432537 0.708193
v -0.143670 0.624681 -0.653448
v -0.215197 0.624681 -0.653448
v -0.140407 0.620601 -0.675721
v -0.140407 0.661303 -0.689593
v -0.140407 0.668587 -0.668412
v -0.140407 0.627770 -0.654501
v -0.218460 0.627770 -0.654501
v -0.218460 0.668587 -0.668412
v -0.218460 0.661303 -0.689593
v -0.218460 0.620601 -0.675721
v -0.143731 0.664449 -0.690666
v -0.215136 0.664449 -0.690666
v -0.215197 0.671676 -0.669464
v -0.143670 0.671676 -0.669464
v -0.152911 0.663874 -0.653595
v -0.205956 0.663874 -0.653595
v -0.205956 0.640550 -0.645647
v -0.152911 0.640550 -0.645647
v -0.140407 0.668587 -0.668412
v -0.143670 0.671676 -0.669464
v -0.215197 0.671676 -0.669464
v -0.218460 0.668587 -0.668412
v -0.218460 0.627770 -0.654501
v -0.215197 0.624681 -0.653448
v -0.143670 0.624681 -0.653448
v -0.140407 0.627770 -0.654501
v -0.215136 0.617456 -0.674649
v -0.218460 0.620601 -0.675721
v -0.143731 0.617456 -0.674649
v -0.140407 0.620601 -0.675721
v -0.140407 0.661303 -0.689593
v -0.143731 0.664449 -0.690666
v -0.218460 0.661303 -0.689593
v -0.215136 0.664449 -0.690666
v -0.203902 0.663447 -0.654070
v -0.203902 0.675575 -0.635889
v -0.198752 0.675575 -0.635889
v -0.198752 0.663447 -0.654070
v -0.198752 0.639840 -0.635889
v -0.203902 0.639840 -0.635889
v -0.203902 0.640979 -0.645671
v -0.198752 0.640979 -0.645671
v -0.203902 0.639840 -0.635889
v -0.203902 0.640979 -0.645671
v -0.159610 0.663447 -0.654070
v -0.159610 0.675575 -0.635889
v -0.154460 0.675575 -0.635889
v -0.154460 0.663447 -0.654070
v -0.154460 0.639840 -0.635889
v -0.159610 0.639840 -0.635889
v -0.159610 0.640979 -0.645671
v -0.154460 0.640979 -0.645671
v -0.159610 0.639840 -0.635889
v -0.159610 0.640979 -0.645671
v -0.096508 0.128447 -0.672010
v -0.019225 0.283015 -0.672010
v 0.075816 0.096599 -0.672010
v -0.076825 0.096599 -0.672010
v 0.095500 0.128447 -0.672010
v 0.018216 0.283015 -0.672010
v -0.468921 0.603051 -0.051424
v -0.511469 0.602821 -0.078559
v -0.512527 0.602835 -0.076900
v -0.469979 0.603065 -0.049766
v -0.511607 0.602939 -0.064599
v -0.481521 0.603102 -0.045412
v -0.498764 0.603050 -0.051557
v -0.481521 0.436401 -0.043997
v -0.469979 0.436364 -0.048350
v -0.469979 0.603065 -0.049766
v -0.481521 0.603102 -0.045412
v -0.511469 0.436120 -0.077143
v -0.511469 0.602821 -0.078559
v -0.510149 0.601387 -0.077705
v -0.510149 0.437087 -0.076309
v -0.498764 0.436349 -0.050141
v -0.498764 0.603050 -0.051557
v -0.511607 0.436238 -0.063184
v -0.511607 0.602939 -0.064599
v -0.470241 0.601604 -0.052253
v -0.470241 0.437303 -0.050859
v -0.470959 0.437313 -0.049733
v -0.470959 0.601613 -0.051127
v -0.470241 0.437303 -0.050859
v -0.510149 0.437087 -0.076309
v -0.510867 0.437097 -0.075183
v -0.470959 0.437313 -0.049733
v -0.512527 0.436134 -0.075485
v -0.512527 0.602835 -0.076900
v -0.510149 0.601387 -0.077705
v -0.470241 0.601604 -0.052253
v -0.470959 0.601613 -0.051127
v -0.510867 0.601397 -0.076579
v -0.468921 0.603051 -0.051424
v -0.468921 0.436350 -0.050009
v -0.470241 0.437303 -0.050859
v -0.470241 0.601604 -0.052253
v -0.511469 0.436120 -0.077143
v -0.468921 0.436350 -0.050009
v -0.510149 0.437087 -0.076309
v -0.470959 0.437313 -0.049733
v -0.510867 0.437097 -0.075183
v -0.510867 0.601397 -0.076579
v -0.470959 0.601613 -0.051127
v -0.468921 0.436350 -0.050009
v -0.468921 0.603051 -0.051424
v -0.511469 0.602821 -0.078559
v -0.468921 0.603051 -0.051424
v -0.470241 0.601604 -0.052253
v -0.510149 0.601387 -0.077705
v -0.511469 0.602821 -0.078559
v -0.511469 0.436120 -0.077143
v -0.510149 0.437087 -0.076309
v -0.510149 0.601387 -0.077705
v -0.510867 0.601397 -0.076579
v -0.510867 0.437097 -0.075183
v -0.452530 0.425820 -0.018976
v -0.455857 0.429601 -0.018358
v -0.451968 0.424924 -0.014754
v -0.455295 0.427546 -0.013754
v -0.455857 0.429601 -0.018358
v -0.445070 0.621998 -0.037549
v -0.445482 0.624474 -0.041902
v -0.445494 0.629498 -0.041943
v -0.444670 0.624546 -0.033237
v -0.444682 0.629571 -0.033278
v -0.445094 0.632047 -0.037631
v -0.458900 0.624452 -0.040644
v -0.458911 0.629477 -0.040685
v -0.445494 0.629498 -0.041943
v -0.445482 0.624474 -0.041902
v -0.458487 0.621976 -0.036291
v -0.445070 0.621998 -0.037549
v -0.458511 0.632026 -0.036373
v -0.458911 0.629477 -0.040685
v -0.458900 0.624452 -0.040644
v -0.458099 0.629550 -0.032020
v -0.458087 0.624524 -0.031979
v -0.458487 0.621976 -0.036291
v -0.458511 0.632026 -0.036373
v -0.445094 0.632047 -0.037631
v -0.458511 0.632026 -0.036373
v -0.458099 0.629550 -0.032020
v -0.444682 0.629571 -0.033278
v -0.445094 0.632047 -0.037631
v -0.458087 0.624524 -0.031979
v -0.444670 0.624546 -0.033237
v -0.361572 0.640698 -0.084199
v -0.357580 0.638722 -0.085429
v -0.361717 0.639847 -0.087364
v -0.452367 0.630199 -0.037638
v -0.449758 0.628204 -0.039981
v -0.377271 0.442541 -0.011848
v -0.380087 0.444693 -0.009629
v -0.447156 0.627996 -0.036906
v -0.374464 0.442316 -0.008936
v -0.449765 0.629991 -0.034563
v -0.377279 0.444469 -0.006718
v -0.452367 0.630199 -0.037638
v -0.380087 0.444693 -0.009629
v -0.445214 0.423351 -0.013608
v -0.444128 0.424413 -0.018398
v -0.444128 0.429184 -0.019975
v -0.446300 0.427059 -0.010395
v -0.446300 0.431829 -0.011972
v -0.445214 0.432893 -0.016762
v -0.457178 0.423358 -0.021590
v -0.457178 0.428129 -0.023168
v -0.444128 0.429184 -0.019975
v -0.444128 0.424413 -0.018398
v -0.458264 0.422295 -0.016801
v -0.445214 0.423351 -0.013608
v -0.458264 0.431837 -0.019955
v -0.457178 0.428129 -0.023168
v -0.457178 0.423358 -0.021590
v -0.459350 0.430774 -0.015166
v -0.459350 0.426003 -0.013589
v -0.458264 0.422295 -0.016801
v -0.458264 0.431837 -0.019955
v -0.445214 0.432893 -0.016762
v -0.458264 0.431837 -0.019955
v -0.459350 0.430774 -0.015166
v -0.446300 0.431829 -0.011972
v -0.445214 0.432893 -0.016762
v -0.459350 0.426003 -0.013589
v -0.446300 0.427059 -0.010395
v -0.494311 0.507025 -0.051813
v -0.496805 0.507108 -0.047494
v -0.494311 0.485911 -0.051541
v -0.501794 0.507108 -0.047494
v -0.501794 0.485995 -0.047222
v -0.504288 0.507025 -0.051813
v -0.501794 0.506940 -0.056133
v -0.501794 0.485827 -0.055861
v -0.504288 0.485911 -0.051541
v -0.387477 0.226652 0.075423
v -0.384390 0.227990 0.078123
v -0.449210 0.426534 -0.013258
v -0.452307 0.425557 -0.016157
v -0.381336 0.227021 0.075244
v -0.446156 0.425341 -0.016119
v -0.384422 0.225683 0.072544
v -0.449253 0.424364 -0.019018
v -0.387477 0.226652 0.075423
v -0.452307 0.425557 -0.016157
v -0.452100 0.431022 -0.017915
v -0.375190 0.446034 -0.010127
v -0.366064 0.436694 -0.007996
v -0.387004 0.159744 0.066222
v -0.380257 0.190909 0.070118
v -0.387004 0.190909 0.066222
v -0.387004 0.159744 0.058431
v -0.387004 0.190909 0.058431
v -0.381877 0.228088 0.065921
v -0.392504 0.228096 0.067155
v -0.392504 0.228195 0.083066
v -0.381877 0.228203 0.084300
v -0.381877 0.228088 0.065921
v -0.381877 0.196164 0.066111
v -0.392504 0.196172 0.067345
v -0.392504 0.196271 0.083256
v -0.381877 0.196164 0.066111
v -0.381877 0.196279 0.084490
v -0.381877 0.196279 0.084490
v -0.381877 0.228203 0.084300
v -0.365791 0.433930 -0.015773
v -0.376355 0.435220 -0.014642
v -0.375954 0.441120 0.000519
v -0.365329 0.440745 0.001739
v -0.380257 0.159744 0.054535
v -0.380257 0.190909 0.054535
v -0.365791 0.433930 -0.015773
v -0.368167 0.404282 -0.004173
v -0.378731 0.405572 -0.003040
v -0.378330 0.411472 0.012120
v -0.368167 0.404282 -0.004173
v -0.367705 0.411098 0.013340
v -0.367705 0.411098 0.013340
v -0.365329 0.440745 0.001739
v -0.387004 0.025556 0.066222
v -0.380257 0.056720 0.070118
v -0.387004 0.056720 0.066222
v -0.501794 0.586377 -0.048166
v -0.504288 0.586293 -0.052486
v -0.504288 0.565179 -0.052214
v -0.501794 0.565263 -0.047895
v -0.501794 0.586209 -0.056806
v -0.501794 0.565095 -0.056535
v -0.496805 0.586377 -0.048166
v -0.494311 0.586293 -0.052486
v -0.494311 0.565179 -0.052214
v -0.317259 0.033090 0.117069
v -0.340546 0.033090 0.117069
v -0.340547 0.280307 0.117069
v -0.317259 0.280307 0.117069
v -0.340546 0.033090 0.188739
v -0.340547 0.280307 0.188739
v 0.145945 -0.424746 0.708193
v 0.145711 -0.432537 0.708193
v 0.145711 -0.432537 0.770424
v 0.145945 -0.424746 0.770457
v 0.145945 -0.424746 0.770457
v 0.167130 -0.432537 0.770424
v 0.167366 -0.424746 0.770457
v 0.096416 -0.441480 1.218567
v 0.167130 -0.432537 0.708193
v 0.198264 -0.432537 1.092653
v 0.167131 -0.432537 1.092653
v 0.145945 -0.424746 0.708193
v 0.167365 -0.424746 0.708193
v 0.145945 -0.424746 0.708193
v 0.145945 -0.424746 0.770457
v 0.167366 -0.424746 0.770457
v 0.167365 -0.424746 0.708193
v 0.167366 -0.424746 1.092653
v 0.190739 -0.424746 1.092653
v -0.388811 0.230309 -0.318316
v -0.381843 0.225268 -0.322795
v -0.381316 0.226252 0.052435
v -0.388777 0.230127 0.047605
v -0.359575 0.601278 -0.318363
v -0.359572 0.601336 -0.100469
v -0.351797 0.605933 -0.096943
v -0.351848 0.605112 -0.322792
v -0.382616 0.234003 0.041198
v -0.375156 0.230127 0.046028
v -0.375121 0.229946 -0.317603
v -0.382089 0.234987 -0.313125
v -0.382616 0.234003 0.041198
v -0.353794 0.594747 -0.104618
v -0.346019 0.599345 -0.101093
v -0.375156 0.230127 0.046028
v -0.388777 0.230127 0.047605
v -0.381316 0.226252 0.052435
v -0.346015 0.599402 -0.317558
v -0.353742 0.595569 -0.313128
v -0.388802 0.230127 -0.347026
v -0.382344 0.236895 -0.354473
v -0.381966 0.236983 -0.633157
v -0.375110 0.230127 -0.633157
v -0.375131 0.230127 -0.348519
v -0.359477 0.601313 -0.346027
v -0.354746 0.592878 -0.353935
v -0.346299 0.597006 -0.348909
v -0.355456 0.592802 -0.605959
v -0.346531 0.596591 -0.605959
v -0.381868 0.211121 -0.158557
v -0.381868 0.211121 -0.212831
v -0.381868 0.192819 -0.154944
v -0.381868 0.207275 -0.154944
v -0.380257 0.025556 0.054535
v -0.387004 0.025556 0.058431
v -0.387004 0.056720 0.058431
v -0.380257 0.056720 0.054535
v -0.023066 -0.300639 1.123891
v -0.038157 -0.300639 1.123277
v -0.143356 -0.300639 1.118979
v -0.076129 -0.300639 1.121742
v -0.128466 -0.300639 1.119593
v -0.091200 -0.300639 1.121128
v -0.025945 -0.175966 1.121879
v -0.025561 -0.300625 1.107385
v -0.022642 -0.300639 1.119614
v -0.022990 -0.175981 1.134107
v -0.037447 -0.300639 1.119000
v -0.037994 -0.175981 1.133452
v -0.075606 -0.175981 1.131813
v -0.074695 -0.300639 1.117465
v -0.089510 -0.300639 1.116851
v -0.090621 -0.175981 1.131158
v -0.127965 -0.175981 1.129518
v -0.126083 -0.300639 1.115316
v -0.077659 -0.300625 1.105237
v -0.078577 -0.175967 1.119585
v -0.087667 -0.175995 1.119177
v -0.086621 -0.300653 1.104870
v -0.130898 -0.175967 1.117290
v -0.128980 -0.300625 1.103088
v -0.139951 -0.175995 1.116882
v -0.137832 -0.300653 1.102721
v -0.140687 -0.300639 1.114702
v -0.142910 -0.175981 1.128863
v -0.160308 -0.175981 1.128101
v -0.157626 -0.300639 1.113992
v -0.173311 -0.300639 1.106843
v -0.176170 -0.175981 1.120858
v -0.180375 -0.300639 1.094423
v -0.183289 -0.175981 1.108221
v -0.181559 -0.300639 1.040380
v -0.184442 -0.175981 1.054230
v -0.187967 -0.175981 1.054334
v -0.185025 -0.300639 1.040483
v -0.035033 -0.175995 1.121471
v -0.034532 -0.300653 1.107018
v 0.021982 -0.175981 1.134107
v -0.000504 -0.300639 1.120534
v 0.021634 -0.300639 1.119614
v -0.000504 -0.175981 1.135091
v 0.178907 -0.160399 1.126887
v 0.162371 -0.175981 1.132378
v 0.178537 -0.175981 1.125135
v 0.162717 -0.160399 1.134142
v -0.000504 -0.175981 1.139368
v -0.000504 -0.160452 1.141182
v -0.163379 -0.175981 1.132378
v -0.163726 -0.160399 1.134142
v -0.179546 -0.175981 1.125135
v -0.179915 -0.160399 1.126887
v -0.035033 -0.175995 1.121471
v -0.025945 -0.175966 1.121879
v -0.022990 -0.175981 1.134107
v -0.037994 -0.175981 1.133452
v -0.075606 -0.175981 1.131813
v -0.000504 -0.175981 1.135091
v 0.141902 -0.175981 1.128863
v 0.159299 -0.175981 1.128101
v 0.175161 -0.175981 1.120858
v 0.185787 -0.175981 1.108324
v 0.182281 -0.175981 1.108221
v 0.186959 -0.175981 1.054334
v 0.183434 -0.175981 1.054230
v -0.184442 -0.175981 1.054230
v -0.186795 -0.175981 1.108324
v -0.187967 -0.175981 1.054334
v -0.183289 -0.175981 1.108221
v -0.176170 -0.175981 1.120858
v -0.160308 -0.175981 1.128101
v -0.142910 -0.175981 1.128863
v 0.089613 -0.175981 1.131158
v 0.074598 -0.175981 1.131813
v 0.077569 -0.175967 1.119585
v 0.086659 -0.175995 1.119177
v 0.036985 -0.175981 1.133452
v 0.126957 -0.175981 1.129518
v 0.129890 -0.175967 1.117290
v 0.138943 -0.175995 1.116882
v -0.139951 -0.175995 1.116882
v -0.130898 -0.175967 1.117290
v -0.127965 -0.175981 1.129518
v -0.090621 -0.175981 1.131158
v 0.021982 -0.175981 1.134107
v 0.024936 -0.175966 1.121879
v 0.034025 -0.175995 1.121471
v -0.087667 -0.175995 1.119177
v -0.078577 -0.175967 1.119585
v 0.182185 0.040535 1.149477
v 0.165834 0.040406 1.156868
v 0.165825 0.026589 1.155304
v 0.147528 0.026589 1.156240
v -0.000504 0.040576 1.165570
v 0.131945 0.026589 1.157036
v 0.092990 0.026589 1.159027
v 0.077407 0.026589 1.159824
v 0.038452 0.026589 1.161815
v 0.022869 0.026589 1.162611
v -0.000504 0.026589 1.163807
v -0.166842 0.040406 1.156868
v -0.166833 0.026589 1.155304
v -0.183190 0.026589 1.147909
v -0.183193 0.040535 1.149477
v -0.190534 0.040662 1.132304
v -0.190536 0.026589 1.130746
v -0.191655 0.041958 1.079491
v -0.191599 0.026589 1.076842
v -0.191943 0.026589 1.064564
v -0.191935 0.042283 1.066260
v -0.190491 -0.082487 1.052780
v -0.190140 -0.082487 1.064722
v -0.190137 -0.098070 1.051104
v -0.182939 -0.337490 1.090447
v -0.183819 -0.300639 1.094526
v -0.185025 -0.300639 1.040483
v -0.185301 -0.300639 1.029213
v -0.184427 -0.337490 1.025232
v -0.184199 -0.337490 1.035235
v -0.181725 -0.082487 1.135646
v -0.188670 -0.098070 1.116948
v -0.181377 -0.098070 1.133894
v -0.189026 -0.082487 1.118672
v -0.189873 -0.098070 1.062942
v -0.188342 -0.160399 1.056065
v -0.188647 -0.160399 1.044363
v -0.188272 -0.175981 1.042680
v -0.187171 -0.160399 1.110049
v -0.183658 -0.160399 1.109946
v -0.184810 -0.160399 1.055962
v -0.176531 -0.160399 1.122609
v -0.160647 -0.160399 1.129864
v -0.000504 -0.160452 1.136904
v 0.159639 -0.160399 1.129864
v 0.175523 -0.160399 1.122609
v 0.182650 -0.160399 1.109946
v 0.186163 -0.160399 1.110049
v 0.183802 -0.160399 1.055962
v 0.187334 -0.160399 1.056065
v -0.165429 -0.082487 1.142960
v -0.165101 -0.098070 1.141196
v -0.000504 -0.082487 1.150046
v -0.000504 -0.098074 1.148080
v 0.164420 -0.082487 1.142960
v 0.164092 -0.098070 1.141196
v 0.180717 -0.082487 1.135646
v 0.180370 -0.098070 1.133894
v 0.188864 -0.098070 1.062942
v 0.184121 -0.098070 1.116845
v 0.185228 -0.098070 1.062888
v 0.187661 -0.098070 1.116948
v 0.176956 -0.098070 1.129617
v 0.160989 -0.098070 1.136918
v -0.000504 -0.098074 1.143803
v -0.161998 -0.098070 1.136918
v -0.177965 -0.098070 1.129617
v -0.185129 -0.098070 1.116845
v -0.186236 -0.098070 1.062888
v -0.157711 -0.149413 1.132766
v -0.157711 -0.149413 1.131269
v -0.157711 -0.108980 1.131269
v -0.157711 -0.108980 1.137366
v -0.150344 -0.103231 1.131269
v -0.150344 -0.103231 1.138247
v -0.057485 -0.103231 1.131269
v -0.057485 -0.103231 1.141336
v -0.050119 -0.108980 1.131269
v -0.050119 -0.108980 1.140946
v -0.050119 -0.149413 1.131269
v -0.050119 -0.149413 1.136460
v -0.057485 -0.155162 1.131269
v -0.057485 -0.155162 1.135551
v -0.057485 -0.155162 1.135551
v -0.057485 -0.155162 1.131269
v -0.150344 -0.155162 1.131269
v -0.150344 -0.155162 1.132362
v -0.176531 -0.160399 1.122609
v -0.160647 -0.160399 1.129864
v -0.161998 -0.098070 1.136918
v -0.177965 -0.098070 1.129617
v -0.183658 -0.160399 1.109946
v -0.185129 -0.098070 1.116845
v -0.184810 -0.160399 1.055962
v -0.186236 -0.098070 1.062888
v -0.189873 -0.098070 1.062942
v -0.188342 -0.160399 1.056065
v -0.163705 0.026589 1.151027
v -0.179754 0.026589 1.143632
v -0.178306 -0.082487 1.131369
v -0.162319 -0.082487 1.138682
v -0.145752 0.026589 1.151962
v -0.144577 -0.082487 1.139533
v -0.188005 0.026589 1.076738
v -0.186575 -0.082487 1.064619
v -0.185479 -0.082487 1.118570
v -0.186962 0.026589 1.130643
v -0.191599 0.026589 1.076842
v -0.190140 -0.082487 1.064722
v -0.133477 0.026605 1.140513
v -0.132445 -0.082471 1.127876
v -0.129476 -0.082487 1.140122
v -0.130463 0.026589 1.152759
v -0.142739 0.026572 1.140000
v -0.141618 -0.082504 1.127496
v -0.038438 -0.082487 1.144108
v -0.038728 0.026589 1.157538
v -0.076950 0.026589 1.155547
v -0.076447 -0.082487 1.142448
v -0.079965 0.026606 1.143300
v -0.079441 -0.082470 1.130201
v -0.089227 0.026572 1.142788
v -0.088639 -0.082504 1.129821
v -0.091634 -0.082487 1.141783
v -0.092239 0.026589 1.154750
v 0.188018 -0.082487 1.118672
v 0.189132 -0.082487 1.064722
v 0.185566 -0.082487 1.064619
v 0.184471 -0.082487 1.118570
v 0.177298 -0.082487 1.131369
v 0.161311 -0.082487 1.138682
v 0.143611 -0.082487 1.139458
v 0.075439 -0.082487 1.142448
v 0.087631 -0.082504 1.129821
v 0.078433 -0.082470 1.130201
v 0.090626 -0.082487 1.141783
v 0.128469 -0.082487 1.140122
v 0.140610 -0.082504 1.127496
v 0.131437 -0.082471 1.127876
v 0.037429 -0.082487 1.144108
v 0.022251 -0.082487 1.144773
v 0.034434 -0.082504 1.132146
v 0.025238 -0.082469 1.132527
v -0.000504 -0.082487 1.145769
v -0.023260 -0.082487 1.144773
v -0.185479 -0.082487 1.118570
v -0.186575 -0.082487 1.064619
v -0.178306 -0.082487 1.131369
v -0.162319 -0.082487 1.138682
v -0.144577 -0.082487 1.139533
v -0.129476 -0.082487 1.140122
v -0.132445 -0.082471 1.127876
v -0.141618 -0.082504 1.127496
v -0.091634 -0.082487 1.141783
v -0.076447 -0.082487 1.142448
v -0.038438 -0.082487 1.144108
v -0.026246 -0.082469 1.132527
v -0.035442 -0.082504 1.132146
v -0.079441 -0.082470 1.130201
v -0.088639 -0.082504 1.129821
v -0.026453 0.026607 1.146088
v -0.026246 -0.082469 1.132527
v -0.035714 0.026572 1.145575
v -0.035442 -0.082504 1.132146
v -0.142739 0.026572 1.140000
v -0.133477 0.026605 1.140513
v -0.130463 0.026589 1.152759
v -0.145752 0.026589 1.151962
v -0.163705 0.026589 1.151027
v -0.179754 0.026589 1.143632
v -0.186962 0.026589 1.130643
v -0.188005 0.026589 1.076738
v 0.037719 0.026589 1.157538
v 0.022430 0.026589 1.158335
v 0.025444 0.026607 1.146088
v 0.034706 0.026572 1.145575
v -0.035714 0.026572 1.145575
v -0.026453 0.026607 1.146088
v -0.023438 0.026589 1.158335
v -0.038728 0.026589 1.157538
v -0.089227 0.026572 1.142788
v -0.079965 0.026606 1.143300
v -0.076950 0.026589 1.155547
v -0.092239 0.026589 1.154750
v 0.075943 0.026589 1.155547
v 0.091231 0.026589 1.154750
v -0.000504 0.026589 1.159529
v 0.078957 0.026606 1.143300
v 0.088218 0.026572 1.142788
v 0.190591 0.026589 1.076842
v 0.185954 0.026589 1.130643
v 0.186997 0.026589 1.076738
v 0.189527 0.026589 1.130746
v 0.178747 0.026589 1.143632
v 0.182182 0.026589 1.147909
v 0.162697 0.026589 1.151027
v 0.144744 0.026589 1.151962
v 0.129455 0.026589 1.152759
v 0.132469 0.026605 1.140513
v 0.141730 0.026572 1.140000
v 0.194254 -0.337490 0.137279
v 0.195358 -0.285029 0.084818
v 0.202405 0.161580 0.084818
v 0.202405 0.049753 0.434936
v 0.202405 0.049753 0.084818
v 0.202405 0.144907 0.434936
v 0.192641 0.206923 0.084818
v 0.192641 0.190263 0.434936
v 0.169978 0.226460 0.084818
v 0.197377 0.049748 0.762164
v 0.197377 0.119075 0.762164
v 0.187854 0.164423 0.762164
v 0.169978 0.209806 0.434936
v 0.163012 0.226460 0.084818
v 0.188575 0.055319 1.130260
v 0.189526 0.040662 1.132304
v 0.190646 0.041958 1.079491
v 0.190927 0.042283 1.066260
v -0.193649 0.206923 0.084818
v -0.170986 0.209806 0.434936
v -0.170986 0.226460 0.084818
v -0.164019 0.209806 0.434936
v -0.164020 0.226460 0.084818
v -0.000504 0.240026 0.084818
v -0.000504 0.222971 0.437116
v 0.163011 0.209806 0.434936
v 0.165753 0.183962 0.762164
v 0.181403 0.109641 1.108622
v 0.190935 0.026589 1.064564
v 0.189482 -0.082487 1.052780
v -0.198385 0.119075 0.762164
v -0.191935 0.042283 1.066260
v -0.191655 0.041958 1.079491
v -0.198385 0.049748 0.762164
v -0.191943 0.026589 1.064564
v -0.190491 -0.082487 1.052780
v -0.203414 0.049753 0.434936
v -0.190137 -0.098070 1.051104
v -0.188647 -0.160399 1.044363
v -0.188272 -0.175981 1.042680
v -0.185301 -0.300639 1.029213
v -0.184427 -0.337490 1.025232
v -0.195262 -0.337490 0.137279
v -0.196366 -0.285029 0.084818
v -0.203414 0.049753 0.084818
v -0.203414 0.144907 0.434936
v -0.203414 0.161580 0.084818
v -0.193649 0.190263 0.434936
v -0.188862 0.164423 0.762164
v -0.166761 0.183962 0.762164
v -0.159539 0.183961 0.762169
v -0.000504 0.196506 0.766382
v 0.158530 0.183961 0.762169
v 0.169661 0.134693 1.076606
v 0.162639 0.135095 1.074038
v 0.159271 0.133653 1.083243
v 0.145617 0.132460 1.090852
v 0.148770 0.130689 1.102157
v 0.174815 0.106113 1.123861
v 0.163496 0.131895 1.094464
v 0.159271 0.133653 1.083243
v 0.162639 0.135095 1.074038
v 0.169661 0.134693 1.076606
v 0.181403 0.109641 1.108622
v 0.188575 0.055319 1.130260
v 0.181315 0.054917 1.147189
v 0.160054 0.105223 1.132318
v -0.000504 0.133437 1.114979
v -0.000504 0.139304 1.103198
v 0.165108 0.054917 1.154449
v 0.182185 0.040535 1.149477
v 0.189526 0.040662 1.132304
v 0.165834 0.040406 1.156868
v -0.000504 0.055437 1.163136
v -0.000504 0.104046 1.143298
v -0.149778 0.130689 1.102157
v -0.146626 0.132460 1.090852
v -0.163648 0.135095 1.074038
v -0.170669 0.134693 1.076606
v -0.182411 0.109641 1.108622
v -0.189582 0.055319 1.130260
v -0.190534 0.040662 1.132304
v -0.160279 0.133653 1.083243
v -0.160279 0.133653 1.083243
v -0.163648 0.135095 1.074038
v -0.170669 0.134693 1.076606
v -0.000504 0.040576 1.165570
v -0.166117 0.054917 1.154449
v -0.166842 0.040406 1.156868
v -0.183193 0.040535 1.149477
v -0.182322 0.054917 1.147189
v -0.190534 0.040662 1.132304
v -0.189582 0.055319 1.130260
v -0.182411 0.109641 1.108622
v -0.175824 0.106113 1.123861
v -0.164505 0.131895 1.094464
v -0.161062 0.105223 1.132318
v 0.194254 -0.337490 0.137279
v -0.195262 -0.337490 0.137279
v 0.189129 -0.098070 1.051104
v 0.187639 -0.160399 1.044363
v 0.024553 -0.300625 1.107385
v 0.024936 -0.175966 1.121879
v 0.073686 -0.300639 1.117465
v 0.074598 -0.175981 1.131813
v 0.036985 -0.175981 1.133452
v 0.036438 -0.300639 1.119000
v 0.125074 -0.300639 1.115316
v 0.126957 -0.175981 1.129518
v 0.089613 -0.175981 1.131158
v 0.088502 -0.300639 1.116851
v 0.085613 -0.300653 1.104870
v 0.086659 -0.175995 1.119177
v 0.077569 -0.175967 1.119585
v 0.076651 -0.300625 1.105237
v -0.128980 -0.300625 1.103088
v -0.137832 -0.300653 1.102721
v -0.140687 -0.300639 1.114702
v -0.126083 -0.300639 1.115316
v -0.077659 -0.300625 1.105237
v -0.086621 -0.300653 1.104870
v -0.089510 -0.300639 1.116851
v -0.074695 -0.300639 1.117465
v -0.180375 -0.300639 1.094423
v -0.181559 -0.300639 1.040380
v -0.173311 -0.300639 1.106843
v -0.157626 -0.300639 1.113992
v -0.037447 -0.300639 1.119000
v -0.025561 -0.300625 1.107385
v -0.034532 -0.300653 1.107018
v -0.022642 -0.300639 1.119614
v -0.000504 -0.300639 1.120534
v 0.021634 -0.300639 1.119614
v 0.022059 -0.300639 1.123891
v 0.036438 -0.300639 1.119000
v 0.033524 -0.300653 1.107018
v 0.024553 -0.300625 1.107385
v 0.073686 -0.300639 1.117465
v 0.088502 -0.300639 1.116851
v 0.085613 -0.300653 1.104870
v 0.076651 -0.300625 1.105237
v 0.037149 -0.300639 1.123277
v 0.125074 -0.300639 1.115316
v 0.139679 -0.300639 1.114702
v 0.156618 -0.300639 1.113992
v 0.172303 -0.300639 1.106843
v 0.179367 -0.300639 1.094423
v 0.182811 -0.300639 1.094526
v 0.180551 -0.300639 1.040380
v 0.184017 -0.300639 1.040483
v 0.136824 -0.300653 1.102721
v 0.127972 -0.300625 1.103088
v 0.127972 -0.300625 1.103088
v 0.129890 -0.175967 1.117290
v 0.136824 -0.300653 1.102721
v 0.138943 -0.175995 1.116882
v 0.182281 -0.175981 1.108221
v 0.179367 -0.300639 1.094423
v 0.183434 -0.175981 1.054230
v 0.180551 -0.300639 1.040380
v 0.184017 -0.300639 1.040483
v 0.186959 -0.175981 1.054334
v 0.033524 -0.300653 1.107018
v 0.034025 -0.175995 1.121471
v 0.181930 -0.337490 1.090447
v 0.183191 -0.337490 1.035235
v 0.183419 -0.337490 1.025232
v 0.184293 -0.300639 1.029213
v 0.187263 -0.175981 1.042680
v 0.187639 -0.160399 1.044363
v 0.189129 -0.098070 1.051104
v 0.189482 -0.082487 1.052780
v 0.190935 0.026589 1.064564
v 0.190927 0.042283 1.066260
v 0.190646 0.041958 1.079491
v 0.189526 0.040662 1.132304
v 0.156703 -0.108980 1.137366
v 0.156703 -0.108980 1.131269
v 0.156703 -0.149413 1.131269
v 0.156703 -0.149413 1.132766
v 0.149336 -0.103231 1.138247
v 0.149336 -0.103231 1.131269
v 0.056476 -0.103231 1.141336
v 0.056476 -0.103231 1.131269
v 0.049111 -0.108980 1.140946
v 0.049111 -0.108980 1.131269
v 0.049111 -0.149413 1.136460
v 0.049111 -0.149413 1.131269
v 0.056476 -0.155162 1.135551
v 0.056476 -0.155162 1.131269
v 0.149336 -0.155162 1.132362
v 0.149336 -0.155162 1.131269
v 0.149336 -0.155162 1.131269
v 0.149336 -0.155162 1.132362
v 0.176956 -0.098070 1.129617
v 0.160989 -0.098070 1.136918
v 0.159639 -0.160399 1.129864
v 0.175523 -0.160399 1.122609
v 0.184121 -0.098070 1.116845
v 0.182650 -0.160399 1.109946
v 0.185228 -0.098070 1.062888
v 0.183802 -0.160399 1.055962
v 0.187334 -0.160399 1.056065
v 0.188864 -0.098070 1.062942
v 0.185228 -0.098070 1.062888
v 0.183802 -0.160399 1.055962
v 0.161311 -0.082487 1.138682
v 0.177298 -0.082487 1.131369
v 0.178747 0.026589 1.143632
v 0.162697 0.026589 1.151027
v 0.143611 -0.082487 1.139458
v 0.144744 0.026589 1.151962
v 0.185954 0.026589 1.130643
v 0.185566 -0.082487 1.064619
v 0.186997 0.026589 1.076738
v 0.184471 -0.082487 1.118570
v 0.189132 -0.082487 1.064722
v 0.190591 0.026589 1.076842
v 0.129455 0.026589 1.152759
v 0.128469 -0.082487 1.140122
v 0.131437 -0.082471 1.127876
v 0.132469 0.026605 1.140513
v 0.140610 -0.082504 1.127496
v 0.141730 0.026572 1.140000
v 0.075439 -0.082487 1.142448
v 0.075943 0.026589 1.155547
v 0.037719 0.026589 1.157538
v 0.037429 -0.082487 1.144108
v 0.078433 -0.082470 1.130201
v 0.078957 0.026606 1.143300
v 0.087631 -0.082504 1.129821
v 0.088218 0.026572 1.142788
v 0.091231 0.026589 1.154750
v 0.090626 -0.082487 1.141783
v 0.025238 -0.082469 1.132527
v 0.025444 0.026607 1.146088
v 0.034434 -0.082504 1.132146
v 0.034706 0.026572 1.145575
v 0.029979 -0.376069 -0.342717
v 0.160878 -0.377431 -0.342717
v 0.117244 -0.421065 -0.268322
v -0.030987 -0.376069 -0.342717
v -0.118253 -0.421065 -0.268322
v -0.161886 -0.377431 -0.342717
v 0.117244 -0.421065 0.330138
v -0.118253 -0.421065 0.330138
v -0.161886 -0.377431 0.312126
v -0.161886 -0.183284 0.507221
v -0.161886 -0.183284 -0.342717
v 0.160878 -0.183284 -0.342717
v 0.160878 -0.183284 0.507221
v 0.160878 -0.377431 0.312126
v 0.117244 -0.183284 0.569080
v -0.118253 -0.183284 0.569080
v -0.161886 -0.183284 0.507221
v -0.161886 -0.377431 0.312126
v 0.160878 -0.377431 0.312126
v 0.160878 -0.183284 0.507221
v 0.041275 -0.359744 -0.342717
v 0.160878 -0.183284 -0.342717
v 0.041275 -0.283730 -0.342717
v -0.161886 -0.183284 -0.342717
v -0.042283 -0.283730 -0.342717
v -0.042283 -0.359744 -0.342717
v -0.030987 -0.376069 -0.342717
v -0.042283 -0.359744 -0.342717
v -0.042283 -0.359744 -0.435262
v -0.030987 -0.376069 -0.435262
v -0.042283 -0.283730 -0.342717
v -0.042283 -0.283730 -0.435262
v 0.041275 -0.283730 -0.342717
v 0.041275 -0.283730 -0.435262
v 0.041275 -0.283730 -0.342717
v 0.041275 -0.359744 -0.342717
v 0.041275 -0.359744 -0.435262
v 0.041275 -0.283730 -0.435262
v 0.029979 -0.376069 -0.342717
v 0.029979 -0.376069 -0.435262
v 0.214189 0.624681 -0.653448
v 0.142662 0.624681 -0.653448
v 0.139399 0.627770 -0.654501
v 0.139399 0.668587 -0.668412
v 0.139399 0.661303 -0.689593
v 0.139399 0.620601 -0.675721
v 0.217452 0.620601 -0.675721
v 0.217452 0.661303 -0.689593
v 0.217452 0.668587 -0.668412
v 0.217452 0.627770 -0.654501
v 0.142662 0.671676 -0.669464
v 0.214189 0.671676 -0.669464
v 0.214128 0.664449 -0.690666
v 0.142723 0.664449 -0.690666
v 0.151903 0.640550 -0.645647
v 0.204948 0.640550 -0.645647
v 0.204948 0.663874 -0.653595
v 0.151903 0.663874 -0.653595
v 0.142662 0.671676 -0.669464
v 0.139399 0.668587 -0.668412
v 0.217452 0.668587 -0.668412
v 0.214189 0.671676 -0.669464
v 0.214189 0.624681 -0.653448
v 0.217452 0.627770 -0.654501
v 0.139399 0.627770 -0.654501
v 0.142662 0.624681 -0.653448
v 0.217452 0.620601 -0.675721
v 0.214128 0.617456 -0.674649
v 0.139399 0.620601 -0.675721
v 0.142723 0.617456 -0.674649
v 0.142723 0.664449 -0.690666
v 0.139399 0.661303 -0.689593
v 0.214128 0.664449 -0.690666
v 0.217452 0.661303 -0.689593
v 0.153451 0.663447 -0.654070
v 0.153451 0.675575 -0.635889
v 0.158600 0.675575 -0.635889
v 0.158600 0.663447 -0.654070
v 0.153451 0.640979 -0.645671
v 0.158600 0.640979 -0.645671
v 0.158600 0.639840 -0.635889
v 0.153451 0.639840 -0.635889
v 0.158600 0.640979 -0.645671
v 0.158600 0.639840 -0.635889
v 0.197744 0.663447 -0.654070
v 0.197744 0.675575 -0.635889
v 0.202894 0.675575 -0.635889
v 0.202894 0.663447 -0.654070
v 0.197744 0.640979 -0.645671
v 0.202894 0.640979 -0.645671
v 0.202894 0.639840 -0.635889
v 0.197744 0.639840 -0.635889
v 0.202894 0.640979 -0.645671
v 0.202894 0.639840 -0.635889
v 0.344976 -0.256296 0.119150
v 0.344976 -0.256296 0.136118
v 0.469486 -0.542490 0.136118
v 0.450923 -0.190006 0.144201
v 0.309266 -0.190006 0.136118
v 0.309266 -0.190006 0.144201
v 0.531815 -0.542490 0.144201
v 0.159225 -0.192306 -0.054367
v 0.159225 -0.192306 0.136985
v 0.379511 -0.192306 0.136985
v 0.379511 -0.192306 -0.054367
v 0.159225 -0.255682 0.136985
v 0.379511 -0.255682 0.136985
v 0.379511 -0.255682 0.136985
v 0.379511 -0.255682 -0.054367
v 0.379511 -0.255682 0.136985
v 0.159225 -0.255682 0.136985
v 0.159225 -0.255682 -0.054367
v 0.379511 -0.255682 -0.054367
v 0.159225 -0.255682 -0.054367
v 0.159225 -0.192306 -0.054367
v 0.379511 -0.255682 -0.054367
v 0.462614 -0.542490 -0.022366
v 0.469486 -0.542490 -0.022366
v 0.344976 -0.256296 -0.022366
v 0.338105 -0.256296 -0.022366
v 0.344976 -0.256296 -0.039334
v 0.338105 -0.256296 -0.039334
v 0.469486 -0.542490 -0.039334
v 0.309266 -0.190006 -0.047417
v 0.309266 -0.190006 -0.039334
v 0.450923 -0.190006 -0.047417
v 0.309266 -0.190006 -0.039334
v 0.309266 -0.190006 -0.047417
v 0.462614 -0.542490 -0.047417
v 0.338105 -0.256296 -0.039334
v 0.531815 -0.542490 -0.047417
v 0.531815 -0.542490 -0.047417
v 0.531815 -0.542490 -0.039334
v 0.469486 -0.542490 -0.039334
v 0.363589 -0.258374 0.137762
v 0.363589 -0.250156 0.137762
v 0.363589 -0.250156 -0.040112
v 0.363589 -0.258374 -0.040112
v 0.456360 -0.250156 -0.040112
v 0.456360 -0.250156 0.137762
v 0.456360 -0.258374 0.137762
v 0.456360 -0.258374 -0.040112
v 0.363589 -0.258374 0.137762
v 0.363589 -0.258374 -0.040112
v 0.456360 -0.258374 -0.040112
v 0.403589 -0.399984 0.137762
v 0.403589 -0.391766 0.137762
v 0.403589 -0.391766 -0.040112
v 0.403589 -0.399984 -0.040112
v 0.496361 -0.391766 -0.040112
v 0.496361 -0.391766 0.137762
v 0.496361 -0.399984 0.137762
v 0.496361 -0.399984 -0.040112
v 0.403589 -0.399984 0.137762
v 0.403589 -0.399984 -0.040112
v 0.496361 -0.399984 -0.040112
v 0.470267 -0.541595 0.137762
v 0.470267 -0.533377 0.137762
v 0.470267 -0.533377 -0.040112
v 0.470267 -0.541595 -0.040112
v 0.527130 -0.533377 -0.040112
v 0.527130 -0.533377 0.137762
v 0.527130 -0.541595 0.137762
v 0.527130 -0.541595 -0.040112
v 0.470267 -0.541595 0.137762
v 0.470267 -0.541595 -0.040112
v 0.527130 -0.541595 -0.040112
v 0.338105 -0.256296 0.136118
v 0.307207 0.321364 -0.669051
v 0.283994 0.634708 -0.649134
v 0.307207 0.321364 -0.649764
v 0.283994 0.634708 -0.630160
v 0.411468 0.188134 -0.616401
v 0.399275 0.188130 -0.604201
v 0.143098 -0.112071 -0.684413
v 0.142971 0.250586 -0.675221
v 0.143098 -0.112071 -0.657161
v 0.142971 0.250586 -0.653299
v 0.480513 0.603102 -0.045412
v 0.468971 0.603065 -0.049766
v 0.468971 0.436364 -0.048350
v 0.480513 0.436401 -0.043997
v 0.511518 0.436134 -0.075485
v 0.467913 0.436350 -0.050009
v 0.510460 0.436120 -0.077143
v 0.468971 0.436364 -0.048350
v 0.510598 0.436238 -0.063184
v 0.480513 0.436401 -0.043997
v 0.497755 0.436349 -0.050141
v 0.509141 0.437087 -0.076309
v 0.509141 0.601387 -0.077705
v 0.510460 0.602821 -0.078559
v 0.510460 0.436120 -0.077143
v 0.497755 0.603050 -0.051557
v 0.497755 0.436349 -0.050141
v 0.510598 0.602939 -0.064599
v 0.510598 0.436238 -0.063184
v 0.469951 0.601613 -0.051127
v 0.469951 0.437313 -0.049733
v 0.469233 0.437303 -0.050859
v 0.469233 0.601604 -0.052253
v 0.469951 0.437313 -0.049733
v 0.509859 0.437097 -0.075183
v 0.509141 0.437087 -0.076309
v 0.469233 0.437303 -0.050859
v 0.511518 0.602835 -0.076900
v 0.511518 0.436134 -0.075485
v 0.509859 0.601397 -0.076579
v 0.469951 0.601613 -0.051127
v 0.469233 0.601604 -0.052253
v 0.509141 0.601387 -0.077705
v 0.469233 0.601604 -0.052253
v 0.469233 0.437303 -0.050859
v 0.467913 0.436350 -0.050009
v 0.467913 0.603051 -0.051424
v 0.467913 0.436350 -0.050009
v 0.509141 0.437087 -0.076309
v 0.510460 0.436120 -0.077143
v 0.469951 0.601613 -0.051127
v 0.509859 0.601397 -0.076579
v 0.509859 0.437097 -0.075183
v 0.469951 0.437313 -0.049733
v 0.467913 0.603051 -0.051424
v 0.467913 0.436350 -0.050009
v 0.509141 0.601387 -0.077705
v 0.469233 0.601604 -0.052253
v 0.467913 0.603051 -0.051424
v 0.510460 0.602821 -0.078559
v 0.510460 0.436120 -0.077143
v 0.510460 0.602821 -0.078559
v 0.509859 0.437097 -0.075183
v 0.509859 0.601397 -0.076579
v 0.509141 0.601387 -0.077705
v 0.509141 0.437087 -0.076309
v 0.454849 0.429601 -0.018358
v 0.451522 0.425820 -0.018976
v 0.450960 0.424924 -0.014754
v 0.454286 0.427546 -0.013755
v 0.454849 0.429601 -0.018358
v 0.444474 0.624474 -0.041902
v 0.444486 0.629498 -0.041943
v 0.457903 0.629477 -0.040685
v 0.457891 0.624452 -0.040644
v 0.444062 0.621998 -0.037549
v 0.457479 0.621976 -0.036291
v 0.444085 0.632047 -0.037631
v 0.457502 0.632026 -0.036373
v 0.444085 0.632047 -0.037631
v 0.443674 0.629571 -0.033278
v 0.457091 0.629550 -0.032020
v 0.457502 0.632026 -0.036373
v 0.443662 0.624546 -0.033237
v 0.457079 0.624524 -0.031979
v 0.360563 0.640698 -0.084199
v 0.379078 0.444693 -0.009629
v 0.376263 0.442541 -0.011848
v 0.448750 0.628204 -0.039981
v 0.451358 0.630199 -0.037638
v 0.373455 0.442316 -0.008936
v 0.446148 0.627996 -0.036906
v 0.376271 0.444469 -0.006718
v 0.448757 0.629991 -0.034563
v 0.379078 0.444693 -0.009629
v 0.451358 0.630199 -0.037638
v 0.443120 0.424413 -0.018398
v 0.443120 0.429184 -0.019975
v 0.456169 0.428129 -0.023168
v 0.456169 0.423358 -0.021591
v 0.444206 0.423351 -0.013608
v 0.457255 0.422295 -0.016801
v 0.444206 0.432893 -0.016762
v 0.457255 0.431837 -0.019955
v 0.444206 0.432893 -0.016762
v 0.445291 0.431829 -0.011973
v 0.458342 0.430774 -0.015166
v 0.457255 0.431837 -0.019955
v 0.445291 0.427059 -0.010395
v 0.458342 0.426003 -0.013589
v 0.493303 0.485911 -0.051541
v 0.495797 0.507108 -0.047494
v 0.493303 0.507025 -0.051813
v 0.500785 0.485827 -0.055861
v 0.500785 0.506940 -0.056133
v 0.353738 0.592878 -0.353935
v 0.477633 -0.240600 -0.474198
v 0.477633 -0.303053 -0.440177
v 0.477633 -0.365505 -0.474198
v 0.477633 -0.365505 -0.542239
v 0.506545 -0.365505 -0.543444
v 0.506545 -0.365505 -0.472993
v 0.506545 -0.303053 -0.437767
v 0.477633 -0.303053 -0.576260
v 0.506545 -0.303053 -0.578670
v 0.477633 -0.240600 -0.542239
v 0.506545 -0.240600 -0.472993
v 0.506545 -0.240600 -0.543444
v 0.354479 -0.266280 -0.616441
v 0.323346 -0.266280 -0.616441
v 0.323580 -0.260037 -0.616441
v 0.346954 -0.260037 -0.616441
v 0.346954 -0.197612 -0.616441
v 0.354726 -0.191369 -0.616441
v 0.323150 -0.191369 -0.616441
v 0.323580 -0.197612 -0.616441
v 0.346954 -0.260037 -0.054173
v 0.323580 -0.260037 -0.054172
v 0.323346 -0.266280 -0.054172
v 0.354479 -0.266280 -0.054173
v 0.354726 -0.191369 -0.054173
v 0.346954 -0.197612 -0.054173
v 0.323580 -0.197612 -0.054172
v 0.323150 -0.191369 -0.054172
v 0.346954 -0.197612 -0.054173
v 0.323580 -0.197612 -0.054172
v 0.323580 -0.197612 -0.616441
v 0.346954 -0.197612 -0.616441
v 0.346954 -0.260037 -0.054173
v 0.346954 -0.260037 -0.616441
v 0.323580 -0.260037 -0.054172
v 0.323580 -0.260037 -0.616441
v 0.354479 -0.266280 -0.054173
v 0.323346 -0.266280 -0.054172
v 0.323346 -0.266280 -0.616441
v 0.354479 -0.266280 -0.616441
v 0.323150 -0.191369 -0.054172
v 0.323150 -0.191369 -0.616441
v 0.354726 -0.191369 -0.616441
v 0.354726 -0.191369 -0.054173
v 0.323580 -0.260037 -0.616441
v 0.323580 -0.260037 -0.054172
v 0.365508 -0.232751 -0.559798
v 0.401265 -0.279335 -0.559798
v 0.401265 -0.350417 -0.559798
v 0.354681 -0.202120 -0.559798
v 0.365508 -0.202120 -0.559798
v 0.354681 -0.339927 -0.559798
v 0.302143 -0.339927 -0.559798
v 0.302143 -0.350417 -0.559798
v 0.354681 -0.202120 -0.456579
v 0.354681 -0.202120 -0.559798
v 0.354681 -0.339927 -0.559798
v 0.354681 -0.339927 -0.456579
v 0.365508 -0.232751 -0.559798
v 0.365508 -0.232751 -0.456579
v 0.302143 -0.339927 -0.559798
v 0.302143 -0.339927 -0.456579
v 0.365508 -0.202120 -0.559798
v 0.365508 -0.202120 -0.456579
v 0.302143 -0.350417 -0.559798
v 0.302143 -0.350417 -0.456579
v 0.365508 -0.202120 -0.456579
v 0.365508 -0.202120 -0.559798
v 0.302143 -0.350417 -0.456579
v 0.302143 -0.350417 -0.559798
v 0.401265 -0.350417 -0.559798
v 0.401265 -0.350417 -0.456579
v 0.310101 -0.487387 0.662938
v 0.310101 -0.425058 0.662938
v 0.331529 -0.425058 0.662938
v 0.331529 -0.487387 0.662938
v 0.331529 -0.487387 0.782725
v 0.310101 -0.487387 0.782725
v 0.331529 -0.487387 0.662938
v 0.196471 -0.373904 0.643733
v 0.198122 -0.368738 0.648072
v 0.200246 -0.359922 0.637634
v 0.198122 -0.385082 0.667427
v 0.198122 -0.395393 0.658720
v 0.198122 -0.379048 0.639365
v 0.200246 -0.370232 0.628927
v 0.210010 -0.257078 0.494936
v 0.210010 -0.246768 0.503643
v 0.232538 -0.234743 0.467330
v 0.232538 -0.224433 0.476036
v 0.273929 -0.221081 0.451843
v 0.273929 -0.210771 0.460550
v 0.298233 -0.221063 0.451822
v 0.298233 -0.210753 0.460528
v 0.307276 -0.224521 0.455917
v 0.307276 -0.214211 0.464625
v 0.201424 -0.395369 0.658692
v 0.201424 -0.379024 0.639337
v 0.208037 -0.370209 0.628899
v 0.217618 -0.258164 0.496221
v 0.237470 -0.238634 0.471938
v 0.274862 -0.226072 0.457753
v 0.298233 -0.226090 0.457774
v 0.201424 -0.385059 0.667399
v 0.201424 -0.368714 0.648044
v 0.208037 -0.359898 0.637605
v 0.217618 -0.247854 0.504928
v 0.237470 -0.228324 0.480644
v 0.274862 -0.215762 0.466460
v 0.298233 -0.215780 0.466481
v 0.307276 -0.214211 0.464625
v 0.298233 -0.215780 0.466481
v 0.274862 -0.215762 0.466460
v 0.237470 -0.228324 0.480644
v 0.217618 -0.247854 0.504928
v 0.208037 -0.359898 0.637605
v 0.203075 -0.373858 0.643677
v 0.201424 -0.368714 0.648044
v 0.201424 -0.385059 0.667399
v 0.201424 -0.384390 0.683790
v 0.201424 -0.360723 0.674756
v 0.208037 -0.347958 0.669884
v 0.217618 -0.185716 0.607955
v 0.237470 -0.156877 0.596149
v 0.274862 -0.139021 0.589810
v 0.298233 -0.139048 0.589820
v 0.196471 -0.404307 0.635889
v 0.198122 -0.416061 0.659303
v 0.198122 -0.410909 0.634499
v 0.200246 -0.408131 0.621121
v 0.210010 -0.372467 0.449409
v 0.232538 -0.365978 0.414496
v 0.273929 -0.361343 0.394371
v 0.298233 -0.361338 0.394344
v 0.307276 -0.362428 0.399593
v 0.201424 -0.416054 0.659267
v 0.201424 -0.410901 0.634463
v 0.208037 -0.408123 0.621085
v 0.217618 -0.372809 0.451055
v 0.237470 -0.367205 0.420401
v 0.274862 -0.362916 0.401944
v 0.298233 -0.362923 0.401972
v 0.208037 -0.394911 0.623830
v 0.201424 -0.397689 0.637207
v 0.203075 -0.404291 0.635817
v 0.201424 -0.402841 0.662011
v 0.217618 -0.359596 0.453799
v 0.237470 -0.353992 0.423145
v 0.274862 -0.349704 0.404689
v 0.298233 -0.349710 0.404716
v 0.307276 -0.349216 0.402337
v 0.300299 -0.438830 0.679392
v 0.299478 -0.440638 0.687139
v 0.300299 -0.443790 0.679392
v 0.301120 -0.440638 0.671644
v 0.198122 -0.384425 0.683803
v 0.198122 -0.389237 0.671196
v 0.201424 -0.389203 0.671183
v 0.201424 -0.384390 0.683790
v 0.030188 -0.430893 0.650337
v 0.259920 -0.432847 0.675112
v 0.280005 -0.438082 0.677241
v 0.300299 -0.438830 0.679392
v 0.198122 -0.402848 0.662047
v 0.198122 -0.416061 0.659303
v 0.201424 -0.416054 0.659267
v 0.201424 -0.402841 0.662011
v 0.309909 -0.452015 0.702039
v 0.279476 -0.452015 0.688305
v 0.279476 -0.460430 0.688305
v 0.309909 -0.486146 0.702039
v 0.279476 -0.452015 0.669805
v 0.309909 -0.452015 0.702039
v 0.309909 -0.452015 0.662938
v 0.209293 -0.355290 0.708193
v 0.209293 -0.355290 0.770522
v 0.209293 -0.385921 0.770522
v 0.209293 -0.385921 0.708193
v 0.145928 -0.479948 0.708193
v 0.145928 -0.479948 0.770522
v 0.198466 -0.479948 0.770522
v 0.198466 -0.479948 0.708193
v 0.245050 -0.432505 0.708193
v 0.198466 -0.355290 0.770522
v 0.198466 -0.355290 0.708193
v 0.245050 -0.490438 0.708193
v 0.209293 -0.385921 0.708193
v 0.198466 -0.355290 0.708193
v 0.209293 -0.355290 0.708193
v 0.198466 -0.479948 0.708193
v 0.145928 -0.479948 0.708193
v 0.145928 -0.490438 0.708193
v 0.309909 -0.486146 0.702039
v 0.279476 -0.460430 0.669805
v 0.309909 -0.486146 0.662938
v 0.198122 -0.385082 0.667427
v 0.198122 -0.395393 0.658720
v 0.201424 -0.395369 0.658692
v 0.201424 -0.385059 0.667399
v 0.145928 -0.490438 0.770522
v 0.145928 -0.490438 0.708193
v 0.245050 -0.490438 0.708193
v 0.245050 -0.490438 0.770522
v 0.209293 -0.355290 0.770522
v 0.209293 -0.355290 0.708193
v 0.145928 -0.490438 0.708193
v 0.145928 -0.490438 0.770522
v 0.309909 -0.452015 0.662938
v 0.309909 -0.486146 0.662938
v 0.310101 -0.425058 0.782725
v 0.331529 -0.425058 0.782725
v 0.331529 -0.425058 0.662938
v 0.331529 -0.425058 0.782725
v 0.331529 -0.487387 0.782725
v 0.113130 0.635661 -0.635953
v 0.113130 0.681833 -0.635953
v 0.245042 0.681833 -0.635953
v 0.245042 0.635661 -0.635953
v 0.190739 -0.346835 1.092653
v 0.167366 -0.346835 1.092653
v 0.167130 -0.432537 0.708193
v 0.167130 -0.432537 0.454739
v 0.206938 -0.339044 0.575177
v 0.206917 -0.346138 0.575177
v 0.206917 -0.346138 0.454739
v 0.206938 -0.339044 0.454739
v 0.166934 -0.339044 1.092653
v 0.198529 -0.339044 0.575177
v 0.198529 -0.339044 0.684253
v 0.206938 -0.339044 0.684253
v 0.206938 -0.339044 1.092653
v 0.198510 -0.346138 0.454739
v 0.198473 -0.346138 0.575177
v 0.198529 -0.339044 0.575177
v 0.198529 -0.339044 0.684253
v 0.198473 -0.346138 0.684253
v 0.198510 -0.346138 1.092653
v 0.167130 -0.432537 0.770424
v 0.167131 -0.432537 1.092653
v 0.206917 -0.346138 0.684253
v 0.206917 -0.346138 1.092653
v 0.198529 -0.339044 0.575177
v 0.198473 -0.346138 0.575177
v 0.206917 -0.346138 0.575177
v 0.206938 -0.339044 0.575177
v 0.254027 0.630086 -0.043677
v 0.256783 0.621011 -0.040786
v 0.105751 0.517438 -0.027163
v 0.245724 0.633906 -0.045133
v 0.245724 0.633906 -0.045133
v 0.008467 0.433570 -0.012184
v 0.007038 0.438825 -0.004210
v 0.201956 0.586713 -0.061399
v 0.203384 0.581459 -0.069374
v 0.110883 0.509917 -0.030354
v 0.105852 0.515783 -0.032332
v 0.205472 0.582614 -0.060016
v 0.201956 0.586713 -0.061399
v 0.252330 0.622384 -0.053069
v 0.250714 0.618376 -0.051717
v 0.250852 0.613474 -0.066608
v 0.252467 0.617483 -0.067959
v 0.245002 0.625036 -0.053958
v 0.249473 0.625714 -0.054190
v 0.249611 0.620813 -0.069080
v 0.245140 0.620135 -0.068848
v 0.246242 0.617697 -0.051486
v 0.246380 0.612797 -0.066376
v 0.243387 0.621028 -0.052606
v 0.243525 0.616126 -0.067496
v 0.246242 0.617697 -0.051486
v 0.246380 0.612797 -0.066376
v 0.155215 0.243477 -0.687685
v 0.142971 0.250586 -0.675221
v 0.307207 0.321364 -0.669051
v 0.319986 0.314560 -0.681573
v 0.142971 0.250586 -0.653299
v 0.307207 0.321364 -0.649764
v 0.347417 -0.451044 -1.104713
v 0.327448 -0.457041 -1.105011
v 0.323892 -0.444974 -1.109532
v 0.343861 -0.438978 -1.109233
v 0.319200 -0.428773 -1.121088
v 0.339169 -0.422777 -1.120789
v 0.341585 -0.429793 -1.141419
v 0.321616 -0.435789 -1.141718
v 0.350973 -0.462601 -1.110411
v 0.331003 -0.468598 -1.110709
v 0.352445 -0.466879 -1.122988
v 0.332476 -0.472875 -1.123287
v 0.347417 -0.448748 -1.150764
v 0.327448 -0.454744 -1.151063
v 0.350973 -0.461372 -1.135078
v 0.331003 -0.467368 -1.135377
v 0.347417 -0.449305 -1.139598
v 0.327448 -0.455301 -1.139897
v 0.353248 -0.468539 -1.143351
v 0.333280 -0.474536 -1.143650
v 0.343861 -0.437748 -1.133900
v 0.323892 -0.443744 -1.134199
v 0.342388 -0.433471 -1.121322
v 0.322420 -0.439467 -1.121621
v 0.355664 -0.477573 -1.123522
v 0.335695 -0.483569 -1.123821
v 0.322420 -0.439467 -1.121621
v 0.342388 -0.433471 -1.121322
v 0.353248 -0.470557 -1.102891
v 0.333280 -0.476553 -1.103191
v 0.347417 -0.451602 -1.093546
v 0.327448 -0.457598 -1.093845
v 0.341585 -0.431810 -1.100959
v 0.321616 -0.437807 -1.101258
v 0.293164 -0.332723 -1.054164
v 0.322936 -0.406633 -1.087496
v 0.300033 -0.332181 -1.050982
v 0.315956 -0.407184 -1.090729
v 0.321616 -0.437807 -1.101258
v 0.365466 -0.442655 -1.122298
v 0.298281 -0.442655 -1.122298
v 0.298281 -0.445777 -1.114693
v 0.365466 -0.445777 -1.114693
v 0.365466 -0.460964 -1.114647
v 0.298281 -0.460964 -1.114647
v 0.298281 -0.464134 -1.122231
v 0.365466 -0.464134 -1.122231
v 0.298281 -0.464134 -1.122231
v 0.298281 -0.460964 -1.114647
v 0.298281 -0.453361 -1.111525
v 0.298281 -0.445777 -1.114693
v 0.298281 -0.442655 -1.122298
v 0.298281 -0.445824 -1.129882
v 0.298281 -0.453428 -1.133003
v 0.298281 -0.461012 -1.129834
v 0.365466 -0.445824 -1.129882
v 0.298281 -0.445824 -1.129882
v 0.365466 -0.464134 -1.122231
v 0.298281 -0.464134 -1.122231
v 0.298281 -0.461012 -1.129834
v 0.365466 -0.461012 -1.129834
v 0.365466 -0.453361 -1.111525
v 0.298281 -0.453361 -1.111525
v 0.298281 -0.453428 -1.133003
v 0.365466 -0.453428 -1.133003
v 0.356108 -0.419191 -1.102078
v 0.355438 -0.452836 -1.200359
v 0.355400 -0.466099 -1.205853
v 0.355400 -0.439573 -1.205853
v 0.355458 -0.419191 -1.197363
v 0.355309 -0.422072 -1.219115
v 0.355309 -0.434079 -1.219115
v 0.355161 -0.431083 -1.240868
v 0.355219 -0.439573 -1.232378
v 0.355100 -0.452836 -1.249878
v 0.355181 -0.452836 -1.237871
v 0.355161 -0.474589 -1.240868
v 0.355219 -0.466099 -1.232378
v 0.355309 -0.483599 -1.219115
v 0.355309 -0.471592 -1.219115
v 0.355458 -0.486480 -1.197363
v 0.356108 -0.486480 -1.102078
v 0.257629 -0.419191 -0.744486
v 0.257629 -0.486480 -0.744486
v -0.182939 -0.337490 1.090447
v 0.183419 -0.337490 1.025232
v 0.181930 -0.337490 1.090447
v 0.174759 -0.337490 1.106977
v 0.158826 -0.337490 1.114099
v -0.000504 -0.337490 1.120509
v -0.159835 -0.337490 1.114099
v -0.175766 -0.337490 1.106977
v -0.184427 -0.337490 1.025232
v 0.373830 -0.486480 -1.099847
v 0.373291 -0.452836 -1.200482
v 0.373253 -0.439573 -1.205975
v 0.373253 -0.466099 -1.205975
v 0.373311 -0.486480 -1.197484
v 0.373163 -0.483599 -1.219237
v 0.373163 -0.471592 -1.219237
v 0.373015 -0.474589 -1.240989
v 0.373072 -0.466099 -1.232499
v 0.372953 -0.452836 -1.250000
v 0.373035 -0.452836 -1.237993
v 0.373015 -0.431083 -1.240989
v 0.373072 -0.439573 -1.232499
v 0.373163 -0.422072 -1.219237
v 0.373163 -0.434079 -1.219237
v 0.373311 -0.419191 -1.197484
v 0.373829 -0.419191 -1.099847
v 0.209342 -0.452836 -0.521117
v 0.203958 -0.483599 -0.503150
v 0.203958 -0.471592 -0.503150
v 0.195129 -0.452836 -0.473680
v 0.198575 -0.452836 -0.485183
v 0.203958 -0.422072 -0.503150
v 0.203958 -0.434079 -0.503150
v 0.355309 -0.422072 -1.219115
v 0.373015 -0.431083 -1.240989
v 0.355161 -0.431083 -1.240868
v 0.373163 -0.422072 -1.219237
v 0.355458 -0.419191 -1.197363
v 0.373311 -0.419191 -1.197484
v 0.373829 -0.419191 -1.099847
v 0.356108 -0.419191 -1.102078
v 0.257629 -0.419191 -0.744486
v 0.244137 -0.419191 -0.699455
v 0.186856 -0.422072 -0.508274
v 0.203078 -0.419191 -0.720594
v 0.211710 -0.419191 -0.749407
v 0.357016 0.190941 -0.598531
v 0.376919 0.188124 -0.604223
v 0.244137 -0.486480 -0.699455
v 0.192240 -0.452836 -0.526241
v 0.186856 -0.434079 -0.508274
v 0.186856 -0.471592 -0.508274
v 0.186856 -0.483599 -0.508274
v 0.181473 -0.452836 -0.490307
v 0.178027 -0.452836 -0.478805
v 0.186856 -0.422072 -0.508274
v 0.244137 -0.419191 -0.699455
v 0.178027 -0.452836 -0.478805
v 0.195129 -0.452836 -0.473680
v 0.181473 -0.452836 -0.490307
v 0.198575 -0.452836 -0.485183
v 0.203958 -0.471592 -0.503150
v 0.186856 -0.471592 -0.508274
v 0.178027 -0.452836 -0.478805
v 0.186856 -0.483599 -0.508274
v 0.195129 -0.452836 -0.473680
v 0.186856 -0.434079 -0.508274
v 0.203958 -0.434079 -0.503150
v 0.373830 -0.486480 -1.099847
v 0.257629 -0.486480 -0.744486
v 0.356108 -0.486480 -1.102078
v 0.373311 -0.486480 -1.197484
v 0.355458 -0.486480 -1.197363
v 0.355309 -0.483599 -1.219115
v 0.373163 -0.483599 -1.219237
v 0.355161 -0.474589 -1.240868
v 0.373015 -0.474589 -1.240989
v 0.244137 -0.486480 -0.699455
v 0.211710 -0.486480 -0.749407
v 0.203078 -0.486480 -0.720594
v 0.192240 -0.452836 -0.526241
v 0.209342 -0.452836 -0.521117
v 0.203958 -0.471592 -0.503150
v 0.186856 -0.471592 -0.508274
v 0.373035 -0.452836 -1.237993
v 0.355181 -0.452836 -1.237871
v 0.355219 -0.466099 -1.232378
v 0.373072 -0.466099 -1.232499
v 0.373072 -0.439573 -1.232499
v 0.355219 -0.439573 -1.232378
v 0.373163 -0.434079 -1.219237
v 0.355309 -0.434079 -1.219115
v 0.373253 -0.439573 -1.205975
v 0.355400 -0.439573 -1.205853
v 0.373291 -0.452836 -1.200482
v 0.355438 -0.452836 -1.200359
v 0.373253 -0.466099 -1.205975
v 0.355400 -0.466099 -1.205853
v 0.373163 -0.471592 -1.219237
v 0.355309 -0.471592 -1.219115
v 0.355309 -0.471592 -1.219115
v 0.373163 -0.471592 -1.219237
v 0.372953 -0.452836 -1.250000
v 0.355100 -0.452836 -1.249878
v 0.355100 -0.452836 -1.249878
v 0.372953 -0.452836 -1.250000
v 0.211710 -0.486480 -0.749407
v 0.203078 -0.486480 -0.720594
v 0.203078 -0.419191 -0.720594
v 0.211710 -0.419191 -0.749407
v 0.163147 -0.441177 -0.505287
v 0.230332 -0.441177 -0.505287
v 0.230332 -0.455524 -0.514865
v 0.163147 -0.455524 -0.514865
v 0.230332 -0.465612 -0.505363
v 0.163147 -0.465612 -0.505363
v 0.230332 -0.465612 -0.505363
v 0.230332 -0.455524 -0.514865
v 0.230332 -0.441177 -0.505287
v 0.230332 -0.451264 -0.495785
v 0.163147 -0.451264 -0.495785
v 0.230332 -0.451264 -0.495785
v 0.163147 -0.465612 -0.505363
v 0.230332 -0.465612 -0.505363
v 0.248545 -0.184872 -1.002829
v 0.241937 -0.190015 -0.996812
v 0.242480 -0.194469 -0.987529
v 0.249856 -0.195628 -0.980417
v 0.259744 -0.192812 -0.979643
v 0.266354 -0.187669 -0.985661
v 0.265811 -0.183214 -0.994944
v 0.258434 -0.182055 -1.002055
v 0.304866 -0.332127 -1.049143
v 0.298192 -0.307238 -1.032360
v 0.285123 -0.310960 -1.033383
v 0.294977 -0.334945 -1.049916
v 0.275374 -0.309429 -1.042781
v 0.287601 -0.333786 -1.057027
v 0.274657 -0.303541 -1.055050
v 0.287058 -0.329330 -1.066310
v 0.283391 -0.296745 -1.063003
v 0.293666 -0.324189 -1.072327
v 0.296460 -0.293023 -1.061980
v 0.303555 -0.321372 -1.071554
v 0.306209 -0.294554 -1.052582
v 0.310932 -0.322530 -1.064443
v 0.306926 -0.300442 -1.040313
v 0.311475 -0.326985 -1.055160
v 0.259744 -0.192812 -0.979643
v 0.270020 -0.220254 -0.988968
v 0.278755 -0.213459 -0.996921
v 0.266354 -0.187669 -0.985661
v 0.278037 -0.207570 -1.009189
v 0.265811 -0.183214 -0.994944
v 0.268288 -0.206039 -1.018588
v 0.258434 -0.182055 -1.002055
v 0.255219 -0.209762 -1.019610
v 0.248545 -0.184872 -1.002829
v 0.246485 -0.216558 -1.011658
v 0.241937 -0.190015 -0.996812
v 0.247202 -0.222446 -0.999389
v 0.242480 -0.194469 -0.987529
v 0.256951 -0.223977 -0.989991
v 0.249856 -0.195628 -0.980417
v 0.270020 -0.220254 -0.988968
v 0.259744 -0.192812 -0.979643
v 0.298192 -0.307238 -1.032360
v 0.304866 -0.332127 -1.049143
v 0.287058 -0.329330 -1.066310
v 0.293666 -0.324189 -1.072327
v 0.303555 -0.321372 -1.071554
v 0.310932 -0.322530 -1.064443
v 0.311475 -0.326985 -1.055160
v 0.304866 -0.332127 -1.049143
v 0.294977 -0.334945 -1.049916
v 0.287601 -0.333786 -1.057027
v 0.259032 -0.194014 -0.983713
v 0.229576 -0.102625 -0.938624
v 0.222215 -0.104722 -0.939200
v 0.251670 -0.196110 -0.984289
v 0.245776 -0.191932 -0.996492
v 0.216320 -0.100543 -0.951403
v 0.221240 -0.096716 -0.955882
v 0.250695 -0.188104 -1.000971
v 0.263950 -0.190186 -0.988192
v 0.234495 -0.098798 -0.943103
v 0.246180 -0.195248 -0.989582
v 0.216725 -0.103860 -0.944493
v 0.228601 -0.094620 -0.955306
v 0.258055 -0.186007 -1.000396
v 0.263547 -0.186870 -0.995102
v 0.234091 -0.095481 -0.950013
v 0.251670 -0.196110 -0.984289
v 0.222215 -0.104722 -0.939200
v 0.213644 -0.094184 -0.967005
v 0.253010 -0.082579 -0.944409
v 0.247741 -0.090639 -0.951505
v 0.208436 -0.080293 -0.960342
v 0.179673 -0.015264 -0.930856
v 0.186734 -0.014530 -0.927646
v 0.203582 -0.087718 -0.966879
v 0.218498 -0.086759 -0.960468
v 0.238472 -0.084683 -0.951389
v 0.243741 -0.076623 -0.944292
v 0.229101 -0.010125 -0.908386
v 0.222040 -0.010859 -0.911596
v 0.233969 -0.092320 -0.919206
v 0.219329 -0.025822 -0.883299
v 0.212268 -0.026556 -0.886509
v 0.237969 -0.106337 -0.926418
v 0.193810 -0.103415 -0.941792
v 0.203873 -0.109882 -0.941918
v 0.176962 -0.030227 -0.902559
v 0.169901 -0.030961 -0.905769
v 0.198663 -0.095991 -0.935255
v 0.208726 -0.102457 -0.935382
v 0.228700 -0.100380 -0.926302
v 0.243237 -0.098276 -0.919322
v 0.224055 -0.007123 -0.897972
v 0.219584 -0.014305 -0.886495
v 0.170156 -0.019444 -0.908965
v 0.174628 -0.012263 -0.920442
v 0.179673 -0.015264 -0.930856
v 0.181688 -0.011529 -0.917232
v 0.174628 -0.012263 -0.920442
v 0.170156 -0.019444 -0.908965
v 0.177217 -0.018710 -0.905755
v 0.198663 -0.095991 -0.935255
v 0.181688 -0.011529 -0.917232
v 0.177217 -0.018710 -0.905755
v 0.176962 -0.030227 -0.902559
v 0.228700 -0.100380 -0.926302
v 0.208726 -0.102457 -0.935382
v 0.212523 -0.015039 -0.889705
v 0.216994 -0.007857 -0.901182
v 0.233969 -0.092320 -0.919206
v 0.212268 -0.026556 -0.886509
v 0.224055 -0.007123 -0.897972
v 0.216994 -0.007857 -0.901182
v 0.212523 -0.015039 -0.889705
v 0.219584 -0.014305 -0.886495
v 0.174628 -0.012263 -0.920442
v 0.181688 -0.011529 -0.917232
v 0.216994 -0.007857 -0.901182
v 0.224055 -0.007123 -0.897972
v 0.146785 -0.059664 -0.771716
v 0.158694 -0.104073 -0.768825
v 0.146820 -0.097022 -0.786400
v 0.158694 -0.065261 -0.752748
v 0.158694 -0.117763 -0.712090
v 0.158694 -0.064497 -0.734153
v 0.158694 -0.073636 -0.712090
v 0.158694 -0.095699 -0.702951
v 0.158694 -0.126901 -0.734153
v 0.158694 -0.117763 -0.756217
v 0.158694 -0.117763 -0.712090
v 0.115264 -0.117763 -0.712090
v 0.203815 -0.016848 -0.898095
v 0.198092 -0.022530 -0.884472
v 0.203019 -0.026816 -0.894130
v 0.200591 -0.010704 -0.892535
v 0.207590 -0.012568 -0.907213
v 0.206754 -0.003716 -0.907420
v 0.212133 -0.016482 -0.916143
v 0.214171 -0.010107 -0.921998
v 0.214783 -0.026299 -0.919653
v 0.218497 -0.026132 -0.927729
v 0.213989 -0.036266 -0.915688
v 0.217199 -0.042405 -0.921256
v 0.210214 -0.040547 -0.906570
v 0.211037 -0.049392 -0.906371
v 0.205670 -0.036632 -0.897641
v 0.204819 -0.047447 -0.893383
v 0.199616 -0.054855 -0.875924
v 0.192747 -0.027924 -0.867414
v 0.156403 -0.085690 -0.811248
v 0.151874 -0.052382 -0.800448
v 0.158694 -0.095699 -0.702951
v 0.115264 -0.095699 -0.702951
v 0.200091 -0.017740 -0.921719
v 0.202141 -0.011363 -0.927568
v 0.206468 -0.027388 -0.933299
v 0.195547 -0.013825 -0.912789
v 0.191772 -0.018105 -0.903671
v 0.190977 -0.028073 -0.899706
v 0.193627 -0.037889 -0.903216
v 0.192790 -0.048702 -0.898953
v 0.198171 -0.041804 -0.912146
v 0.199007 -0.050648 -0.911940
v 0.201946 -0.037524 -0.921264
v 0.205170 -0.043661 -0.926826
v 0.202741 -0.027557 -0.925229
v 0.115264 -0.104073 -0.768825
v 0.184148 -0.056470 -0.883086
v 0.139221 -0.085690 -0.818320
v 0.127138 -0.097022 -0.786400
v 0.210214 -0.040547 -0.906570
v 0.220587 -0.034113 -0.901657
v 0.217766 -0.031682 -0.896113
v 0.205670 -0.036632 -0.897641
v 0.214783 -0.026299 -0.919653
v 0.223425 -0.025266 -0.909781
v 0.222931 -0.031455 -0.907319
v 0.213989 -0.036266 -0.915688
v 0.183839 -0.037950 -0.918672
v 0.198171 -0.041804 -0.912146
v 0.193627 -0.037889 -0.903216
v 0.181018 -0.035519 -0.913127
v 0.216120 -0.025587 -0.893933
v 0.203019 -0.026816 -0.894130
v 0.186677 -0.029103 -0.926796
v 0.202741 -0.027557 -0.925229
v 0.201946 -0.037524 -0.921264
v 0.186183 -0.035292 -0.924334
v 0.190977 -0.028073 -0.899706
v 0.179372 -0.029424 -0.910947
v 0.206468 -0.027388 -0.933299
v 0.218497 -0.026132 -0.927729
v 0.216614 -0.019398 -0.896395
v 0.203815 -0.016848 -0.898095
v 0.185031 -0.023008 -0.924616
v 0.200091 -0.017740 -0.921719
v 0.191772 -0.018105 -0.903671
v 0.179866 -0.023235 -0.913410
v 0.218959 -0.016740 -0.902057
v 0.207590 -0.012568 -0.907213
v 0.212133 -0.016482 -0.916143
v 0.221779 -0.019171 -0.907601
v 0.195547 -0.013825 -0.912789
v 0.182210 -0.020577 -0.919071
v 0.218497 -0.026132 -0.927729
v 0.206468 -0.027388 -0.933299
v 0.198171 -0.041804 -0.912146
v 0.183839 -0.037950 -0.918672
v 0.220587 -0.034113 -0.901657
v 0.210214 -0.040547 -0.906570
v 0.380860 0.211121 -0.212831
v 0.380860 0.211121 -0.158557
v 0.380860 0.207275 -0.154944
v 0.380860 0.192819 -0.154944
v 0.385996 0.025556 0.066222
v 0.385996 0.025556 0.058431
v 0.379248 0.025556 0.054535
v 0.379248 0.025556 0.054535
v 0.379248 0.056720 0.054535
v 0.385996 0.056720 0.058431
v 0.385996 0.025556 0.058431
v -0.381966 0.230127 -0.317960
v -0.381966 0.202910 -0.328566
v -0.381966 0.185056 -0.255263
v -0.381966 0.230127 0.046817
v -0.381966 0.152061 -0.185819
v -0.381966 0.099043 -0.116602
v -0.381966 0.029395 -0.064975
v -0.380552 0.096713 -0.119096
v -0.380553 0.149289 -0.187426
v -0.380553 0.182037 -0.256380
v -0.380553 0.200931 -0.331765
v -0.380553 0.230127 -0.331765
v -0.381966 0.230127 -0.328566
v -0.350120 0.616357 -0.332083
v -0.351784 0.613167 -0.328880
v -0.350120 0.616357 -0.097668
v -0.351784 0.613167 -0.099807
v -0.352795 0.600340 -0.100780
v -0.381966 0.230127 0.059287
v -0.352795 0.600340 -0.317960
v -0.380552 -0.119818 -0.029961
v -0.380552 -0.180426 -0.030112
v -0.381966 -0.176826 -0.026761
v -0.380553 0.230127 0.062549
v -0.380552 -0.180380 0.062280
v -0.381966 -0.176783 0.059737
v -0.381966 -0.119177 -0.026761
v -0.381512 -0.046949 -0.037131
v -0.380552 -0.047422 -0.039289
v -0.381053 0.028501 -0.066842
v -0.380552 0.028012 -0.067865
v -0.381966 -0.046727 -0.036112
v -0.617467 -0.284755 -0.476160
v -0.617467 -0.303264 -0.471201
v -0.540701 -0.303264 -0.471201
v -0.540701 -0.284755 -0.476160
v -0.617467 -0.271206 -0.489710
v -0.540701 -0.271206 -0.489710
v -0.617467 -0.266246 -0.508219
v -0.540701 -0.266246 -0.508219
v -0.617467 -0.271206 -0.526727
v -0.540701 -0.271206 -0.526727
v -0.617467 -0.284755 -0.540277
v -0.540701 -0.284755 -0.540277
v -0.617467 -0.303264 -0.545236
v -0.540701 -0.303264 -0.545236
v -0.617467 -0.321772 -0.540277
v -0.540701 -0.321772 -0.540277
v -0.617467 -0.335322 -0.526727
v -0.540701 -0.335322 -0.526727
v -0.617467 -0.340282 -0.508219
v -0.540701 -0.340282 -0.508219
v -0.617467 -0.335322 -0.489710
v -0.617467 -0.340282 -0.508219
v -0.540701 -0.340282 -0.508219
v -0.540701 -0.335322 -0.489710
v -0.617467 -0.321772 -0.476160
v -0.540701 -0.321772 -0.476160
v -0.543754 -0.390733 -0.595914
v -0.502655 -0.390733 -0.595914
v -0.502655 -0.427054 -0.508226
v -0.543754 -0.427054 -0.508226
v -0.543754 -0.390733 -0.420539
v -0.502655 -0.390733 -0.420539
v -0.502655 -0.303046 -0.384219
v -0.543754 -0.303046 -0.384219
v -0.543754 -0.303046 -0.632235
v -0.502655 -0.303046 -0.632235
v -0.543754 -0.215359 -0.595914
v -0.502655 -0.215359 -0.595914
v -0.543754 -0.427054 -0.508226
v -0.502655 -0.427054 -0.508226
v -0.531375 -0.527388 -0.629696
v -0.531375 -0.424515 -0.732569
v -0.543754 -0.203722 -0.693455
v -0.543754 -0.402370 -0.693455
v -0.566869 -0.402370 -0.693455
v -0.566869 -0.203722 -0.693455
v -0.579248 -0.424515 -0.732569
v -0.579248 -0.527388 -0.629696
v -0.531375 -0.424767 -0.283632
v -0.531375 -0.527641 -0.386505
v -0.543754 -0.117974 -0.408860
v -0.543754 -0.117818 -0.607551
v -0.566869 -0.117818 -0.607551
v -0.566869 -0.117858 -0.408892
v -0.579248 -0.527641 -0.386505
v -0.579248 -0.424767 -0.283632
v -0.579248 -0.184102 -0.286409
v -0.579248 -0.081228 -0.389283
v -0.531375 -0.081228 -0.389283
v -0.531375 -0.184102 -0.286409
v -0.566869 -0.203722 -0.322999
v -0.566869 -0.402370 -0.322999
v -0.543754 -0.402370 -0.322999
v -0.543754 -0.203722 -0.322999
v -0.566869 -0.488275 -0.408902
v -0.566869 -0.488275 -0.607551
v -0.543754 -0.488275 -0.607551
v -0.543754 -0.488275 -0.408902
v -0.579248 -0.081228 -0.627171
v -0.579248 -0.184102 -0.730044
v -0.531375 -0.184102 -0.730044
v -0.531375 -0.081228 -0.627171
v -0.532420 0.145333 -0.336955
v -0.521084 0.132802 -0.275528
v -0.528734 0.132802 -0.275528
v -0.541238 0.145333 -0.336955
v -0.535501 0.154945 -0.413114
v -0.544636 0.154945 -0.413114
v -0.538891 0.158754 -0.496879
v -0.548375 0.158754 -0.496879
v -0.541942 0.154940 -0.572310
v -0.551740 0.154940 -0.572310
v -0.545028 0.145323 -0.648579
v -0.555144 0.145323 -0.648579
v -0.555144 0.135481 -0.696323
v -0.545028 0.135040 -0.696216
v -0.555144 0.107332 -0.760056
v -0.545028 0.106348 -0.759590
v -0.555144 0.061512 -0.838337
v -0.389501 0.057582 -0.833660
v -0.383597 0.058390 -0.838337
v -0.422322 -0.226943 -0.058965
v -0.389501 -0.229467 -0.058965
v -0.383597 -0.234970 -0.055207
v -0.425300 -0.231736 -0.056492
v -0.430640 -0.224066 -0.061090
v -0.436677 -0.224066 -0.061090
v -0.448354 -0.119576 -0.072853
v -0.452443 -0.119576 -0.072853
v -0.465090 -0.056530 -0.084807
v -0.469519 -0.056530 -0.084807
v -0.480865 0.005350 -0.111704
v -0.485616 0.005350 -0.111704
v -0.495922 0.062202 -0.163290
v -0.500979 0.062202 -0.163290
v -0.508731 0.103792 -0.214858
v -0.515108 0.103792 -0.214858
v -0.439020 -0.125204 -0.049734
v -0.436944 -0.203005 -0.051210
v -0.427382 -0.205125 -0.042634
v -0.486313 0.083623 -0.137746
v -0.500435 0.130230 -0.199146
v -0.471340 0.018197 -0.086923
v -0.455974 -0.051267 -0.061384
v -0.383597 -0.205125 -0.042634
v -0.428766 -0.123522 -0.041653
v -0.445240 -0.049521 -0.053616
v -0.460554 0.021718 -0.080131
v -0.522858 0.201555 -0.496777
v -0.383597 0.201555 -0.496777
v -0.383597 0.197741 -0.572208
v -0.519184 0.197746 -0.413012
v -0.383597 0.197746 -0.413012
v -0.515850 0.188134 -0.336966
v -0.383597 0.188134 -0.336966
v -0.502579 0.168832 -0.261844
v -0.383597 0.168832 -0.261844
v -0.489841 0.136777 -0.195254
v -0.383597 0.136777 -0.195254
v -0.475595 0.089420 -0.132126
v -0.383597 0.089420 -0.132126
v -0.383597 0.021718 -0.080131
v -0.383597 -0.049521 -0.053616
v -0.383597 -0.123522 -0.041653
v -0.383597 0.096516 -0.818735
v -0.539730 0.180180 -0.646495
v -0.540079 0.163884 -0.703199
v -0.540524 0.130700 -0.771111
v -0.540866 0.095584 -0.819625
v -0.529335 0.105488 -0.809556
v -0.383597 0.105488 -0.809556
v -0.529379 0.135545 -0.773402
v -0.383597 0.135545 -0.773402
v -0.529456 0.170732 -0.704857
v -0.383597 0.170732 -0.704857
v -0.529515 0.188124 -0.648579
v -0.383597 0.188124 -0.648579
v -0.526166 0.197741 -0.572208
v -0.536504 0.189881 -0.572227
v -0.533228 0.193780 -0.496795
v -0.529590 0.190066 -0.413030
v -0.526348 0.180537 -0.338374
v -0.513128 0.161773 -0.264525
v -0.383597 -0.155967 -0.124642
v -0.383597 -0.234970 -0.055207
v -0.389501 -0.229467 -0.058965
v -0.389501 -0.155967 -0.124642
v -0.383597 -0.069256 -0.189403
v -0.389501 -0.069256 -0.189403
v -0.389501 0.126144 -0.768955
v -0.389501 0.094406 -0.813281
v -0.389501 0.057582 -0.833660
v -0.389501 0.157190 -0.701579
v -0.389501 0.171094 -0.646856
v -0.389501 -0.077427 -0.648579
v -0.389501 0.181016 -0.572248
v -0.389501 0.185139 -0.496816
v -0.389501 0.181672 -0.413050
v -0.389501 0.172361 -0.339424
v -0.389501 0.154792 -0.267176
v -0.389501 0.124129 -0.202772
v -0.389501 0.078119 -0.141654
v -0.389501 0.015334 -0.092446
v -0.389501 -0.052762 -0.068040
v -0.389501 -0.113520 -0.062200
v -0.389501 -0.212958 -0.050840
v -0.383597 -0.077427 -0.648579
v -0.383597 0.058390 -0.838337
v -0.515312 0.174484 -0.760985
v -0.516887 0.175136 -0.759409
v -0.511103 0.180921 -0.759409
v -0.403689 0.180921 -0.759409
v -0.399481 0.174484 -0.760985
v -0.397906 0.175136 -0.759409
v -0.399481 0.135637 -0.760985
v -0.397906 0.135918 -0.759409
v -0.522209 0.177909 -0.741680
v -0.522209 0.177909 -0.658710
v -0.515907 0.184211 -0.658710
v -0.398886 0.184211 -0.658710
v -0.522209 0.174095 -0.658710
v -0.522209 0.145485 -0.741680
v -0.392584 0.177909 -0.741680
v -0.392584 0.177909 -0.658710
v -0.392584 0.174095 -0.658710
v -0.392584 0.145485 -0.741680
v -0.511103 0.180921 -0.736551
v -0.403689 0.180921 -0.736551
v -0.397906 0.175136 -0.736551
v -0.397906 0.147128 -0.736549
v -0.298964 -0.134287 0.767168
v -0.298964 -0.107511 0.730598
v -0.298964 -0.112071 0.744345
v -0.298964 -0.128972 0.664578
v -0.298964 -0.110610 0.661054
v -0.298964 -0.135468 0.580703
v -0.298964 -0.127649 0.578126
v -0.298964 -0.161275 0.506371
v -0.298964 -0.168086 0.511170
v -0.298964 -0.216897 0.458349
v -0.298964 -0.210965 0.451612
v -0.298964 -0.280958 0.411903
v -0.298964 -0.284012 0.419602
v -0.298964 -0.355244 0.398788
v -0.298964 -0.353565 0.390758
v -0.298964 -0.416196 0.380900
v -0.298964 -0.416038 0.399527
v -0.298964 -0.502299 0.412403
v -0.430105 -0.113048 0.738694
v -0.454946 -0.134287 0.759215
v -0.454946 -0.140046 0.666705
v -0.430105 -0.116905 0.662263
v -0.454946 -0.156057 0.589132
v -0.430105 -0.133642 0.580366
v -0.430105 -0.166832 0.510286
v -0.454946 -0.185916 0.523732
v -0.454946 -0.231734 0.475398
v -0.430105 -0.215982 0.457227
v -0.430105 -0.283577 0.418505
v -0.454946 -0.291902 0.439493
v -0.454946 -0.359164 0.420239
v -0.430105 -0.355171 0.397757
v -0.430105 -0.416132 0.388441
v -0.454946 -0.415931 0.412067
v -0.430105 -0.473855 0.389139
v -0.454946 -0.494701 0.412403
v -0.307020 -0.494701 0.412403
v -0.454946 -0.494701 0.412403
v -0.298964 -0.134287 0.767168
v -0.463002 -0.134287 0.767168
v -0.463002 -0.140485 0.666789
v -0.463002 -0.156057 0.589132
v -0.463002 -0.185916 0.523732
v -0.463002 -0.231734 0.475398
v -0.463002 -0.291902 0.439493
v -0.463002 -0.359164 0.420239
v -0.463002 -0.415930 0.412242
v -0.307020 -0.168086 0.511170
v -0.298964 -0.168086 0.511170
v -0.298964 -0.135468 0.580703
v -0.307020 -0.216897 0.458349
v -0.298964 -0.216897 0.458349
v -0.307020 -0.284012 0.419602
v -0.298964 -0.284012 0.419602
v -0.307020 -0.355244 0.398788
v -0.298964 -0.355244 0.398788
v -0.307020 -0.416036 0.399834
v -0.298964 -0.416038 0.399527
v -0.307020 -0.494701 0.412403
v -0.298964 -0.502299 0.412403
v -0.309915 -0.133642 0.580366
v -0.309915 -0.473855 0.389139
v -0.309915 -0.416132 0.388441
v -0.309915 -0.355171 0.397757
v -0.309915 -0.283577 0.418505
v -0.309915 -0.215982 0.457227
v -0.309915 -0.166832 0.510286
v -0.298964 -0.128972 0.664578
v -0.432611 -0.416196 0.380900
v -0.445453 -0.416140 0.387587
v -0.445630 -0.354793 0.397224
v -0.432626 -0.353565 0.390758
v -0.432636 -0.280958 0.411903
v -0.432646 -0.210965 0.451612
v -0.445583 -0.166626 0.510141
v -0.432641 -0.161275 0.506371
v -0.432635 -0.127649 0.578126
v -0.432632 -0.110610 0.661054
v -0.432630 -0.107511 0.730598
v -0.445352 -0.112213 0.744491
v -0.298964 -0.134287 0.767168
v -0.445484 -0.116983 0.662278
v -0.445618 -0.133863 0.580533
v -0.445552 -0.215447 0.456746
v -0.445592 -0.283338 0.417904
v -0.309915 -0.473855 0.389139
v -0.430105 -0.473855 0.389139
v 0.306011 -0.134287 0.759215
v 0.308907 -0.113048 0.738693
v 0.306011 -0.128947 0.664574
v 0.308907 -0.116905 0.662262
v 0.306011 -0.135468 0.580703
v 0.297956 -0.135468 0.580703
v 0.297956 -0.168086 0.511170
v 0.306011 -0.168086 0.511170
v 0.306011 -0.216897 0.458349
v 0.297956 -0.216897 0.458349
v 0.306011 -0.284012 0.419602
v 0.297956 -0.284012 0.419602
v 0.297956 -0.355244 0.398788
v 0.297956 -0.416038 0.399527
v 0.297956 -0.502299 0.412403
v 0.308907 -0.133642 0.580366
v 0.308907 -0.355171 0.397757
v 0.308907 -0.283577 0.418505
v 0.308907 -0.215982 0.457227
v 0.308907 -0.166832 0.510286
v 0.297956 -0.128972 0.664578
v 0.297956 -0.134287 0.767168
v 0.461993 -0.134287 0.767168
v 0.461993 -0.140485 0.666789
v 0.461993 -0.156057 0.589132
v 0.461993 -0.185916 0.523732
v 0.461993 -0.231734 0.475397
v 0.461993 -0.291902 0.439493
v 0.461993 -0.359164 0.420239
v 0.461993 -0.415930 0.412242
v 0.461993 -0.502299 0.412403
v 0.306011 -0.494701 0.412403
v 0.297956 -0.502299 0.412403
v 0.453937 -0.494701 0.412403
v 0.431603 -0.416196 0.380899
v 0.431591 -0.470779 0.381457
v 0.444445 -0.416140 0.387587
v 0.444267 -0.477188 0.387750
v 0.444622 -0.354793 0.397224
v 0.431618 -0.353565 0.390758
v 0.431628 -0.280958 0.411903
v 0.431638 -0.210965 0.451612
v 0.431633 -0.161275 0.506371
v 0.431626 -0.127649 0.578126
v 0.431624 -0.110610 0.661054
v 0.431622 -0.107511 0.730598
v 0.444344 -0.112213 0.744491
v 0.297956 -0.134287 0.767168
v 0.444476 -0.116983 0.662277
v 0.444610 -0.133863 0.580533
v 0.444575 -0.166626 0.510141
v 0.444544 -0.215447 0.456746
v 0.444584 -0.283338 0.417904
v 0.308907 -0.473855 0.389138
v 0.429097 -0.473855 0.389138
v 0.426374 -0.205125 -0.042634
v 0.382589 -0.205125 -0.042634
v 0.427757 -0.123522 -0.041654
v 0.382589 -0.123522 -0.041654
v 0.382589 -0.049521 -0.053616
v 0.444232 -0.049521 -0.053616
v 0.382589 0.021718 -0.080132
v 0.459545 0.021718 -0.080132
v 0.382589 0.089420 -0.132127
v 0.474587 0.089420 -0.132127
v 0.382589 0.136777 -0.195254
v 0.488833 0.136777 -0.195254
v 0.382589 0.168832 -0.261844
v 0.501571 0.168832 -0.261844
v 0.382589 0.188134 -0.336966
v 0.514841 0.188134 -0.336966
v 0.382589 0.197746 -0.413012
v 0.518176 0.197746 -0.413012
v 0.435936 -0.203005 -0.051210
v 0.438012 -0.125204 -0.049734
v 0.454966 -0.051267 -0.061384
v 0.470332 0.018197 -0.086923
v 0.485304 0.083623 -0.137746
v 0.525340 0.180537 -0.338374
v 0.528582 0.190066 -0.413030
v 0.512119 0.161773 -0.264525
v 0.499427 0.130230 -0.199146
v 0.532220 0.193780 -0.496796
v 0.521850 0.201555 -0.496777
v 0.382589 0.201555 -0.496777
v 0.382589 0.197741 -0.572208
v 0.525158 0.197741 -0.572208
v 0.535496 0.189881 -0.572227
v 0.538721 0.180180 -0.646495
v 0.539070 0.163884 -0.703199
v 0.539515 0.130700 -0.771111
v 0.539857 0.095584 -0.819625
v 0.382589 0.096516 -0.818735
v 0.528507 0.188124 -0.648579
v 0.528448 0.170732 -0.704857
v 0.528371 0.135545 -0.773402
v 0.528326 0.105488 -0.809556
v 0.382589 0.105488 -0.809556
v 0.382589 0.135545 -0.773402
v 0.382589 0.170732 -0.704857
v 0.382589 0.188124 -0.648579
v 0.421398 -0.398468 0.639323
v 0.421398 -0.456222 0.623848
v 0.415983 -0.456222 0.618387
v 0.415983 -0.395738 0.634593
v 0.421398 -0.356190 0.681602
v 0.415983 -0.351460 0.678871
v 0.421398 -0.340714 0.739356
v 0.415983 -0.335253 0.739356
v 0.421398 -0.356190 0.797111
v 0.415983 -0.351460 0.799841
v 0.421398 -0.398468 0.839390
v 0.415983 -0.395738 0.844119
v 0.421398 -0.456222 0.854866
v 0.415983 -0.456222 0.860326
v 0.421398 -0.513977 0.839390
v 0.415983 -0.516707 0.844119
v 0.421398 -0.556256 0.797111
v 0.415983 -0.560985 0.799841
v 0.421398 -0.571732 0.739356
v 0.415983 -0.577193 0.739356
v 0.421398 -0.556256 0.681602
v 0.421398 -0.571732 0.739356
v 0.415983 -0.577193 0.739356
v 0.415983 -0.560985 0.678871
v 0.421398 -0.513977 0.639323
v 0.415983 -0.516707 0.634593
v 0.360503 -0.516707 0.634593
v 0.360503 -0.560985 0.678871
v 0.360503 -0.534766 0.694009
v 0.360503 -0.501569 0.660814
v 0.360503 -0.456222 0.618387
v 0.360503 -0.456222 0.648663
v 0.360503 -0.395738 0.634593
v 0.360503 -0.410876 0.660814
v 0.360503 -0.351460 0.678871
v 0.360503 -0.377680 0.694009
v 0.360503 -0.335253 0.739356
v 0.360503 -0.365529 0.739356
v 0.360503 -0.351460 0.799841
v 0.360503 -0.377680 0.784703
v 0.360503 -0.395738 0.844119
v 0.360503 -0.410876 0.817900
v 0.360503 -0.456222 0.860326
v 0.360503 -0.456222 0.830050
v 0.360503 -0.516707 0.844119
v 0.360503 -0.501569 0.817900
v 0.360503 -0.560985 0.799841
v 0.360503 -0.534766 0.784703
v 0.360503 -0.577193 0.739356
v 0.360503 -0.546916 0.739356
v 0.360503 -0.410876 0.660814
v 0.360503 -0.456222 0.648663
v 0.329303 -0.456222 0.648663
v 0.329303 -0.410876 0.660814
v 0.360503 -0.377680 0.694009
v 0.329303 -0.377680 0.694009
v 0.360503 -0.365529 0.739356
v 0.329303 -0.365529 0.739356
v 0.360503 -0.377680 0.784703
v 0.329303 -0.377680 0.784703
v 0.360503 -0.410876 0.817900
v 0.329303 -0.410876 0.817900
v 0.360503 -0.456222 0.830050
v 0.329303 -0.456222 0.830050
v 0.360503 -0.501569 0.817900
v 0.329303 -0.501569 0.817900
v 0.360503 -0.534766 0.784703
v 0.329303 -0.534766 0.784703
v 0.329303 -0.546916 0.739356
v 0.360503 -0.546916 0.739356
v 0.360503 -0.546916 0.739356
v 0.329303 -0.546916 0.739356
v 0.329303 -0.534766 0.694009
v 0.360503 -0.534766 0.694009
v 0.360503 -0.501569 0.660814
v 0.329303 -0.501569 0.660814
v 0.374168 -0.516707 0.634593
v 0.374168 -0.522521 0.589740
v 0.374168 -0.605840 0.673058
v 0.374168 -0.560985 0.678871
v 0.360503 -0.577193 0.739356
v 0.360503 -0.560985 0.678871
v 0.402319 -0.516707 0.634593
v 0.402319 -0.560985 0.678871
v 0.374168 -0.560985 0.678871
v 0.374168 -0.516707 0.634593
v 0.360503 -0.516707 0.634593
v 0.360503 -0.456222 0.618387
v 0.360503 -0.395738 0.634593
v 0.360503 -0.335253 0.739356
v 0.360503 -0.351460 0.799841
v 0.374168 -0.351460 0.799841
v 0.402319 -0.351460 0.799841
v 0.402319 -0.351460 0.678871
v 0.374168 -0.351460 0.678871
v 0.360503 -0.351460 0.678871
v 0.374168 -0.395738 0.634593
v 0.402319 -0.395738 0.634593
v 0.402319 -0.395738 0.844119
v 0.360503 -0.456222 0.860326
v 0.374168 -0.395738 0.844119
v 0.360503 -0.395738 0.844119
v 0.402319 -0.516707 0.844119
v 0.402319 -0.560985 0.799841
v 0.374168 -0.516707 0.844119
v 0.360503 -0.516707 0.844119
v 0.374168 -0.560985 0.799841
v 0.360503 -0.560985 0.799841
v 0.360503 -0.577193 0.739356
v 0.402319 -0.516707 0.634593
v 0.402319 -0.522521 0.589740
v 0.402319 -0.351460 0.678871
v 0.402319 -0.395738 0.634593
v 0.402319 -0.389924 0.589740
v 0.402319 -0.306606 0.673058
v 0.374168 -0.306606 0.673058
v 0.374168 -0.351460 0.678871
v 0.374168 -0.389924 0.589740
v 0.374168 -0.395738 0.634593
v 0.402319 -0.395738 0.844119
v 0.402319 -0.389924 0.888974
v 0.402319 -0.605840 0.673058
v 0.402319 -0.560985 0.678871
v 0.402319 -0.522521 0.589740
v 0.402319 -0.516707 0.634593
v 0.374168 -0.395738 0.634593
v 0.374168 -0.389924 0.589740
v 0.402319 -0.560985 0.799841
v 0.402319 -0.605840 0.805655
v 0.558431 -0.435434 -0.453390
v 0.558431 -0.446342 -0.508226
v 0.558431 -0.435434 -0.563064
v 0.558431 -0.404372 -0.609553
v 0.558431 -0.357883 -0.640615
v 0.558431 -0.303046 -0.651523
v 0.558431 -0.248209 -0.640615
v 0.558431 -0.201721 -0.609553
v 0.558431 -0.170658 -0.563064
v 0.558431 -0.159750 -0.508226
v 0.558431 -0.170658 -0.453390
v 0.558431 -0.201721 -0.406901
v 0.558431 -0.248209 -0.375838
v 0.558431 -0.303046 -0.364931
v 0.558431 -0.357883 -0.375838
v 0.558431 -0.404372 -0.406901
v 0.502386 -0.390733 -0.595914
v 0.502386 -0.427054 -0.508226
v 0.502386 -0.390733 -0.420539
v 0.502386 -0.303046 -0.384219
v 0.502386 -0.215359 -0.420539
v 0.502386 -0.179037 -0.508226
v 0.502386 -0.215359 -0.595914
v 0.502386 -0.303046 -0.632235
v 0.502386 -0.179037 -0.508226
v 0.502386 -0.215359 -0.420539
v 0.543485 -0.215359 -0.420539
v 0.543485 -0.188477 -0.460771
v 0.543485 -0.179037 -0.508226
v 0.543485 -0.390733 -0.595914
v 0.543485 -0.427054 -0.508226
v 0.502386 -0.427054 -0.508226
v 0.502386 -0.390733 -0.595914
v 0.543485 -0.390733 -0.420539
v 0.543485 -0.303046 -0.384219
v 0.502386 -0.303046 -0.384219
v 0.502386 -0.390733 -0.420539
v 0.502386 -0.303046 -0.632235
v 0.543485 -0.303046 -0.632235
v 0.502386 -0.215359 -0.595914
v 0.543485 -0.215359 -0.595914
v 0.543485 -0.427054 -0.508226
v 0.502386 -0.427054 -0.508226
v 0.566600 -0.488274 -0.607551
v 0.543485 -0.488274 -0.607551
v 0.531106 -0.527388 -0.629696
v 0.578978 -0.527388 -0.629696
v 0.574868 -0.488274 -0.607551
v 0.543485 -0.402370 -0.693455
v 0.531106 -0.424515 -0.732569
v 0.531106 -0.527388 -0.629696
v 0.543485 -0.203722 -0.693455
v 0.543485 -0.402370 -0.693455
v 0.566600 -0.402370 -0.693455
v 0.574868 -0.402370 -0.693455
v 0.578978 -0.424515 -0.732569
v 0.531106 -0.424515 -0.732569
v 0.578978 -0.527388 -0.629696
v 0.578978 -0.424515 -0.732569
v 0.543485 -0.402370 -0.322999
v 0.531106 -0.424767 -0.283632
v 0.578978 -0.424767 -0.283632
v 0.543485 -0.488274 -0.408902
v 0.531106 -0.527641 -0.386505
v 0.531106 -0.424767 -0.283632
v 0.543485 -0.117974 -0.408860
v 0.543485 -0.117818 -0.607551
v 0.578978 -0.527641 -0.386505
v 0.531106 -0.527641 -0.386505
v 0.578978 -0.424767 -0.283632
v 0.578978 -0.527641 -0.386505
v 0.578978 -0.184102 -0.286409
v 0.531106 -0.184102 -0.286409
v 0.578978 -0.081228 -0.389283
v 0.578978 -0.184102 -0.286409
v -0.374436 -0.516708 0.634593
v -0.374436 -0.560985 0.678871
v -0.374436 -0.605840 0.673058
v -0.374436 -0.522521 0.589740
v -0.402589 -0.306606 0.805655
v -0.374436 -0.306606 0.805655
v -0.374436 -0.351460 0.799841
v -0.402589 -0.351460 0.799841
v -0.360773 -0.560985 0.678871
v -0.360773 -0.577193 0.739356
v -0.360773 -0.456223 0.618387
v -0.374436 -0.516708 0.634593
v -0.402589 -0.516708 0.634593
v -0.360773 -0.516708 0.634593
v -0.374436 -0.560985 0.678871
v -0.402589 -0.560985 0.678871
v -0.360773 -0.395738 0.634593
v -0.360773 -0.335253 0.739356
v -0.402589 -0.351460 0.799841
v -0.374436 -0.351460 0.799841
v -0.360773 -0.351460 0.799841
v -0.374436 -0.351460 0.678871
v -0.402589 -0.351460 0.678871
v -0.360773 -0.351460 0.678871
v -0.374436 -0.395738 0.634593
v -0.402589 -0.395738 0.634593
v -0.402589 -0.395738 0.844119
v -0.360773 -0.456223 0.860326
v -0.374436 -0.395738 0.844119
v -0.360773 -0.395738 0.844119
v -0.360773 -0.516708 0.844119
v -0.360773 -0.577193 0.739356
v -0.374436 -0.560985 0.799841
v -0.402589 -0.560985 0.799841
v -0.360773 -0.560985 0.799841
v -0.374436 -0.516708 0.844119
v -0.402589 -0.516708 0.844119
v -0.402589 -0.522521 0.589740
v -0.402589 -0.516708 0.634593
v -0.402589 -0.351460 0.678871
v -0.402589 -0.306606 0.673058
v -0.402589 -0.389924 0.589740
v -0.402589 -0.395738 0.634593
v -0.402589 -0.522521 0.888974
v -0.374436 -0.522521 0.888974
v -0.374436 -0.516708 0.844119
v -0.402589 -0.516708 0.844119
v -0.374436 -0.306606 0.673058
v -0.374436 -0.351460 0.678871
v -0.374436 -0.395738 0.634593
v -0.374436 -0.389924 0.589740
v -0.374436 -0.389924 0.888974
v -0.402589 -0.389924 0.888974
v -0.402589 -0.395738 0.844119
v -0.374436 -0.395738 0.844119
v -0.402589 -0.605840 0.673058
v -0.402589 -0.560985 0.678871
v -0.402589 -0.516708 0.634593
v -0.402589 -0.522521 0.589740
v -0.374436 -0.389924 0.589740
v -0.374436 -0.395738 0.634593
v -0.374436 -0.605840 0.805655
v -0.402589 -0.605840 0.805655
v -0.402589 -0.560985 0.799841
v -0.374436 -0.560985 0.799841
v -0.402589 -0.395738 0.844119
v -0.402589 -0.389924 0.888974
v -0.402589 -0.560985 0.799841
v -0.402589 -0.605840 0.805655
v -0.477102 -0.438387 0.770250
v -0.477102 -0.456223 0.775029
v -0.424128 -0.456223 0.775029
v -0.424128 -0.438387 0.770250
v -0.477102 -0.425330 0.757193
v -0.424128 -0.425330 0.757193
v -0.477102 -0.420551 0.739356
v -0.424128 -0.420551 0.739356
v -0.477102 -0.425330 0.721521
v -0.424128 -0.425330 0.721521
v -0.477102 -0.438387 0.708464
v -0.424128 -0.438387 0.708464
v -0.477102 -0.456223 0.703685
v -0.424128 -0.456223 0.703685
v -0.477102 -0.474059 0.708464
v -0.424128 -0.474059 0.708464
v -0.477102 -0.487116 0.721521
v -0.424128 -0.487116 0.721521
v -0.477102 -0.491895 0.739356
v -0.424128 -0.491895 0.739356
v -0.477102 -0.487116 0.757193
v -0.477102 -0.491895 0.739356
v -0.424128 -0.491895 0.739356
v -0.424128 -0.487116 0.757193
v -0.477102 -0.474059 0.770250
v -0.424128 -0.474059 0.770250
v 0.617198 -0.266246 -0.508219
v 0.617198 -0.271206 -0.489710
v 0.617198 -0.284755 -0.476160
v 0.617198 -0.303263 -0.471201
v 0.617198 -0.321772 -0.476160
v 0.617198 -0.335322 -0.489710
v 0.617198 -0.340282 -0.508219
v 0.617198 -0.335322 -0.526727
v 0.617198 -0.321772 -0.540277
v 0.617198 -0.303263 -0.545236
v 0.617198 -0.284755 -0.540277
v 0.617198 -0.271206 -0.526727
v -0.358412 0.201771 0.084340
v -0.221892 0.201771 0.084340
v -0.221892 -0.129801 0.084340
v -0.358412 -0.129801 0.084340
v 0.220884 0.201771 0.084340
v 0.357403 0.201771 0.084340
v 0.357403 -0.129801 0.084340
v 0.220884 -0.129801 0.084340
v -0.380257 -0.141827 0.054535
v -0.380257 -0.110662 0.054535
v -0.380257 -0.110662 0.070118
v -0.380257 -0.141827 0.070118
v 0.027992 -0.336081 0.688851
v -0.029020 -0.336081 0.612220
v -0.097424 -0.441480 1.218567
v -0.078332 -0.441480 1.218567
v -0.201099 -0.017740 -0.921719
v -0.207476 -0.027388 -0.933299
v -0.203150 -0.011363 -0.927568
v -0.196555 -0.013825 -0.912789
v -0.192780 -0.018105 -0.903671
v -0.191985 -0.028073 -0.899706
v -0.194635 -0.037889 -0.903216
v -0.193799 -0.048702 -0.898953
v -0.199179 -0.041804 -0.912146
v -0.200015 -0.050648 -0.911940
v -0.202954 -0.037524 -0.921264
v -0.206178 -0.043661 -0.926826
v -0.203749 -0.027557 -0.925229
v -0.128147 -0.097022 -0.786400
v -0.116272 -0.104073 -0.768825
v -0.140230 -0.085690 -0.818320
v -0.185157 -0.056470 -0.883086
v -0.207926 -0.346138 0.454739
v -0.207946 -0.339044 0.454739
v -0.199634 -0.339044 0.454739
v -0.199518 -0.346138 0.454739
v -0.352888 0.599160 -0.635838
v -0.000504 0.230127 -0.658147
v 0.349079 0.634708 -0.633689
v 0.351879 0.599160 -0.635838
v 0.380958 0.230127 -0.658147
v -0.381966 0.230127 -0.658147
v -0.383597 -0.077427 -0.648579
v 0.382589 -0.077427 -0.648579
v 0.380044 0.028501 -0.066842
v 0.380958 0.029395 -0.064975
v 0.380958 -0.046727 -0.036112
v 0.380504 -0.046949 -0.037131
v 0.380958 -0.119177 -0.026762
v 0.379544 -0.119818 -0.029961
v 0.379544 -0.047422 -0.039289
v 0.379544 0.028012 -0.067865
v 0.379544 0.096713 -0.119096
v 0.380958 0.185056 -0.255263
v 0.380958 0.230127 -0.317960
v 0.380958 0.230127 0.046817
v 0.380958 0.152061 -0.185819
v 0.380958 0.099043 -0.116602
v 0.380958 -0.176783 0.059737
v 0.379544 -0.180380 0.062280
v 0.379544 -0.180426 -0.030112
v 0.380958 -0.176826 -0.026762
v 0.379544 0.149289 -0.187426
v 0.379544 0.182037 -0.256380
v 0.380958 0.202910 -0.328566
v 0.379544 0.200931 -0.331765
v -0.387004 -0.110662 0.058431
v -0.387004 -0.110662 0.066222
v -0.380257 -0.110662 0.054535
v -0.387004 -0.141827 0.058431
v -0.387004 -0.141827 0.066222
v -0.029020 -0.397125 0.612220
v 0.027992 -0.336081 0.612220
v 0.027992 -0.397125 0.612220
v 0.006762 -0.424394 0.612220
v -0.007790 -0.424394 0.612220
v -0.029020 -0.336081 0.688851
v -0.029020 -0.397125 0.688851
v -0.007790 -0.424394 0.688851
v 0.006762 -0.424394 0.688851
v 0.027992 -0.397125 0.688851
v 0.245042 0.681833 -0.653721
v 0.113130 0.681833 -0.654311
v 0.131945 0.681833 -0.654311
v 0.365784 0.230127 0.046817
v 0.365784 0.230127 -0.317960
v 0.336613 0.600340 -0.317960
v 0.336613 0.600340 -0.100780
v 0.365784 0.230127 -0.347772
v 0.365784 0.230127 -0.633157
v 0.336707 0.599160 -0.605959
v 0.336707 0.599160 -0.347468
v -0.350087 0.634708 -0.633689
v -0.352888 0.599160 -0.605959
v -0.352888 0.599160 -0.347468
v -0.352888 0.599160 -0.635838
v -0.381966 0.230127 -0.633157
v -0.381966 0.198952 -0.334965
v -0.381966 0.230127 -0.347772
v -0.381966 0.230127 -0.334965
v -0.351282 0.619547 -0.335285
v -0.351282 0.619547 -0.095528
v -0.381966 0.230127 0.084340
v -0.381966 0.230127 0.065811
v -0.381966 -0.184503 0.065402
v -0.381966 -0.184554 -0.033102
v -0.381966 -0.120458 -0.033161
v -0.381009 -0.047646 -0.040316
v -0.381468 0.027115 -0.069736
v -0.381966 -0.048117 -0.042466
v -0.381966 0.026627 -0.070754
v -0.381966 0.094382 -0.121590
v -0.381966 -0.191474 0.084340
v -0.381966 0.146515 -0.189034
v -0.381966 0.179018 -0.257496
v -0.318700 0.599574 -0.059558
v -0.000504 0.599515 -0.059535
v -0.350087 0.634708 -0.073243
v -0.347584 0.257825 0.073551
v -0.000504 0.230127 0.084340
v -0.348006 0.191799 0.084340
v -0.232298 0.191799 0.084340
v -0.000504 -0.191474 0.084340
v -0.232298 -0.119830 0.084340
v -0.348006 -0.119830 0.084340
v -0.000504 0.257831 0.073549
v -0.366793 0.230127 0.046817
v -0.337622 0.600340 -0.100780
v -0.337622 0.600340 -0.317960
v -0.366793 0.230127 -0.317960
v -0.366793 0.230127 -0.347772
v -0.337715 0.599160 -0.347468
v -0.337715 0.599160 -0.605959
v -0.366793 0.230127 -0.633157
v -0.000504 0.599515 -0.076220
v -0.318700 0.599574 -0.076243
v -0.347584 0.257825 0.056866
v -0.000504 0.257831 0.056864
v 0.317692 0.599574 -0.076243
v 0.346575 0.257825 0.056866
v 0.346575 0.257825 0.056866
v -0.000504 0.257831 0.073549
v 0.346575 0.257825 0.073551
v -0.000504 0.257831 0.056864
v -0.347584 0.257825 0.073551
v -0.347584 0.257825 0.056866
v -0.000504 0.599515 -0.059535
v -0.318700 0.599574 -0.059558
v -0.318700 0.599574 -0.076243
v -0.000504 0.599515 -0.076220
v 0.317692 0.599574 -0.059558
v 0.317692 0.599574 -0.076243
v -0.381966 0.230127 0.046817
v -0.352795 0.600340 -0.100780
v -0.337622 0.600340 -0.100780
v -0.366793 0.230127 0.046817
v -0.352795 0.600340 -0.317960
v -0.337622 0.600340 -0.317960
v -0.352795 0.600340 -0.317960
v -0.381966 0.230127 -0.317960
v -0.366793 0.230127 -0.317960
v -0.337622 0.600340 -0.317960
v -0.381966 0.230127 -0.347772
v -0.352888 0.599160 -0.347468
v -0.337715 0.599160 -0.347468
v -0.366793 0.230127 -0.347772
v -0.352888 0.599160 -0.605959
v -0.337715 0.599160 -0.605959
v -0.352888 0.599160 -0.605959
v -0.381966 0.230127 -0.633157
v -0.366793 0.230127 -0.633157
v -0.337715 0.599160 -0.605959
v -0.221892 -0.129801 0.084340
v -0.132954 0.681833 -0.654311
v -0.114139 0.681833 -0.654311
v -0.114139 0.681833 -0.635953
v -0.246050 0.681833 -0.635953
v -0.246050 0.681833 -0.653502
v 0.380958 -0.191473 -0.664007
v 0.380958 -0.191474 0.084340
v -0.000504 -0.191474 0.084340
v -0.000504 -0.191473 -0.664007
v -0.381966 -0.191473 -0.664007
v -0.381966 -0.191474 0.084340
v 0.380958 0.230127 -0.658147
v 0.380958 -0.191473 -0.664007
v 0.379544 0.230127 0.062549
v 0.380958 0.230127 0.059287
v 0.349111 0.616357 -0.097668
v 0.350776 0.613167 -0.099807
v 0.349111 0.616357 -0.332083
v 0.350776 0.613167 -0.328880
v 0.379544 0.230127 -0.331765
v 0.380958 0.230127 -0.328566
v 0.351787 0.600340 -0.317960
v 0.351787 0.600340 -0.100780
v 0.371780 0.672682 -0.087806
v 0.371780 0.685428 -0.641051
v 0.359499 0.696493 -0.641071
v 0.359499 0.683746 -0.087069
v 0.371780 0.666641 -0.042665
v 0.359499 0.677381 -0.039512
v 0.371780 0.652411 -0.012285
v 0.359499 0.661016 -0.004575
v 0.371780 0.634164 -0.002052
v 0.359499 0.638740 0.009012
v 0.359499 0.634164 0.009012
v -0.114139 0.635555 -0.661376
v 0.113130 0.635555 -0.661376
v 0.336113 0.634436 -0.084684
v -0.337139 0.634436 -0.084684
v -0.337059 0.635484 -0.610089
v 0.336049 0.635484 -0.610096
v -0.246050 0.635661 -0.635953
v -0.246050 0.635555 -0.661376
v -0.360437 0.635555 -0.661376
v -0.372722 0.635692 -0.649124
v -0.372905 0.634164 -0.002052
v -0.360428 0.634164 0.009012
v -0.132954 0.634164 0.009012
v 0.131945 0.634164 0.009012
v 0.359499 0.634164 0.009012
v 0.371780 0.634164 -0.002052
v 0.371714 0.635692 -0.649134
v 0.359427 0.635555 -0.661376
v 0.245042 0.635555 -0.661376
v 0.380958 -0.184503 0.065402
v 0.380958 0.230127 0.084340
v 0.380958 -0.191474 0.084340
v 0.349079 0.634708 -0.073243
v 0.380958 0.230127 0.065811
v 0.380958 0.198952 -0.334965
v 0.350274 0.619547 -0.335285
v 0.380958 0.230127 -0.334965
v 0.380958 0.230127 -0.347772
v 0.351879 0.599160 -0.347468
v 0.351879 0.599160 -0.605959
v 0.350274 0.619547 -0.095528
v 0.380958 0.230127 -0.633157
v 0.351879 0.599160 -0.635838
v 0.346575 0.257825 0.073551
v 0.231290 0.191799 0.084340
v 0.346998 0.191799 0.084340
v 0.346998 -0.119830 0.084340
v 0.231290 -0.119830 0.084340
v 0.317692 0.599574 -0.059558
v -0.000504 0.634708 -0.073243
v 0.365784 0.230127 0.046817
v 0.336613 0.600340 -0.100780
v 0.351787 0.600340 -0.100780
v 0.380958 0.230127 0.046817
v 0.336613 0.600340 -0.317960
v 0.351787 0.600340 -0.317960
v 0.336613 0.600340 -0.317960
v 0.365784 0.230127 -0.317960
v 0.380958 0.230127 -0.317960
v 0.351787 0.600340 -0.317960
v 0.365784 0.230127 -0.347772
v 0.336707 0.599160 -0.347468
v 0.351879 0.599160 -0.347468
v 0.380958 0.230127 -0.347772
v 0.336707 0.599160 -0.605959
v 0.351879 0.599160 -0.605959
v 0.336707 0.599160 -0.605959
v 0.365784 0.230127 -0.633157
v 0.380958 0.230127 -0.633157
v 0.351879 0.599160 -0.605959
v 0.220884 -0.129801 0.084340
v 0.380001 -0.047646 -0.040316
v 0.380958 -0.120458 -0.033161
v 0.380958 -0.184554 -0.033102
v 0.380958 -0.184503 0.065402
v 0.380958 -0.048117 -0.042466
v 0.380460 0.027115 -0.069736
v 0.380958 0.094382 -0.121590
v 0.380958 0.146515 -0.189034
v 0.380958 0.179018 -0.257496
v 0.380958 0.026627 -0.070754
v -0.387004 -0.141827 0.066222
v -0.380257 -0.110662 0.070118
v -0.387004 -0.110662 0.066222
v -0.387004 -0.141827 0.058431
v -0.387004 -0.110662 0.058431
v -0.380257 -0.141827 0.054535
v 0.059771 -0.437517 0.771755
v 0.094638 -0.441428 0.764983
v 0.094638 -0.485813 0.739356
v 0.059771 -0.493634 0.739356
v 0.059771 -0.493634 0.739356
v 0.094638 -0.485813 0.739356
v 0.094638 -0.471018 0.764983
v 0.059771 -0.474928 0.771755
v -0.114139 0.635661 -0.635953
v -0.114139 0.681833 -0.654311
v -0.114139 0.635555 -0.661376
v 0.113130 0.635555 -0.661376
v 0.113130 0.681833 -0.654311
v -0.246050 0.635661 -0.635953
v -0.246050 0.681833 -0.653502
v -0.246050 0.635555 -0.661376
v -0.360437 0.635555 -0.661376
v -0.360429 0.685429 -0.652134
v -0.132954 0.696092 -0.652134
v -0.132954 0.681833 -0.654311
v -0.114139 0.681833 -0.654311
v 0.131945 0.696092 -0.652134
v 0.113130 0.681833 -0.654311
v 0.131945 0.681833 -0.654311
v 0.359499 0.685429 -0.652134
v 0.245042 0.681833 -0.653721
v 0.245042 0.635555 -0.661376
v 0.359427 0.635555 -0.661376
v 0.113130 0.635555 -0.661376
v -0.114139 0.635555 -0.661376
v -0.372905 0.685429 -0.641071
v -0.372722 0.635692 -0.649124
v -0.372905 0.634164 -0.002052
v -0.372905 0.652411 -0.012285
v -0.372905 0.666641 -0.042665
v -0.372905 0.672682 -0.087806
v 0.131945 0.707156 -0.641071
v -0.132954 0.694409 -0.087069
v -0.360429 0.696493 -0.641071
v -0.360428 0.683746 -0.087069
v -0.132954 0.707156 -0.641071
v 0.131945 0.694409 -0.087069
v 0.131945 0.688044 -0.039512
v 0.131945 0.671679 -0.004575
v 0.131945 0.649402 0.009012
v 0.131945 0.634164 0.009012
v -0.132954 0.649402 0.009012
v -0.132954 0.634164 0.009012
v -0.360428 0.634164 0.009012
v -0.360428 0.638740 0.009012
v -0.132954 0.671679 -0.004575
v -0.360428 0.661016 -0.004575
v -0.360428 0.677381 -0.039512
v -0.132954 0.688044 -0.039512
v 0.371780 0.652411 -0.012285
v 0.371780 0.634164 -0.002052
v 0.371714 0.635692 -0.649134
v -0.153409 -0.271392 -0.526497
v -0.153409 -0.303053 -0.544777
v -0.093280 -0.303053 -0.586504
v -0.093280 -0.235255 -0.547361
v -0.372905 0.634164 -0.002052
v -0.372905 0.652411 -0.012285
v -0.246050 0.635555 -0.661376
v -0.246050 0.681833 -0.653502
v -0.093280 -0.303053 -0.429933
v -0.093280 -0.235255 -0.469076
v -0.153409 -0.303053 -0.471660
v -0.153409 -0.271392 -0.489939
v -0.093280 -0.370850 -0.547361
v -0.153409 -0.334713 -0.526497
v -0.372722 0.635692 -0.649124
v -0.372905 0.685429 -0.641071
v -0.372905 0.685429 -0.641071
v 0.371780 0.685428 -0.641051
v 0.371780 0.685428 -0.641051
v 0.371714 0.635692 -0.649134
v 0.245042 0.635555 -0.661376
v 0.245042 0.681833 -0.653721
v -0.041031 0.021282 -0.776963
v -0.027216 0.021282 -0.776963
v -0.041031 0.021282 -0.776963
v -0.041031 0.021282 -0.660956
v -0.093280 -0.370850 -0.469076
v -0.153409 -0.334713 -0.489939
v -0.000894 -0.700798 0.255739
v -0.000115 -0.700798 0.255739
v -0.000115 -0.700019 0.255739
v -0.000894 -0.700019 0.255739
# num_vertices: 8396

vt 0.084100 0.395800
vt 0.084100 0.395800
vt 0.084100 0.395800
vt 0.084100 0.395800
vt 0.084100 0.395800
vt 0.084100 0.395800
vt 0.084100 0.395800
vt 0.084100 0.395800
vt 0.517100 0.721500
vt 0.520300 0.721500
vt 0.518700 0.721500
vt 0.066300 0.014000
vt 0.061900 0.010100
vt 0.066300 0.014000
vt 0.066300 0.002300
vt 0.066300 0.002300
vt 0.061900 0.002300
vt 0.443400 0.092700
vt 0.451200 0.092700
vt 0.455100 0.092700
vt 0.427700 0.092700
vt 0.431600 0.092700
vt 0.439400 0.092700
vt 0.490200 0.014600
vt 0.482400 0.014600
vt 0.478500 0.014600
vt 0.311200 0.329300
vt 0.334000 0.436300
vt 0.333700 0.347900
vt 0.333700 0.330100
vt 0.962700 0.090800
vt 0.952400 0.087600
vt 0.962200 0.087200
vt 0.956300 0.089900
vt 0.020500 0.178300
vt 0.016300 0.178300
vt 0.016300 0.250900
vt 0.020500 0.250800
vt 0.667800 0.381600
vt 0.664900 0.351800
vt 0.663900 0.343000
vt 0.887800 0.005700
vt 0.891900 0.005800
vt 0.891900 0.009300
vt 0.891900 0.009300
vt 0.887800 0.009300
vt 0.887800 0.005700
vt 0.891900 0.009300
vt 0.887800 0.009300
vt 0.887800 0.005700
vt 0.330000 0.347900
vt 0.307500 0.329300
vt 0.330000 0.330100
vt 0.887800 0.005700
vt 0.891900 0.005800
vt 0.891900 0.009300
vt 0.296400 0.464300
vt 0.296400 0.453000
vt 0.430800 0.453000
vt 0.430800 0.464300
vt 0.020500 0.442300
vt 0.020500 0.357500
vt 0.016300 0.357500
vt 0.016300 0.442300
vt 0.327700 0.714200
vt 0.327700 0.733800
vt 0.327700 0.737700
vt 0.359000 0.714200
vt 0.394100 0.714200
vt 0.362900 0.714200
vt 0.296400 0.496500
vt 0.296400 0.507800
vt 0.430800 0.507800
vt 0.430800 0.496500
vt 0.430800 0.490700
vt 0.430800 0.470200
vt 0.296400 0.470200
vt 0.423600 0.223000
vt 0.432600 0.223000
vt 0.432600 0.191500
vt 0.296400 0.490700
vt 0.414300 0.214000
vt 0.338500 0.445900
vt 0.351800 0.445100
vt 0.374300 0.443200
vt 0.379400 0.288800
vt 0.380300 0.443000
vt 0.406800 0.444700
vt 0.272200 0.527800
vt 0.272200 0.527800
vt 0.272200 0.640600
vt 0.272200 0.640600
vt 0.246000 0.527800
vt 0.246000 0.640600
vt 0.233000 0.640600
vt 0.233000 0.527800
vt 0.400800 0.444100
vt 0.345000 0.445500
vt 0.418600 0.445600
vt 0.423600 0.191500
vt 0.432600 0.227500
vt 0.423600 0.227500
vt 0.423600 0.254400
vt 0.456100 0.206600
vt 0.461600 0.206600
vt 0.467200 0.206600
vt 0.461600 0.251100
vt 0.472800 0.206600
vt 0.327700 0.714200
vt 0.327700 0.733800
vt 0.327700 0.737700
vt 0.359000 0.714200
vt 0.394100 0.714200
vt 0.362900 0.714200
vt 0.139900 0.228400
vt 0.139900 0.212400
vt 0.096300 0.209200
vt 0.135200 0.228400
vt 0.091700 0.228400
vt 0.096300 0.228400
vt 0.450500 0.191500
vt 0.450500 0.223000
vt 0.441600 0.223000
vt 0.380900 0.443000
vt 0.383400 0.288800
vt 0.377400 0.288900
vt 0.378400 0.443200
vt 0.252000 0.527800
vt 0.252000 0.527800
vt 0.252000 0.640600
vt 0.256700 0.640600
vt 0.267600 0.640600
vt 0.817700 0.739500
vt 0.817500 0.740500
vt 0.812500 0.784600
vt 0.822100 0.739700
vt 0.822100 0.733600
vt 0.821900 0.741000
vt 0.810700 0.734300
vt 0.815200 0.734300
vt 0.815200 0.740400
vt 0.815200 0.740400
vt 0.020500 0.178300
vt 0.016300 0.178300
vt 0.016300 0.250900
vt 0.016300 0.357500
vt 0.016300 0.442300
vt 0.020500 0.442300
vt 0.418200 0.445600
vt 0.406400 0.444700
vt 0.400600 0.444100
vt 0.024700 0.178200
vt 0.028900 0.178100
vt 0.028900 0.250800
vt 0.028900 0.357500
vt 0.028900 0.442100
vt 0.024700 0.442200
vt 0.436700 0.579200
vt 0.433400 0.572200
vt 0.433400 0.572200
vt 0.444800 0.579200
vt 0.478300 0.615600
vt 0.479900 0.588700
vt 0.480900 0.615600
vt 0.492400 0.572300
vt 0.481000 0.579200
vt 0.489100 0.579200
vt 0.492400 0.572300
vt 0.436700 0.579200
vt 0.433400 0.572200
vt 0.433400 0.572200
vt 0.444800 0.579200
vt 0.480900 0.615600
vt 0.478300 0.615600
vt 0.479900 0.588700
vt 0.480900 0.615600
vt 0.037200 0.222600
vt 0.037200 0.314300
vt 0.042300 0.314300
vt 0.480900 0.615600
vt 0.042300 0.222600
vt 0.037200 0.314300
vt 0.037200 0.222600
vt 0.042300 0.314300
vt 0.037200 0.186700
vt 0.042300 0.186700
vt 0.042300 0.350300
vt 0.037200 0.350300
vt 0.042300 0.442000
vt 0.037200 0.442000
vt 0.037200 0.442000
vt 0.042300 0.350300
vt 0.042300 0.442000
vt 0.037200 0.350300
vt 0.042300 0.186700
vt 0.042300 0.222600
vt 0.891100 0.656800
vt 0.941500 0.656800
vt 0.970700 0.656800
vt 0.037200 0.186700
vt 0.373400 0.288900
vt 0.084100 0.395800
vt 0.082400 0.396200
vt 0.079100 0.414000
vt 0.113800 0.406100
vt 0.113800 0.315500
vt 0.098500 0.319000
vt 0.549400 0.109100
vt 0.642100 0.112300
vt 0.553200 0.112300
vt 0.549400 0.139400
vt 0.553200 0.134300
vt 0.645900 0.139400
vt 0.642100 0.134300
vt 0.645900 0.109100
vt 0.150100 0.395800
vt 0.155400 0.395000
vt 0.140300 0.317900
vt 0.133300 0.319400
vt 0.151000 0.414000
vt 0.153400 0.413600
vt 0.148300 0.104400
vt 0.153100 0.107100
vt 0.157900 0.109900
vt 0.161600 0.108900
vt 0.164400 0.104100
vt 0.167200 0.099300
vt 0.161400 0.092800
vt 0.157600 0.093800
vt 0.153800 0.094800
vt 0.150000 0.095800
vt 0.140700 0.316500
vt 0.135300 0.317300
vt 0.132500 0.302400
vt 0.130200 0.302800
vt 0.374000 0.669600
vt 0.365100 0.669600
vt 0.365100 0.667800
vt 0.381900 0.667800
vt 0.381900 0.677900
vt 0.375800 0.686100
vt 0.375800 0.691500
vt 0.374000 0.691500
vt 0.984700 0.400000
vt 0.985800 0.401000
vt 0.985800 0.414000
vt 0.984700 0.415000
vt 0.961900 0.415000
vt 0.960900 0.414000
vt 0.960900 0.401000
vt 0.961900 0.400000
vt 0.984600 0.358500
vt 0.986700 0.358500
vt 0.985600 0.359500
vt 0.961900 0.358500
vt 0.960800 0.359500
vt 0.960800 0.357600
vt 0.959700 0.358500
vt 0.960800 0.346000
vt 0.959700 0.345100
vt 0.961900 0.345100
vt 0.960800 0.344000
vt 0.984600 0.345100
vt 0.985600 0.344000
vt 0.985600 0.346000
vt 0.986700 0.345100
vt 0.985600 0.357600
vt 0.822100 0.739700
vt 0.822100 0.733600
vt 0.129200 0.036000
vt 0.129200 0.055600
vt 0.059300 0.055600
vt 0.059300 0.043800
vt 0.059300 0.036000
vt 0.063700 0.036000
vt 0.063700 0.043800
vt 0.063700 0.051700
vt 0.059300 0.051700
vt 0.425800 0.528000
vt 0.433700 0.540800
vt 0.402700 0.602600
vt 0.387700 0.602600
vt 0.356700 0.540700
vt 0.364600 0.528000
vt 0.648600 0.137100
vt 0.648600 0.139400
vt 0.663900 0.109100
vt 0.670700 0.137100
vt 0.916100 0.744800
vt 0.917800 0.751300
vt 0.917800 0.738300
vt 0.921600 0.754000
vt 0.921700 0.735600
vt 0.921600 0.754000
vt 0.921700 0.735600
vt 0.226200 0.130400
vt 0.221600 0.130400
vt 0.221600 0.103200
vt 0.226200 0.103200
vt 0.221600 0.103200
vt 0.226200 0.103200
vt 0.226200 0.130400
vt 0.226200 0.103200
vt 0.226200 0.103200
vt 0.849600 0.696000
vt 0.849600 0.694400
vt 0.861000 0.694400
vt 0.861000 0.696000
vt 0.862500 0.694400
vt 0.862500 0.696000
vt 0.230900 0.130400
vt 0.230900 0.130400
vt 0.230900 0.103200
vt 0.230900 0.103200
vt 0.230900 0.103200
vt 0.230900 0.103200
vt 0.849600 0.692700
vt 0.861000 0.692700
vt 0.862500 0.692700
vt 0.230900 0.130400
vt 0.230900 0.103200
vt 0.230900 0.103200
vt 0.849600 0.691100
vt 0.861000 0.691100
vt 0.862500 0.691100
vt 0.115300 0.066000
vt 0.115300 0.069900
vt 0.111400 0.069900
vt 0.111400 0.069900
vt 0.107500 0.066000
vt 0.107500 0.062100
vt 0.111400 0.062100
vt 0.111400 0.058200
vt 0.115300 0.062100
vt 0.115300 0.062100
vt 0.849600 0.689400
vt 0.861000 0.689400
vt 0.862500 0.689400
vt 0.998700 0.316200
vt 0.998700 0.321300
vt 0.970900 0.321300
vt 0.970900 0.316200
vt 0.970900 0.302400
vt 0.998700 0.302400
vt 0.899900 0.694400
vt 0.899900 0.696000
vt 0.903700 0.694400
vt 0.903700 0.696000
vt 0.906300 0.694400
vt 0.906300 0.696000
vt 0.909800 0.694400
vt 0.909800 0.696000
vt 0.922000 0.694400
vt 0.922000 0.696000
vt 0.899900 0.692700
vt 0.903700 0.692700
vt 0.906300 0.692700
vt 0.909800 0.692700
vt 0.922000 0.692700
vt 0.230900 0.089600
vt 0.230900 0.089600
vt 0.230900 0.075700
vt 0.230900 0.075700
vt 0.230900 0.038400
vt 0.230900 0.038400
vt 0.230900 0.029100
vt 0.230900 0.029100
vt 0.230900 0.016200
vt 0.230900 0.016200
vt 0.230900 0.003200
vt 0.230900 0.003200
vt 0.235500 0.130400
vt 0.235500 0.103200
vt 0.235500 0.103200
vt 0.235500 0.089600
vt 0.235500 0.075700
vt 0.235500 0.038400
vt 0.235500 0.029100
vt 0.235500 0.016200
vt 0.235500 0.003200
vt 0.235500 0.130400
vt 0.235500 0.103200
vt 0.235500 0.103200
vt 0.235500 0.089600
vt 0.235500 0.075700
vt 0.235500 0.038400
vt 0.235500 0.029100
vt 0.235500 0.016200
vt 0.235500 0.003200
vt 0.899900 0.691100
vt 0.903700 0.691100
vt 0.906300 0.691100
vt 0.909800 0.691100
vt 0.922000 0.691100
vt 0.221600 0.089600
vt 0.226200 0.089600
vt 0.221600 0.075700
vt 0.226200 0.075700
vt 0.226200 0.038400
vt 0.221600 0.038400
vt 0.221600 0.029100
vt 0.226200 0.029100
vt 0.221600 0.016200
vt 0.226200 0.016200
vt 0.221600 0.003200
vt 0.226200 0.003200
vt 0.899900 0.689400
vt 0.903700 0.689400
vt 0.906300 0.689400
vt 0.909800 0.689400
vt 0.922000 0.689400
vt 0.226200 0.089600
vt 0.226200 0.075700
vt 0.226200 0.038400
vt 0.226200 0.029100
vt 0.226200 0.016200
vt 0.226200 0.003200
vt 0.883700 0.688400
vt 0.883700 0.686800
vt 0.911800 0.686800
vt 0.911800 0.688400
vt 0.914700 0.686800
vt 0.914700 0.688400
vt 0.916900 0.686800
vt 0.916900 0.688400
vt 0.517100 0.667100
vt 0.515400 0.667100
vt 0.515400 0.665400
vt 0.517100 0.671500
vt 0.515400 0.671500
vt 0.515400 0.686800
vt 0.517100 0.686800
vt 0.517100 0.718800
vt 0.515400 0.718800
vt 0.515400 0.721500
vt 0.517100 0.730200
vt 0.515400 0.730200
vt 0.883700 0.685100
vt 0.911800 0.685100
vt 0.914700 0.685100
vt 0.428100 0.629100
vt 0.428100 0.620900
vt 0.433500 0.614000
vt 0.437200 0.614000
vt 0.442600 0.620900
vt 0.442600 0.629100
vt 0.435400 0.632000
vt 0.883700 0.683500
vt 0.883600 0.681500
vt 0.911800 0.681900
vt 0.911800 0.683500
vt 0.914700 0.681900
vt 0.914700 0.683500
vt 0.521900 0.667100
vt 0.520300 0.667100
vt 0.521900 0.665400
vt 0.521900 0.671500
vt 0.520300 0.671500
vt 0.520300 0.686800
vt 0.521900 0.686800
vt 0.521900 0.718800
vt 0.520300 0.718800
vt 0.521900 0.721500
vt 0.521900 0.730200
vt 0.520300 0.730200
vt 0.916900 0.683500
vt 0.916900 0.685100
vt 0.883500 0.676700
vt 0.883600 0.678000
vt 0.884900 0.678600
vt 0.886600 0.676900
vt 0.884900 0.676100
vt 0.360500 0.614200
vt 0.364200 0.614200
vt 0.369600 0.621200
vt 0.369600 0.629300
vt 0.362300 0.632300
vt 0.355000 0.629300
vt 0.355000 0.621200
vt 0.851400 0.686800
vt 0.851400 0.685100
vt 0.875500 0.685100
vt 0.875500 0.686800
vt 0.878700 0.685100
vt 0.878700 0.686800
vt 0.344500 0.591300
vt 0.344500 0.640500
vt 0.342400 0.640500
vt 0.342300 0.591300
vt 0.344500 0.586700
vt 0.342300 0.586700
vt 0.342300 0.582100
vt 0.344500 0.582100
vt 0.851400 0.683500
vt 0.851400 0.681900
vt 0.875500 0.681900
vt 0.875500 0.683500
vt 0.878700 0.681900
vt 0.878700 0.683500
vt 0.115600 0.093400
vt 0.111700 0.093400
vt 0.107800 0.093400
vt 0.115600 0.093400
vt 0.107800 0.093400
vt 0.111700 0.093400
vt 0.103900 0.093400
vt 0.103900 0.093400
vt 0.115600 0.093400
vt 0.111700 0.093400
vt 0.107800 0.093400
vt 0.115600 0.093400
vt 0.499100 0.671500
vt 0.502300 0.667100
vt 0.502300 0.671500
vt 0.499100 0.667100
vt 0.499100 0.665400
vt 0.502300 0.665400
vt 0.873700 0.679500
vt 0.872000 0.681100
vt 0.871000 0.679300
vt 0.871000 0.679300
vt 0.872000 0.678600
vt 0.432900 0.667900
vt 0.424000 0.667900
vt 0.424000 0.666000
vt 0.440800 0.666000
vt 0.440800 0.678800
vt 0.434800 0.687000
vt 0.434800 0.692400
vt 0.432900 0.692400
vt 0.640000 0.104200
vt 0.553500 0.104200
vt 0.553500 0.100800
vt 0.640000 0.100800
vt 0.564100 0.095900
vt 0.629400 0.095900
vt 0.567900 0.091000
vt 0.625500 0.091000
vt 0.576000 0.086800
vt 0.617400 0.086800
vt 0.548900 0.086800
vt 0.548900 0.065300
vt 0.560600 0.065300
vt 0.560600 0.086800
vt 0.566900 0.065300
vt 0.566900 0.086800
vt 0.576000 0.065300
vt 0.617400 0.065300
vt 0.626600 0.065300
vt 0.626600 0.086800
vt 0.632800 0.065300
vt 0.632800 0.086800
vt 0.644500 0.065300
vt 0.644500 0.086800
vt 0.870700 0.676700
vt 0.870700 0.678100
vt 0.872000 0.678600
vt 0.873700 0.676700
vt 0.872000 0.676200
vt 0.981900 0.197600
vt 0.981900 0.205300
vt 0.981900 0.201500
vt 0.885900 0.679300
vt 0.884900 0.681100
vt 0.883600 0.679800
vt 0.883600 0.679800
vt 0.884900 0.678600
vt 0.998000 0.205300
vt 0.998000 0.197500
vt 0.998000 0.201400
vt 0.143200 0.085500
vt 0.146000 0.080700
vt 0.148800 0.075900
vt 0.152500 0.074900
vt 0.157300 0.077700
vt 0.162100 0.080500
vt 0.160400 0.089000
vt 0.157600 0.093800
vt 0.153800 0.094800
vt 0.149000 0.092100
vt 0.049100 0.319800
vt 0.052800 0.319800
vt 0.052800 0.258100
vt 0.049100 0.258100
vt 0.052800 0.319800
vt 0.049100 0.319800
vt 0.056400 0.319800
vt 0.056400 0.258100
vt 0.056400 0.319800
vt 0.978500 0.233100
vt 0.978400 0.224500
vt 0.985800 0.220300
vt 0.993200 0.224500
vt 0.993200 0.233000
vt 0.985900 0.237300
vt 0.045500 0.383800
vt 0.049100 0.383800
vt 0.049100 0.442100
vt 0.045500 0.442100
vt 0.049100 0.383800
vt 0.045500 0.383800
vt 0.045500 0.319800
vt 0.045500 0.258100
vt 0.045500 0.319800
vt 0.984600 0.262600
vt 0.977200 0.258400
vt 0.977200 0.249900
vt 0.984500 0.245600
vt 0.991900 0.249900
vt 0.992000 0.258400
vt 0.970900 0.330600
vt 0.998700 0.330600
vt 0.998700 0.265800
vt 0.970900 0.265800
vt 0.998700 0.268900
vt 0.970900 0.268900
vt 0.507200 0.718800
vt 0.507200 0.721500
vt 0.505600 0.721500
vt 0.504000 0.718800
vt 0.504000 0.686800
vt 0.507200 0.686800
vt 0.504000 0.721500
vt 0.504000 0.730200
vt 0.507200 0.730200
vt 0.494600 0.718800
vt 0.494600 0.721500
vt 0.493000 0.721500
vt 0.491300 0.718800
vt 0.491300 0.686800
vt 0.494600 0.686800
vt 0.491300 0.721500
vt 0.491300 0.730200
vt 0.494600 0.730200
vt 0.052800 0.383800
vt 0.056400 0.383800
vt 0.056400 0.442100
vt 0.052800 0.442100
vt 0.056400 0.383800
vt 0.052800 0.383800
vt 0.264800 0.821600
vt 0.255700 0.824000
vt 0.260100 0.819600
vt 0.257700 0.828800
vt 0.249500 0.824000
vt 0.247500 0.828800
vt 0.245200 0.819600
vt 0.240400 0.821600
vt 0.245200 0.813400
vt 0.240400 0.811400
vt 0.249500 0.809000
vt 0.247600 0.804200
vt 0.255700 0.809000
vt 0.257700 0.804200
vt 0.260100 0.813400
vt 0.264800 0.811400
vt 0.297500 0.811500
vt 0.297500 0.821600
vt 0.325400 0.796100
vt 0.316400 0.798400
vt 0.320700 0.794200
vt 0.318300 0.803100
vt 0.310400 0.798400
vt 0.308400 0.803100
vt 0.306100 0.794200
vt 0.301400 0.796100
vt 0.306100 0.788100
vt 0.301400 0.786100
vt 0.310400 0.783800
vt 0.308400 0.779100
vt 0.316400 0.783800
vt 0.318300 0.779100
vt 0.320700 0.788100
vt 0.325400 0.786100
vt 0.340100 0.786100
vt 0.340100 0.796100
vt 0.048600 0.467400
vt 0.048600 0.465500
vt 0.088500 0.465900
vt 0.088500 0.468000
vt 0.086100 0.473100
vt 0.050600 0.473000
vt 0.131500 0.800000
vt 0.133300 0.804300
vt 0.131600 0.808500
vt 0.127300 0.810400
vt 0.123000 0.808600
vt 0.121200 0.804400
vt 0.123000 0.800100
vt 0.127200 0.798300
vt 0.086300 0.485000
vt 0.086000 0.479300
vt 0.089000 0.482500
vt 0.092200 0.473300
vt 0.083700 0.482000
vt 0.053000 0.482100
vt 0.050400 0.485100
vt 0.048000 0.482300
vt 0.050700 0.479000
vt 0.045100 0.473000
vt 0.045900 0.483200
vt 0.043000 0.473000
vt 0.107800 0.093400
vt 0.111700 0.093400
vt 0.103900 0.093400
vt 0.103900 0.093400
vt 0.127100 0.827600
vt 0.122900 0.825700
vt 0.121200 0.821400
vt 0.123100 0.817100
vt 0.127400 0.815500
vt 0.131600 0.817300
vt 0.133300 0.821600
vt 0.131400 0.825900
vt 0.419900 0.014600
vt 0.419900 0.002800
vt 0.423800 0.002800
vt 0.423800 0.014600
vt 0.459000 0.002800
vt 0.459000 0.014600
vt 0.498000 0.002800
vt 0.494100 0.014600
vt 0.498000 0.014600
vt 0.501900 0.002800
vt 0.501900 0.014600
vt 0.496100 0.793000
vt 0.496100 0.828100
vt 0.492200 0.828100
vt 0.492200 0.816400
vt 0.464800 0.793000
vt 0.466800 0.137300
vt 0.478200 0.140300
vt 0.479900 0.138700
vt 0.501100 0.138700
vt 0.503800 0.137300
vt 0.502800 0.140300
vt 0.503500 0.154200
vt 0.502800 0.151200
vt 0.501100 0.152800
vt 0.479900 0.152800
vt 0.466800 0.154200
vt 0.478200 0.151200
vt 0.455500 0.151200
vt 0.455500 0.140300
vt 0.453800 0.138700
vt 0.429900 0.137300
vt 0.432600 0.138700
vt 0.430900 0.140300
vt 0.430900 0.151200
vt 0.430200 0.154200
vt 0.432600 0.152800
vt 0.453800 0.152800
vt 0.367200 0.816400
vt 0.367200 0.828100
vt 0.363300 0.828100
vt 0.363300 0.793000
vt 0.398400 0.793000
vt 0.431900 0.151800
vt 0.431900 0.151800
vt 0.431900 0.140100
vt 0.431900 0.140100
vt 0.455300 0.140100
vt 0.455300 0.140100
vt 0.455300 0.151800
vt 0.455300 0.151800
vt 0.114900 0.750000
vt 0.123100 0.764900
vt 0.114900 0.764900
vt 0.123100 0.750000
vt 0.128900 0.765000
vt 0.129200 0.749300
vt 0.136100 0.753300
vt 0.135700 0.760900
vt 0.148100 0.756800
vt 0.145800 0.762700
vt 0.172500 0.771300
vt 0.169800 0.776400
vt 0.178200 0.774400
vt 0.175600 0.779300
vt 0.464100 0.188700
vt 0.464100 0.157400
vt 0.460200 0.157400
vt 0.460200 0.188700
vt 0.456300 0.157400
vt 0.456300 0.188700
vt 0.091700 0.718000
vt 0.088400 0.714600
vt 0.060000 0.714600
vt 0.060000 0.727100
vt 0.088400 0.727100
vt 0.091600 0.723700
vt 0.039200 0.714600
vt 0.010700 0.714600
vt 0.007400 0.718000
vt 0.007400 0.723700
vt 0.010800 0.727100
vt 0.039200 0.727100
vt 0.513000 0.616200
vt 0.505200 0.614200
vt 0.501900 0.608800
vt 0.501900 0.608800
vt 0.499500 0.574400
vt 0.501800 0.540100
vt 0.501800 0.540100
vt 0.505200 0.534700
vt 0.512900 0.532700
vt 0.532100 0.532600
vt 0.589500 0.534000
vt 0.589600 0.614600
vt 0.532200 0.616100
vt 0.007900 0.739100
vt 0.010700 0.742100
vt 0.039200 0.742100
vt 0.039200 0.731300
vt 0.010700 0.731300
vt 0.007900 0.734200
vt 0.060000 0.742100
vt 0.088500 0.742100
vt 0.091200 0.739100
vt 0.091200 0.734200
vt 0.088400 0.731300
vt 0.060000 0.731300
vt 0.198500 0.493000
vt 0.201800 0.475200
vt 0.203500 0.474800
vt 0.233100 0.394500
vt 0.233100 0.485100
vt 0.217900 0.398000
vt 0.553500 0.047900
vt 0.640000 0.047900
vt 0.640000 0.051300
vt 0.553500 0.051300
vt 0.629400 0.056200
vt 0.564100 0.056200
vt 0.625500 0.061100
vt 0.567900 0.061100
vt 0.413300 0.137900
vt 0.417200 0.106600
vt 0.413300 0.106600
vt 0.417200 0.137900
vt 0.421100 0.137900
vt 0.421100 0.106600
vt 0.173000 0.112300
vt 0.166500 0.113700
vt 0.166300 0.113300
vt 0.173000 0.111900
vt 0.177100 0.114000
vt 0.176700 0.114100
vt 0.478700 0.151800
vt 0.478700 0.151800
vt 0.478700 0.140100
vt 0.478700 0.140100
vt 0.498300 0.140100
vt 0.502200 0.140100
vt 0.502200 0.151800
vt 0.498300 0.151800
vt 0.493900 0.207100
vt 0.488300 0.229400
vt 0.488300 0.207100
vt 0.493900 0.229400
vt 0.493900 0.240600
vt 0.488300 0.240600
vt 0.961900 0.400000
vt 0.960900 0.401000
vt 0.960900 0.414000
vt 0.961900 0.415000
vt 0.984700 0.415000
vt 0.985800 0.414000
vt 0.985800 0.401000
vt 0.984700 0.400000
vt 0.985600 0.359500
vt 0.985600 0.357600
vt 0.984600 0.358500
vt 0.960800 0.359500
vt 0.961900 0.358500
vt 0.959700 0.358500
vt 0.960800 0.357600
vt 0.959700 0.345100
vt 0.960800 0.346000
vt 0.960800 0.344000
vt 0.961900 0.345100
vt 0.985600 0.344000
vt 0.984600 0.345100
vt 0.986700 0.345100
vt 0.985600 0.346000
vt 0.986700 0.358500
vt 0.482700 0.229400
vt 0.482700 0.207100
vt 0.482700 0.240600
vt 0.203500 0.474800
vt 0.201800 0.475200
vt 0.198500 0.493000
vt 0.233100 0.485100
vt 0.233100 0.394500
vt 0.217900 0.398000
vt 0.538000 0.191700
vt 0.541900 0.191700
vt 0.545800 0.199600
vt 0.541900 0.203500
vt 0.538000 0.203500
vt 0.530200 0.203500
vt 0.530200 0.199600
vt 0.530200 0.191700
vt 0.914100 0.056200
vt 0.916900 0.067100
vt 0.908400 0.058600
vt 0.914100 0.048900
vt 0.908400 0.046600
vt 0.919300 0.043700
vt 0.916900 0.038100
vt 0.926600 0.043700
vt 0.928900 0.038100
vt 0.931800 0.048900
vt 0.937500 0.046600
vt 0.931800 0.056200
vt 0.937500 0.058600
vt 0.926600 0.061400
vt 0.929000 0.067100
vt 0.919300 0.061400
vt 0.952200 0.060800
vt 0.961900 0.066400
vt 0.949900 0.066400
vt 0.947000 0.055600
vt 0.941400 0.057900
vt 0.947000 0.048300
vt 0.941400 0.045900
vt 0.952200 0.043100
vt 0.949900 0.037500
vt 0.959500 0.043100
vt 0.961900 0.037400
vt 0.964700 0.048300
vt 0.970400 0.045900
vt 0.964700 0.055600
vt 0.970400 0.057900
vt 0.959600 0.060800
vt 0.546700 0.139400
vt 0.546700 0.137100
vt 0.531400 0.109100
vt 0.524600 0.137100
vt 0.269400 0.474800
vt 0.274800 0.474000
vt 0.259700 0.396900
vt 0.252700 0.398300
vt 0.270400 0.493000
vt 0.272800 0.492600
vt 0.121100 0.099800
vt 0.133300 0.099800
vt 0.141100 0.108000
vt 0.141100 0.126800
vt 0.121100 0.126800
vt 0.260100 0.395500
vt 0.254700 0.396300
vt 0.251900 0.381400
vt 0.249600 0.381800
vt 0.113800 0.315500
vt 0.113800 0.406100
vt 0.079100 0.414000
vt 0.084100 0.395800
vt 0.098500 0.319000
vt 0.082400 0.396200
vt 0.131300 0.143800
vt 0.125400 0.150100
vt 0.118100 0.150100
vt 0.118100 0.129600
vt 0.131300 0.129600
vt 0.365400 0.171800
vt 0.289400 0.174100
vt 0.289700 0.183300
vt 0.293900 0.187300
vt 0.365800 0.185100
vt 0.080200 0.150100
vt 0.072900 0.150100
vt 0.067000 0.143800
vt 0.067000 0.129600
vt 0.080200 0.129600
vt 0.291400 0.328600
vt 0.291700 0.434800
vt 0.057600 0.108000
vt 0.065400 0.099800
vt 0.077600 0.099800
vt 0.077600 0.126800
vt 0.057600 0.126800
vt 0.948100 0.090900
vt 0.948400 0.087600
vt 0.952000 0.091100
vt 0.291400 0.442800
vt 0.297400 0.447300
vt 0.327400 0.448400
vt 0.333700 0.444300
vt 0.355200 0.334900
vt 0.355800 0.445100
vt 0.366500 0.289800
vt 0.294700 0.309000
vt 0.919600 0.731300
vt 0.919600 0.717300
vt 0.918000 0.724300
vt 0.923800 0.734200
vt 0.923800 0.714400
vt 0.923800 0.734200
vt 0.923800 0.714400
vt 0.862500 0.696000
vt 0.862500 0.694400
vt 0.861000 0.694400
vt 0.861000 0.696000
vt 0.849600 0.694400
vt 0.849600 0.696000
vt 0.862500 0.692700
vt 0.861000 0.692700
vt 0.849600 0.692700
vt 0.862500 0.691100
vt 0.861000 0.691100
vt 0.849600 0.691100
vt 0.862500 0.689400
vt 0.861000 0.689400
vt 0.849600 0.689400
vt 0.922000 0.696000
vt 0.922000 0.694400
vt 0.909800 0.694400
vt 0.909800 0.696000
vt 0.906300 0.694400
vt 0.906300 0.696000
vt 0.903700 0.694400
vt 0.903700 0.696000
vt 0.899900 0.694400
vt 0.899900 0.696000
vt 0.922000 0.692700
vt 0.909800 0.692700
vt 0.906300 0.692700
vt 0.903700 0.692700
vt 0.899900 0.692700
vt 0.922000 0.691100
vt 0.909800 0.691100
vt 0.906300 0.691100
vt 0.903700 0.691100
vt 0.899900 0.691100
vt 0.922000 0.689400
vt 0.909800 0.689400
vt 0.906300 0.689400
vt 0.903700 0.689400
vt 0.899900 0.689400
vt 0.937300 0.090200
vt 0.931200 0.091800
vt 0.931100 0.088200
vt 0.941000 0.087700
vt 0.941500 0.091200
vt 0.945000 0.087600
vt 0.945500 0.091000
vt 0.893600 0.681100
vt 0.893600 0.681100
vt 0.892400 0.679000
vt 0.891100 0.679900
vt 0.891200 0.681200
vt 0.892400 0.681500
vt 0.970400 0.108500
vt 0.966400 0.105200
vt 0.970400 0.104300
vt 0.970400 0.110400
vt 0.966400 0.108600
vt 0.962000 0.104800
vt 0.970400 0.110400
vt 0.966400 0.108600
vt 0.961800 0.108800
vt 0.961800 0.107000
vt 0.958600 0.105000
vt 0.958600 0.106800
vt 0.958600 0.108600
vt 0.893700 0.677100
vt 0.893800 0.678500
vt 0.892400 0.679000
vt 0.891100 0.678500
vt 0.891100 0.677100
vt 0.892400 0.676500
vt 0.916900 0.688400
vt 0.916900 0.686800
vt 0.914700 0.686800
vt 0.914700 0.688400
vt 0.911800 0.686800
vt 0.911800 0.688400
vt 0.883700 0.686800
vt 0.883700 0.688400
vt 0.914700 0.685100
vt 0.911800 0.685100
vt 0.883700 0.685100
vt 0.916900 0.685100
vt 0.916900 0.683500
vt 0.914700 0.683500
vt 0.911800 0.683500
vt 0.883700 0.683500
vt 0.914700 0.681900
vt 0.911800 0.681900
vt 0.883600 0.681500
vt 0.918100 0.688400
vt 0.919200 0.686800
vt 0.970400 0.095600
vt 0.966400 0.097300
vt 0.970400 0.095600
vt 0.966400 0.097300
vt 0.961800 0.097100
vt 0.970400 0.097500
vt 0.966400 0.100700
vt 0.962000 0.101100
vt 0.961800 0.098900
vt 0.970400 0.101700
vt 0.958600 0.097200
vt 0.958600 0.099000
vt 0.958600 0.100700
vt 0.059300 0.036000
vt 0.059300 0.032100
vt 0.063700 0.032100
vt 0.063700 0.024300
vt 0.068000 0.020400
vt 0.063700 0.024300
vt 0.063700 0.032100
vt 0.068000 0.032100
vt 0.063700 0.036000
vt 0.124800 0.032100
vt 0.129200 0.036000
vt 0.129200 0.016500
vt 0.124800 0.020400
vt 0.059300 0.016500
vt 0.059300 0.024300
vt 0.900600 0.680900
vt 0.900600 0.679700
vt 0.899500 0.679000
vt 0.898200 0.679900
vt 0.898200 0.681200
vt 0.899500 0.681500
vt 0.104200 0.175400
vt 0.104000 0.153000
vt 0.113600 0.152900
vt 0.120300 0.157400
vt 0.120500 0.175300
vt 0.900600 0.677200
vt 0.900600 0.678400
vt 0.899500 0.679000
vt 0.898200 0.678500
vt 0.898200 0.677100
vt 0.899500 0.676500
vt 0.217100 0.175600
vt 0.217200 0.153100
vt 0.226800 0.153200
vt 0.233500 0.157700
vt 0.233400 0.175600
vt 0.884900 0.676100
vt 0.886600 0.676900
vt 0.884900 0.678600
vt 0.883600 0.678000
vt 0.883500 0.676700
vt 0.148000 0.152900
vt 0.147800 0.175300
vt 0.131500 0.175100
vt 0.131500 0.157200
vt 0.138400 0.152800
vt 0.261000 0.153400
vt 0.260900 0.175800
vt 0.244500 0.175700
vt 0.244600 0.157800
vt 0.251400 0.153300
vt 0.182400 0.175900
vt 0.162500 0.177300
vt 0.154800 0.175400
vt 0.155000 0.153000
vt 0.210100 0.153100
vt 0.210100 0.175500
vt 0.202300 0.177300
vt 0.173000 0.423900
vt 0.181000 0.386200
vt 0.173000 0.386200
vt 0.181000 0.423900
vt 0.181000 0.433400
vt 0.173000 0.433400
vt 0.173000 0.435200
vt 0.181000 0.435200
vt 0.131400 0.299300
vt 0.139200 0.291600
vt 0.142000 0.281000
vt 0.139200 0.270400
vt 0.131400 0.262700
vt 0.120800 0.259900
vt 0.110200 0.262700
vt 0.102500 0.270400
vt 0.099600 0.281000
vt 0.102500 0.291600
vt 0.110200 0.299300
vt 0.120800 0.302100
vt 0.188900 0.433400
vt 0.188900 0.435200
vt 0.196900 0.435200
vt 0.196900 0.433400
vt 0.188900 0.423900
vt 0.196900 0.423900
vt 0.196900 0.386200
vt 0.188900 0.386200
vt 0.165000 0.435200
vt 0.165000 0.433400
vt 0.165000 0.423900
vt 0.165000 0.386200
vt 0.097100 0.172500
vt 0.085900 0.172600
vt 0.085700 0.153100
vt 0.097100 0.175400
vt 0.204900 0.433400
vt 0.204900 0.435200
vt 0.204900 0.423900
vt 0.204900 0.386200
vt 0.131400 0.299300
vt 0.120800 0.302100
vt 0.110200 0.299300
vt 0.102500 0.291600
vt 0.099600 0.281000
vt 0.102500 0.270400
vt 0.110200 0.262700
vt 0.120800 0.259900
vt 0.131400 0.262700
vt 0.139200 0.270400
vt 0.142000 0.281000
vt 0.139200 0.291600
vt 0.423000 0.710000
vt 0.431900 0.710000
vt 0.431900 0.708200
vt 0.415100 0.708200
vt 0.415100 0.721000
vt 0.421200 0.729200
vt 0.421200 0.734600
vt 0.423000 0.734600
vt 0.202300 0.317200
vt 0.210000 0.319400
vt 0.209900 0.322300
vt 0.182400 0.318600
vt 0.154900 0.322300
vt 0.154800 0.319400
vt 0.162500 0.317200
vt 0.507200 0.718100
vt 0.507200 0.720700
vt 0.508900 0.720700
vt 0.507200 0.729400
vt 0.510500 0.729400
vt 0.510500 0.720700
vt 0.510500 0.718100
vt 0.507200 0.686000
vt 0.510500 0.686000
vt 0.507200 0.678800
vt 0.510500 0.678800
vt 0.507200 0.670700
vt 0.510500 0.670700
vt 0.507200 0.666300
vt 0.510500 0.666300
vt 0.510500 0.664600
vt 0.507200 0.664600
vt 0.513700 0.720700
vt 0.515300 0.720700
vt 0.515300 0.718100
vt 0.515300 0.729400
vt 0.512100 0.729400
vt 0.512100 0.720700
vt 0.512100 0.718100
vt 0.512100 0.686000
vt 0.515300 0.686000
vt 0.512100 0.678800
vt 0.515300 0.678800
vt 0.512100 0.670700
vt 0.515300 0.670700
vt 0.512100 0.666300
vt 0.515300 0.666300
vt 0.517000 0.664600
vt 0.463000 0.624600
vt 0.461700 0.627800
vt 0.458500 0.629100
vt 0.455200 0.627800
vt 0.453900 0.624600
vt 0.455200 0.621400
vt 0.458400 0.620000
vt 0.461700 0.621300
vt 0.348800 0.591300
vt 0.348800 0.640500
vt 0.351000 0.640500
vt 0.351000 0.591300
vt 0.348800 0.586700
vt 0.351000 0.586100
vt 0.349100 0.582100
vt 0.349100 0.582100
vt 0.986100 0.036700
vt 0.992400 0.039400
vt 0.995000 0.045700
vt 0.992400 0.051900
vt 0.986100 0.054500
vt 0.979800 0.051900
vt 0.977200 0.045600
vt 0.979900 0.039300
vt 0.344500 0.640500
vt 0.342300 0.591300
vt 0.342400 0.640500
vt 0.344500 0.591300
vt 0.342300 0.586700
vt 0.344500 0.586700
vt 0.344500 0.582100
vt 0.342300 0.582100
vt 0.502700 0.729400
vt 0.504400 0.729400
vt 0.504400 0.720700
vt 0.502700 0.720700
vt 0.504400 0.718100
vt 0.502700 0.718100
vt 0.504400 0.686000
vt 0.502700 0.686000
vt 0.504400 0.678800
vt 0.502700 0.678800
vt 0.504400 0.670700
vt 0.502700 0.670700
vt 0.504400 0.666300
vt 0.502700 0.666300
vt 0.504400 0.664600
vt 0.411800 0.668800
vt 0.420500 0.669400
vt 0.420700 0.667000
vt 0.403900 0.667000
vt 0.403900 0.677200
vt 0.410000 0.685300
vt 0.410000 0.690700
vt 0.411800 0.690700
vt 0.871300 0.006700
vt 0.875900 0.006700
vt 0.877200 0.114100
vt 0.872300 0.114100
vt 0.867100 0.114100
vt 0.822900 0.665200
vt 0.814700 0.679300
vt 0.798300 0.679300
vt 0.790100 0.665200
vt 0.798300 0.651000
vt 0.814700 0.651000
vt 0.867100 0.006700
vt 0.860500 0.114100
vt 0.855000 0.114100
vt 0.850500 0.114100
vt 0.862600 0.006700
vt 0.330200 0.436300
vt 0.330000 0.444300
vt 0.323700 0.448400
vt 0.293700 0.447300
vt 0.287700 0.442800
vt 0.288000 0.434800
vt 0.287700 0.328600
vt 0.365800 0.185100
vt 0.289900 0.187300
vt 0.285600 0.183300
vt 0.285400 0.174100
vt 0.365400 0.171800
vt 0.952200 0.060800
vt 0.949900 0.066400
vt 0.961900 0.066400
vt 0.947000 0.055600
vt 0.941400 0.057900
vt 0.947000 0.048300
vt 0.941400 0.045900
vt 0.952200 0.043100
vt 0.949900 0.037500
vt 0.959500 0.043100
vt 0.961900 0.037400
vt 0.964700 0.048300
vt 0.970400 0.045900
vt 0.964700 0.055600
vt 0.970400 0.057900
vt 0.959600 0.060800
vt 0.661100 0.914200
vt 0.634700 0.901200
vt 0.661100 0.894100
vt 0.677300 0.918600
vt 0.687400 0.901200
vt 0.689300 0.930400
vt 0.706700 0.920400
vt 0.693600 0.946700
vt 0.661100 0.979100
vt 0.644900 0.974800
vt 0.632900 0.962900
vt 0.628600 0.946700
vt 0.632900 0.930500
vt 0.644800 0.918600
vt 0.689300 0.962900
vt 0.677400 0.974800
vt 0.713800 0.946600
vt 0.706800 0.972900
vt 0.687500 0.992200
vt 0.661100 0.999200
vt 0.634800 0.992200
vt 0.615500 0.973000
vt 0.608400 0.946700
vt 0.615400 0.920500
vt 0.999800 0.975900
vt 0.999800 0.978800
vt 0.976100 0.978800
vt 0.976100 0.975900
vt 0.952300 0.978800
vt 0.952300 0.975900
vt 0.928600 0.978800
vt 0.928600 0.975900
vt 0.904900 0.978800
vt 0.904900 0.975900
vt 0.881200 0.978800
vt 0.881200 0.975900
vt 0.857500 0.978800
vt 0.857500 0.975900
vt 0.833800 0.978800
vt 0.833800 0.975900
vt 0.810000 0.978800
vt 0.810000 0.975900
vt 0.786300 0.978800
vt 0.786300 0.975900
vt 0.762600 0.978800
vt 0.762600 0.975900
vt 0.738800 0.978800
vt 0.738800 0.975900
vt 0.715100 0.978800
vt 0.715100 0.975900
vt 0.747000 0.870700
vt 0.747000 0.887700
vt 0.754600 0.887700
vt 0.754600 0.870700
vt 0.762300 0.887700
vt 0.762300 0.870700
vt 0.769900 0.887700
vt 0.769900 0.870700
vt 0.777400 0.887700
vt 0.777400 0.870700
vt 0.785000 0.887700
vt 0.785000 0.870700
vt 0.792600 0.887700
vt 0.792600 0.870700
vt 0.800100 0.887700
vt 0.800100 0.870700
vt 0.807700 0.887700
vt 0.807700 0.870700
vt 0.815300 0.887700
vt 0.815300 0.870700
vt 0.822900 0.887700
vt 0.822900 0.870700
vt 0.830500 0.887700
vt 0.830500 0.870700
vt 0.838100 0.887700
vt 0.838100 0.870700
vt 0.444800 0.572300
vt 0.444800 0.572300
vt 0.447200 0.572200
vt 0.447200 0.572200
vt 0.478600 0.572200
vt 0.478600 0.572200
vt 0.481000 0.572300
vt 0.481000 0.572300
vt 0.492400 0.572300
vt 0.492400 0.572300
vt 0.107800 0.093400
vt 0.103900 0.093400
vt 0.111700 0.093400
vt 0.103900 0.093400
vt 0.107800 0.093400
vt 0.103900 0.093400
vt 0.111700 0.093400
vt 0.103900 0.093400
vt 0.444800 0.572300
vt 0.444800 0.572300
vt 0.447200 0.572200
vt 0.447200 0.572200
vt 0.478600 0.572200
vt 0.478600 0.572200
vt 0.481000 0.572300
vt 0.481000 0.572300
vt 0.492400 0.572300
vt 0.492400 0.572300
vt 0.914100 0.056200
vt 0.908400 0.058600
vt 0.916900 0.067100
vt 0.914100 0.048900
vt 0.908400 0.046600
vt 0.919300 0.043700
vt 0.916900 0.038100
vt 0.926600 0.043700
vt 0.928900 0.038100
vt 0.931800 0.048900
vt 0.937500 0.046600
vt 0.931800 0.056200
vt 0.937500 0.058600
vt 0.926600 0.061400
vt 0.929000 0.067100
vt 0.919300 0.061400
vt 0.117500 0.746400
vt 0.114100 0.711700
vt 0.114100 0.746400
vt 0.117600 0.711700
vt 0.114100 0.698600
vt 0.121100 0.698700
vt 0.121100 0.711700
vt 0.121100 0.746400
vt 0.110800 0.746400
vt 0.107600 0.711700
vt 0.107600 0.746400
vt 0.110800 0.711700
vt 0.107500 0.698600
vt 0.104100 0.746400
vt 0.100600 0.711700
vt 0.100600 0.746400
vt 0.104100 0.711700
vt 0.100500 0.698600
vt 0.884900 0.678600
vt 0.883600 0.679800
vt 0.883600 0.679800
vt 0.884900 0.681100
vt 0.885900 0.679300
vt 0.169800 0.776400
vt 0.175600 0.779300
vt 0.178200 0.774400
vt 0.172500 0.771300
vt 0.145800 0.762700
vt 0.148100 0.756800
vt 0.135700 0.760900
vt 0.136100 0.753300
vt 0.128900 0.765000
vt 0.129200 0.749300
vt 0.123100 0.750000
vt 0.123100 0.764900
vt 0.114900 0.750000
vt 0.114900 0.764900
vt 0.085600 0.750200
vt 0.093800 0.765100
vt 0.093800 0.750200
vt 0.085600 0.765100
vt 0.079900 0.750100
vt 0.079900 0.765000
vt 0.073400 0.760900
vt 0.073400 0.754200
vt 0.064000 0.764200
vt 0.061800 0.758300
vt 0.039500 0.778900
vt 0.037400 0.773700
vt 0.033000 0.780700
vt 0.031300 0.776600
vt 0.027500 0.778800
vt 0.029100 0.782900
vt 0.021800 0.780900
vt 0.023400 0.785000
vt 0.872000 0.676200
vt 0.873700 0.676700
vt 0.872000 0.678600
vt 0.870700 0.678100
vt 0.870700 0.676700
vt 0.819700 0.833300
vt 0.827900 0.835600
vt 0.834000 0.841700
vt 0.836100 0.850000
vt 0.833800 0.858200
vt 0.827700 0.864200
vt 0.819400 0.866400
vt 0.811100 0.864100
vt 0.805100 0.858000
vt 0.802900 0.849700
vt 0.805200 0.841400
vt 0.811300 0.835400
vt 0.872000 0.678600
vt 0.871000 0.679300
vt 0.871000 0.679300
vt 0.872000 0.681100
vt 0.873700 0.679500
vt 0.878700 0.683500
vt 0.878700 0.681900
vt 0.875500 0.681900
vt 0.875500 0.683500
vt 0.851400 0.681900
vt 0.851400 0.683500
vt 0.878700 0.686800
vt 0.878700 0.685100
vt 0.875500 0.685100
vt 0.875500 0.686800
vt 0.851400 0.685100
vt 0.851400 0.686800
vt 0.582000 0.798500
vt 0.596200 0.808200
vt 0.605900 0.822300
vt 0.609200 0.839200
vt 0.605900 0.856000
vt 0.596400 0.870300
vt 0.582100 0.879900
vt 0.565200 0.883100
vt 0.548300 0.879900
vt 0.534100 0.870200
vt 0.524500 0.856000
vt 0.521200 0.839200
vt 0.524600 0.822400
vt 0.534100 0.808100
vt 0.548300 0.798400
vt 0.565200 0.795200
vt 0.137300 0.734800
vt 0.133200 0.730700
vt 0.133200 0.724900
vt 0.137300 0.720800
vt 0.143200 0.720800
vt 0.147300 0.724900
vt 0.147300 0.730700
vt 0.143200 0.734800
vt 0.712700 0.814200
vt 0.723100 0.839300
vt 0.712700 0.864500
vt 0.687400 0.874900
vt 0.662200 0.864500
vt 0.651800 0.839300
vt 0.662200 0.814200
vt 0.687400 0.803800
vt 0.143300 0.702300
vt 0.147400 0.706400
vt 0.147400 0.712200
vt 0.143300 0.716300
vt 0.137500 0.716300
vt 0.133400 0.712200
vt 0.133400 0.706400
vt 0.137500 0.702300
vt 0.111400 0.062100
vt 0.111400 0.058200
vt 0.111400 0.062100
vt 0.107500 0.062100
vt 0.107500 0.062100
vt 0.107500 0.066000
vt 0.107500 0.066000
vt 0.111400 0.069900
vt 0.111400 0.069900
vt 0.111400 0.069900
vt 0.111400 0.069900
vt 0.115300 0.069900
vt 0.115300 0.069900
vt 0.115300 0.066000
vt 0.115300 0.066000
vt 0.115300 0.062100
vt 0.115300 0.062100
vt 0.115300 0.062100
vt 0.115300 0.062100
vt 0.111400 0.058200
vt 0.456100 0.240000
vt 0.461600 0.240000
vt 0.461600 0.228900
vt 0.456100 0.228900
vt 0.928500 0.827900
vt 0.928500 0.816200
vt 0.937300 0.816200
vt 0.946100 0.816300
vt 0.946100 0.827900
vt 0.583300 0.882500
vt 0.565200 0.885800
vt 0.547200 0.882600
vt 0.532200 0.872100
vt 0.521800 0.857000
vt 0.518300 0.839300
vt 0.521900 0.821400
vt 0.532200 0.806000
vt 0.547400 0.795700
vt 0.565200 0.792400
vt 0.583000 0.795800
vt 0.598100 0.806200
vt 0.608700 0.821100
vt 0.612000 0.839000
vt 0.608400 0.857200
vt 0.598300 0.872500
vt 0.518100 0.245400
vt 0.523600 0.239900
vt 0.523600 0.245400
vt 0.523600 0.245400
vt 0.523600 0.250900
vt 0.518100 0.245400
vt 0.896700 0.852000
vt 0.894200 0.852000
vt 0.893000 0.840800
vt 0.907200 0.840800
vt 0.903500 0.852100
vt 0.507100 0.239900
vt 0.512600 0.239900
vt 0.512600 0.245400
vt 0.507100 0.250900
vt 0.501600 0.245400
vt 0.501600 0.239900
vt 0.896700 0.882300
vt 0.903600 0.882300
vt 0.907200 0.893500
vt 0.893000 0.893500
vt 0.894200 0.882300
vt 0.477100 0.207100
vt 0.477100 0.229400
vt 0.477100 0.240600
vt 0.477100 0.240600
vt 0.413500 0.291200
vt 0.420500 0.292900
vt 0.405800 0.290500
vt 0.975500 0.851600
vt 0.973000 0.851600
vt 0.971800 0.840400
vt 0.986000 0.840400
vt 0.982300 0.851600
vt 0.867100 0.006700
vt 0.860500 0.114100
vt 0.855000 0.114100
vt 0.850500 0.114100
vt 0.862600 0.006700
vt 0.975500 0.881800
vt 0.982300 0.881800
vt 0.986000 0.893100
vt 0.971800 0.893100
vt 0.973000 0.881800
vt 0.871300 0.006700
vt 0.875900 0.006700
vt 0.877200 0.114100
vt 0.872300 0.114100
vt 0.867100 0.114100
vt 0.179000 0.782900
vt 0.180300 0.779000
vt 0.183600 0.786500
vt 0.185200 0.782500
vt 0.226200 0.130400
vt 0.226200 0.103200
vt 0.226200 0.103200
vt 0.226200 0.089600
vt 0.226200 0.075700
vt 0.226200 0.038400
vt 0.226200 0.029100
vt 0.226200 0.016200
vt 0.226200 0.003200
vt 0.230900 0.089600
vt 0.230900 0.075700
vt 0.230900 0.038400
vt 0.230900 0.029100
vt 0.230900 0.016200
vt 0.230900 0.003200
vt 0.662200 0.864500
vt 0.658900 0.892500
vt 0.673800 0.872200
vt 0.634200 0.867800
vt 0.651800 0.839300
vt 0.662200 0.814200
vt 0.634200 0.810900
vt 0.658900 0.786200
vt 0.716000 0.786200
vt 0.687400 0.803800
vt 0.712700 0.814200
vt 0.723100 0.839300
vt 0.740700 0.810900
vt 0.740700 0.867800
vt 0.712700 0.864500
vt 0.687400 0.874900
vt 0.716000 0.892500
vt 0.530000 0.687900
vt 0.534800 0.685800
vt 0.559100 0.678600
vt 0.558700 0.681800
vt 0.574300 0.673400
vt 0.576400 0.677200
vt 0.591900 0.667500
vt 0.593000 0.672800
vt 0.608900 0.668600
vt 0.609400 0.661500
vt 0.627300 0.658300
vt 0.627200 0.665500
vt 0.643700 0.655400
vt 0.644700 0.662500
vt 0.660900 0.659700
vt 0.660900 0.652400
vt 0.678100 0.660000
vt 0.677700 0.652800
vt 0.696900 0.653200
vt 0.697000 0.660200
vt 0.714100 0.653600
vt 0.714000 0.660500
vt 0.731200 0.653900
vt 0.731200 0.660700
vt 0.743800 0.653900
vt 0.742900 0.660700
vt 0.760400 0.653900
vt 0.759700 0.660700
vt 0.771600 0.653800
vt 0.780200 0.660700
vt 0.529600 0.703900
vt 0.527600 0.703700
vt 0.527600 0.692800
vt 0.529500 0.693300
vt 0.531800 0.689300
vt 0.558000 0.685000
vt 0.575800 0.680600
vt 0.592700 0.676400
vt 0.608800 0.672400
vt 0.627100 0.669400
vt 0.644700 0.666400
vt 0.660900 0.663700
vt 0.678100 0.663800
vt 0.697000 0.663900
vt 0.714000 0.663900
vt 0.731200 0.664000
vt 0.742000 0.664400
vt 0.757500 0.665100
vt 0.777400 0.665900
vt 0.780200 0.707100
vt 0.777500 0.707000
vt 0.935700 0.882400
vt 0.942800 0.882400
vt 0.946600 0.893100
vt 0.931800 0.893100
vt 0.933100 0.882400
vt 0.063700 0.912100
vt 0.084400 0.912100
vt 0.084400 0.907400
vt 0.063700 0.927100
vt 0.084400 0.927100
vt 0.063700 0.950100
vt 0.084400 0.950100
vt 0.063700 0.955000
vt 0.084400 0.955000
vt 0.105100 0.950100
vt 0.105100 0.955000
vt 0.125900 0.950100
vt 0.125900 0.955000
vt 0.146600 0.950100
vt 0.146600 0.955000
vt 0.167300 0.950100
vt 0.167300 0.955000
vt 0.188000 0.950100
vt 0.188000 0.955000
vt 0.208800 0.950100
vt 0.291700 0.847200
vt 0.312400 0.847200
vt 0.312400 0.832200
vt 0.333100 0.832200
vt 0.333100 0.847200
vt 0.353800 0.832200
vt 0.353800 0.847200
vt 0.374600 0.832200
vt 0.374600 0.847200
vt 0.395300 0.832200
vt 0.395300 0.847200
vt 0.416000 0.832200
vt 0.416000 0.847200
vt 0.436700 0.832200
vt 0.436700 0.847200
vt 0.457500 0.832200
vt 0.457500 0.847200
vt 0.478200 0.832200
vt 0.478200 0.847200
vt 0.498900 0.832200
vt 0.188000 0.912100
vt 0.188000 0.927100
vt 0.167300 0.927100
vt 0.167300 0.912100
vt 0.146600 0.927100
vt 0.146600 0.912100
vt 0.125900 0.927100
vt 0.125900 0.912100
vt 0.105100 0.927100
vt 0.105100 0.912100
vt 0.084400 0.927100
vt 0.084400 0.912100
vt 0.063700 0.927100
vt 0.063700 0.912100
vt 0.042900 0.927100
vt 0.042900 0.912100
vt 0.022200 0.927100
vt 0.022200 0.912100
vt 0.001500 0.927100
vt 0.001500 0.912100
vt 0.001500 0.907400
vt 0.022200 0.907400
vt 0.042900 0.907400
vt 0.063700 0.907400
vt 0.084400 0.907400
vt 0.105100 0.907400
vt 0.125900 0.907400
vt 0.146600 0.907400
vt 0.188000 0.892400
vt 0.188000 0.907400
vt 0.167300 0.907400
vt 0.167300 0.892400
vt 0.146600 0.892400
vt 0.125900 0.892400
vt 0.105100 0.892400
vt 0.084400 0.892400
vt 0.063700 0.892400
vt 0.042900 0.892400
vt 0.022200 0.892400
vt 0.001500 0.892400
vt 0.188000 0.877300
vt 0.167300 0.877300
vt 0.146600 0.877300
vt 0.125900 0.877300
vt 0.105100 0.877300
vt 0.084400 0.877300
vt 0.063700 0.877300
vt 0.042900 0.877300
vt 0.022200 0.877300
vt 0.001500 0.877300
vt 0.188000 0.862300
vt 0.167300 0.862300
vt 0.146600 0.862300
vt 0.125900 0.862300
vt 0.105100 0.862300
vt 0.084400 0.862300
vt 0.063700 0.862300
vt 0.042900 0.862300
vt 0.022200 0.862300
vt 0.001500 0.862300
vt 0.188000 0.847200
vt 0.167300 0.847200
vt 0.146600 0.847200
vt 0.125900 0.847200
vt 0.105100 0.847200
vt 0.084400 0.847200
vt 0.063700 0.847200
vt 0.042900 0.847200
vt 0.022200 0.847200
vt 0.001500 0.847200
vt 0.001500 0.832200
vt 0.022200 0.832200
vt 0.042900 0.832200
vt 0.063700 0.832200
vt 0.084400 0.832200
vt 0.105100 0.832200
vt 0.125900 0.832200
vt 0.146600 0.832200
vt 0.167300 0.832200
vt 0.662200 0.814200
vt 0.634200 0.867800
vt 0.634200 0.810900
vt 0.658900 0.786200
vt 0.716000 0.786200
vt 0.687400 0.803800
vt 0.712700 0.814200
vt 0.723100 0.839300
vt 0.740700 0.810900
vt 0.740700 0.867800
vt 0.712700 0.864500
vt 0.687400 0.874900
vt 0.716000 0.892500
vt 0.658900 0.892500
vt 0.673800 0.872200
vt 0.662200 0.864500
vt 0.651800 0.839300
vt 0.084400 0.000100
vt 0.084400 0.993700
vt 0.105100 0.993700
vt 0.105100 0.000100
vt 0.125900 0.993700
vt 0.125900 0.000100
vt 0.146600 0.993700
vt 0.146600 0.000100
vt 0.167300 0.993700
vt 0.167300 0.000100
vt 0.188000 0.993700
vt 0.188000 0.000100
vt 0.208800 0.993700
vt 0.208800 0.000100
vt 0.229500 0.993700
vt 0.229500 0.000100
vt 0.250200 0.993700
vt 0.250200 0.000100
vt 0.270900 0.993700
vt 0.270900 0.000100
vt 0.001500 0.000100
vt 0.001500 0.993700
vt 0.022200 0.993700
vt 0.022200 0.000100
vt 0.042900 0.993700
vt 0.042900 0.000100
vt 0.063700 0.993700
vt 0.063700 0.000100
vt 0.001500 0.958800
vt 0.022200 0.958800
vt 0.042900 0.958800
vt 0.063700 0.958800
vt 0.084400 0.958800
vt 0.105100 0.958800
vt 0.125900 0.958800
vt 0.001500 0.955000
vt 0.022200 0.955000
vt 0.042900 0.955000
vt 0.063700 0.955000
vt 0.084400 0.955000
vt 0.105100 0.955000
vt 0.125900 0.955000
vt 0.146600 0.955000
vt 0.146600 0.958800
vt 0.167300 0.955000
vt 0.167300 0.958800
vt 0.001500 0.950100
vt 0.022200 0.950100
vt 0.042900 0.950100
vt 0.063700 0.950100
vt 0.084400 0.950100
vt 0.105100 0.950100
vt 0.125900 0.950100
vt 0.146600 0.950100
vt 0.167300 0.950100
vt 0.188000 0.950100
vt 0.188000 0.955000
vt 0.208800 0.950100
vt 0.208800 0.955000
vt 0.208800 0.927100
vt 0.229500 0.927100
vt 0.229500 0.950100
vt 0.250200 0.927100
vt 0.250200 0.950100
vt 0.374600 0.912100
vt 0.374600 0.927100
vt 0.353800 0.927100
vt 0.353800 0.912100
vt 0.333100 0.927100
vt 0.333100 0.912100
vt 0.312400 0.927100
vt 0.312400 0.912100
vt 0.291700 0.927100
vt 0.291700 0.912100
vt 0.270900 0.927100
vt 0.270900 0.912100
vt 0.250200 0.912100
vt 0.229500 0.912100
vt 0.208800 0.912100
vt 0.208800 0.907400
vt 0.229500 0.907400
vt 0.250200 0.907400
vt 0.270900 0.907400
vt 0.291700 0.907400
vt 0.312400 0.907400
vt 0.333100 0.907400
vt 0.374600 0.892400
vt 0.374600 0.907400
vt 0.353800 0.907400
vt 0.353800 0.892400
vt 0.333100 0.892400
vt 0.312400 0.892400
vt 0.291700 0.892400
vt 0.270900 0.892400
vt 0.250200 0.892400
vt 0.229500 0.892400
vt 0.208800 0.892400
vt 0.374600 0.877300
vt 0.353800 0.877300
vt 0.333100 0.877300
vt 0.312400 0.877300
vt 0.291700 0.877300
vt 0.270900 0.877300
vt 0.250200 0.877300
vt 0.229500 0.877300
vt 0.208800 0.877300
vt 0.374600 0.862300
vt 0.353800 0.862300
vt 0.333100 0.862300
vt 0.312400 0.862300
vt 0.291700 0.862300
vt 0.270900 0.862300
vt 0.250200 0.862300
vt 0.229500 0.862300
vt 0.208800 0.862300
vt 0.374600 0.847200
vt 0.353800 0.847200
vt 0.333100 0.847200
vt 0.312400 0.847200
vt 0.291700 0.847200
vt 0.270900 0.847200
vt 0.250200 0.847200
vt 0.229500 0.847200
vt 0.208800 0.847200
vt 0.188000 0.832200
vt 0.208800 0.832200
vt 0.229500 0.832200
vt 0.250200 0.832200
vt 0.270900 0.832200
vt 0.291700 0.832200
vt 0.312400 0.832200
vt 0.333100 0.832200
vt 0.353800 0.832200
vt 0.146600 0.955000
vt 0.146600 0.950100
vt 0.167300 0.950100
vt 0.167300 0.955000
vt 0.188000 0.950100
vt 0.188000 0.955000
vt 0.208800 0.950100
vt 0.208800 0.955000
vt 0.229500 0.950100
vt 0.229500 0.955000
vt 0.250200 0.950100
vt 0.250200 0.955000
vt 0.270900 0.950100
vt 0.270900 0.955000
vt 0.291700 0.950100
vt 0.291700 0.955000
vt 0.312400 0.950100
vt 0.312400 0.955000
vt 0.333100 0.950100
vt 0.333100 0.955000
vt 0.374600 0.927100
vt 0.374600 0.950100
vt 0.353800 0.950100
vt 0.353800 0.927100
vt 0.333100 0.927100
vt 0.312400 0.927100
vt 0.291700 0.927100
vt 0.270900 0.927100
vt 0.250200 0.927100
vt 0.229500 0.927100
vt 0.208800 0.927100
vt 0.188000 0.927100
vt 0.935700 0.851100
vt 0.933100 0.851100
vt 0.931900 0.840400
vt 0.946600 0.840400
vt 0.942900 0.851100
vt 0.353800 0.958800
vt 0.374600 0.958800
vt 0.374600 0.955000
vt 0.353800 0.993700
vt 0.333100 0.993700
vt 0.333100 0.984000
vt 0.312400 0.984000
vt 0.312400 0.993700
vt 0.291700 0.984000
vt 0.291700 0.993700
vt 0.270900 0.984000
vt 0.270900 0.993700
vt 0.250200 0.984000
vt 0.250200 0.993700
vt 0.229500 0.984000
vt 0.229500 0.993700
vt 0.208800 0.984000
vt 0.208800 0.993700
vt 0.188000 0.984000
vt 0.188000 0.993700
vt 0.859100 0.882600
vt 0.866300 0.882500
vt 0.870000 0.893300
vt 0.855300 0.893300
vt 0.856500 0.882600
vt 0.270900 0.958800
vt 0.291700 0.958800
vt 0.291700 0.955000
vt 0.312400 0.955000
vt 0.312400 0.958800
vt 0.333100 0.955000
vt 0.333100 0.958800
vt 0.353800 0.955000
vt 0.353800 0.950100
vt 0.374600 0.950100
vt 0.374600 0.927100
vt 0.395300 0.927100
vt 0.395300 0.912100
vt 0.416000 0.912100
vt 0.416000 0.907400
vt 0.436700 0.907400
vt 0.436700 0.892400
vt 0.457500 0.892400
vt 0.457500 0.877300
vt 0.436700 0.877300
vt 0.436700 0.912100
vt 0.416000 0.927100
vt 0.395300 0.950100
vt 0.250200 0.958800
vt 0.457500 0.993700
vt 0.457500 0.000100
vt 0.436700 0.000100
vt 0.436700 0.993700
vt 0.457500 0.958800
vt 0.436700 0.958800
vt 0.457500 0.955000
vt 0.436700 0.955000
vt 0.457500 0.950100
vt 0.436700 0.950100
vt 0.478200 0.993700
vt 0.478200 0.000100
vt 0.478200 0.958800
vt 0.478200 0.955000
vt 0.478200 0.950100
vt 0.478200 0.927100
vt 0.457500 0.927100
vt 0.478200 0.912100
vt 0.457500 0.912100
vt 0.478200 0.892400
vt 0.478200 0.877300
vt 0.498900 0.877300
vt 0.498900 0.892400
vt 0.478200 0.907400
vt 0.498900 0.907400
vt 0.498900 0.912100
vt 0.498900 0.927100
vt 0.498900 0.950100
vt 0.498900 0.955000
vt 0.498900 0.958800
vt 0.498900 0.993700
vt 0.498900 0.000100
vt 0.374600 0.832200
vt 0.395300 0.832200
vt 0.395300 0.847200
vt 0.416000 0.832200
vt 0.416000 0.847200
vt 0.436700 0.832200
vt 0.436700 0.847200
vt 0.457500 0.832200
vt 0.457500 0.847200
vt 0.478200 0.832200
vt 0.478200 0.847200
vt 0.498900 0.832200
vt 0.498900 0.847200
vt 0.478200 0.862300
vt 0.498900 0.862300
vt 0.457500 0.907400
vt 0.457500 0.892400
vt 0.457500 0.877300
vt 0.457500 0.862300
vt 0.436700 0.862300
vt 0.416000 0.862300
vt 0.395300 0.862300
vt 0.436700 0.927100
vt 0.436700 0.912100
vt 0.436700 0.907400
vt 0.436700 0.892400
vt 0.436700 0.877300
vt 0.416000 0.877300
vt 0.395300 0.877300
vt 0.416000 0.958800
vt 0.416000 0.955000
vt 0.416000 0.950100
vt 0.416000 0.927100
vt 0.416000 0.912100
vt 0.416000 0.907400
vt 0.416000 0.892400
vt 0.395300 0.892400
vt 0.416000 0.000100
vt 0.416000 0.993700
vt 0.395300 0.000100
vt 0.395300 0.993700
vt 0.395300 0.958800
vt 0.395300 0.955000
vt 0.395300 0.950100
vt 0.395300 0.927100
vt 0.395300 0.912100
vt 0.395300 0.907400
vt 0.374600 0.950100
vt 0.374600 0.955000
vt 0.374600 0.958800
vt 0.374600 0.993700
vt 0.374600 0.000100
vt 0.353800 0.000100
vt 0.353800 0.993700
vt 0.353800 0.958800
vt 0.353800 0.955000
vt 0.353800 0.950100
vt 0.270900 0.950100
vt 0.291700 0.950100
vt 0.312400 0.950100
vt 0.333100 0.950100
vt 0.333100 0.955000
vt 0.333100 0.958800
vt 0.333100 0.993700
vt 0.333100 0.000100
vt 0.229500 0.955000
vt 0.250200 0.955000
vt 0.270900 0.955000
vt 0.291700 0.955000
vt 0.312400 0.955000
vt 0.312400 0.958800
vt 0.312400 0.993700
vt 0.312400 0.000100
vt 0.188000 0.958800
vt 0.208800 0.958800
vt 0.229500 0.958800
vt 0.250200 0.958800
vt 0.270900 0.958800
vt 0.291700 0.958800
vt 0.291700 0.993700
vt 0.291700 0.000100
vt 0.859100 0.851300
vt 0.856500 0.851300
vt 0.855300 0.840600
vt 0.870000 0.840600
vt 0.866200 0.851300
vt 0.182300 0.630500
vt 0.084700 0.649500
vt 0.084700 0.630600
vt 0.182300 0.649400
vt 0.208300 0.630500
vt 0.211700 0.637200
vt 0.214300 0.636100
vt 0.214200 0.631300
vt 0.216900 0.637200
vt 0.220100 0.633800
vt 0.218000 0.639900
vt 0.222600 0.639900
vt 0.216900 0.642600
vt 0.220200 0.646000
vt 0.214300 0.643700
vt 0.214300 0.648500
vt 0.211700 0.642600
vt 0.208400 0.649300
vt 0.210500 0.639900
vt 0.677700 0.624200
vt 0.660900 0.624200
vt 0.660900 0.652400
vt 0.643700 0.655400
vt 0.643800 0.629900
vt 0.627300 0.658300
vt 0.627300 0.635300
vt 0.609400 0.661500
vt 0.608700 0.641400
vt 0.591900 0.667500
vt 0.592100 0.650000
vt 0.574300 0.673400
vt 0.574700 0.659000
vt 0.559100 0.678600
vt 0.558600 0.667300
vt 0.534800 0.685800
vt 0.532700 0.684000
vt 0.532000 0.677500
vt 0.528100 0.678300
vt 0.529000 0.684300
vt 0.780200 0.660700
vt 0.780800 0.623300
vt 0.771300 0.623500
vt 0.771600 0.653800
vt 0.760400 0.653900
vt 0.759700 0.623700
vt 0.743800 0.653900
vt 0.743500 0.623900
vt 0.731200 0.653900
vt 0.731200 0.624000
vt 0.714100 0.653600
vt 0.714100 0.624100
vt 0.696900 0.653200
vt 0.696900 0.624100
vt 0.677700 0.652800
vt 0.724800 0.715300
vt 0.724000 0.711300
vt 0.706000 0.723500
vt 0.717100 0.735900
vt 0.687600 0.738500
vt 0.708800 0.747600
vt 0.699800 0.760200
vt 0.691200 0.772300
vt 0.589700 0.712200
vt 0.673900 0.775700
vt 0.658500 0.778800
vt 0.642500 0.782000
vt 0.626800 0.778000
vt 0.608900 0.773500
vt 0.592800 0.769400
vt 0.576800 0.765400
vt 0.542900 0.731200
vt 0.567200 0.757600
vt 0.554400 0.747400
vt 0.545300 0.740100
vt 0.532700 0.684000
vt 0.529000 0.684300
vt 0.528100 0.678300
vt 0.532000 0.677500
vt 0.558600 0.667300
vt 0.574700 0.659000
vt 0.592100 0.650000
vt 0.608700 0.641400
vt 0.627300 0.635300
vt 0.643800 0.629900
vt 0.660900 0.624200
vt 0.677700 0.624200
vt 0.696900 0.624100
vt 0.714100 0.624100
vt 0.731200 0.624000
vt 0.743500 0.623900
vt 0.759700 0.623700
vt 0.771300 0.623500
vt 0.780800 0.623300
vt 0.445800 0.562300
vt 0.480000 0.562300
vt 0.480000 0.570800
vt 0.478600 0.572200
vt 0.447200 0.572200
vt 0.445800 0.570800
vt 0.935700 0.851100
vt 0.942900 0.851100
vt 0.946600 0.840400
vt 0.931900 0.840400
vt 0.933100 0.851100
vt 0.204900 0.380200
vt 0.204900 0.386200
vt 0.196900 0.386200
vt 0.196900 0.380200
vt 0.165000 0.380200
vt 0.165000 0.386200
vt 0.204900 0.376500
vt 0.165000 0.376500
vt 0.196900 0.376500
vt 0.173000 0.380200
vt 0.173000 0.386200
vt 0.173000 0.376500
vt 0.181000 0.380200
vt 0.181000 0.386200
vt 0.188900 0.380200
vt 0.188900 0.376500
vt 0.181000 0.376500
vt 0.188900 0.386200
vt 0.872300 0.120500
vt 0.867100 0.120500
vt 0.879700 0.006700
vt 0.883900 0.114100
vt 0.877100 0.120500
vt 0.076500 0.630700
vt 0.076500 0.649500
vt 0.068100 0.649500
vt 0.068100 0.630700
vt 0.059900 0.649500
vt 0.059900 0.630700
vt 0.488300 0.246100
vt 0.482700 0.246100
vt 0.521100 0.192200
vt 0.526600 0.192200
vt 0.526600 0.236200
vt 0.521100 0.236200
vt 0.515600 0.192200
vt 0.515600 0.236200
vt 0.515600 0.192200
vt 0.515600 0.236200
vt 0.510100 0.192200
vt 0.510100 0.236200
vt 0.504600 0.192200
vt 0.504600 0.236200
vt 0.499100 0.192200
vt 0.499100 0.236200
vt 0.441600 0.227500
vt 0.441600 0.254400
vt 0.432600 0.254400
vt 0.450500 0.227500
vt 0.450500 0.254400
vt 0.472800 0.240000
vt 0.472800 0.240000
vt 0.472800 0.228900
vt 0.467200 0.228900
vt 0.467200 0.240000
vt 0.461600 0.245600
vt 0.467200 0.245600
vt 0.138000 0.042100
vt 0.138000 0.038200
vt 0.138000 0.038200
vt 0.138000 0.042100
vt 0.479900 0.588700
vt 0.479900 0.596400
vt 0.478300 0.597900
vt 0.450400 0.597900
vt 0.448900 0.596400
vt 0.448900 0.588700
vt 0.348800 0.586700
vt 0.346600 0.582100
vt 0.349100 0.582100
vt 0.346700 0.591300
vt 0.346700 0.640500
vt 0.346700 0.586700
vt 0.348800 0.591300
vt 0.348800 0.640500
vt 0.208400 0.592700
vt 0.215300 0.592700
vt 0.215300 0.626900
vt 0.208400 0.626900
vt 0.220600 0.592700
vt 0.220600 0.626900
vt 0.226400 0.626100
vt 0.230400 0.632100
vt 0.226400 0.636300
vt 0.222500 0.630300
vt 0.203100 0.592700
vt 0.203100 0.626900
vt 0.196200 0.592700
vt 0.196200 0.626900
vt 0.063700 0.051700
vt 0.063700 0.043800
vt 0.216100 0.073400
vt 0.216100 0.003000
vt 0.216100 0.003000
vt 0.216100 0.073400
vt 0.205700 0.770900
vt 0.200600 0.770900
vt 0.200600 0.759400
vt 0.205600 0.759400
vt 0.210600 0.770900
vt 0.210600 0.759400
vt 0.215600 0.770900
vt 0.215600 0.759400
vt 0.220600 0.770900
vt 0.220600 0.759400
vt 0.225600 0.770900
vt 0.225600 0.759400
vt 0.230700 0.770900
vt 0.230700 0.759400
vt 0.235700 0.770900
vt 0.235700 0.759400
vt 0.230700 0.710000
vt 0.235700 0.710000
vt 0.235700 0.721400
vt 0.230700 0.721400
vt 0.225700 0.721400
vt 0.220700 0.721400
vt 0.215600 0.721400
vt 0.210600 0.721400
vt 0.205600 0.721400
vt 0.200500 0.721400
vt 0.195500 0.721400
vt 0.195600 0.759400
vt 0.195600 0.770900
vt 0.225700 0.710000
vt 0.220700 0.710000
vt 0.215700 0.710000
vt 0.210600 0.710000
vt 0.205500 0.710000
vt 0.200500 0.710000
vt 0.195500 0.710000
vt 0.175400 0.700700
vt 0.178600 0.700700
vt 0.178600 0.742600
vt 0.175400 0.742600
vt 0.159500 0.700800
vt 0.162700 0.700800
vt 0.162700 0.742600
vt 0.159500 0.742600
vt 0.172200 0.700700
vt 0.172200 0.742600
vt 0.156300 0.700800
vt 0.156300 0.742600
vt 0.165800 0.700800
vt 0.165800 0.742600
vt 0.169000 0.700700
vt 0.169000 0.742600
vt 0.153100 0.700800
vt 0.153100 0.742600
vt 0.546600 0.259500
vt 0.567400 0.259500
vt 0.562700 0.260200
vt 0.546100 0.259900
vt 0.527800 0.259500
vt 0.044600 0.731300
vt 0.054700 0.731300
vt 0.054700 0.727100
vt 0.044600 0.727100
vt 0.010800 0.731300
vt 0.970900 0.281000
vt 0.998700 0.281000
vt 0.998700 0.287600
vt 0.970900 0.287600
vt 0.996900 0.249000
vt 0.996900 0.259200
vt 0.993500 0.259300
vt 0.977200 0.249900
vt 0.977100 0.240400
vt 0.992000 0.240400
vt 0.974200 0.254100
vt 0.976000 0.254100
vt 0.975600 0.259300
vt 0.977200 0.258400
vt 0.984600 0.262600
vt 0.984600 0.264400
vt 0.992000 0.258400
vt 0.991900 0.249900
vt 0.993500 0.249000
vt 0.984500 0.245600
vt 0.989900 0.189700
vt 0.989900 0.182000
vt 0.998000 0.181900
vt 0.998000 0.189700
vt 0.129200 0.016500
vt 0.981900 0.189800
vt 0.989900 0.189700
vt 0.989900 0.197500
vt 0.989900 0.197500
vt 0.123100 0.014000
vt 0.123100 0.002300
vt 0.984800 0.681500
vt 0.984800 0.679700
vt 0.919700 0.679700
vt 0.919500 0.681700
vt 0.984800 0.678000
vt 0.919700 0.678000
vt 0.984800 0.676400
vt 0.919700 0.676400
vt 0.984800 0.674700
vt 0.919700 0.674700
vt 0.883600 0.678000
vt 0.883500 0.676700
vt 0.873700 0.676700
vt 0.874000 0.678100
vt 0.875500 0.688400
vt 0.851400 0.688400
vt 0.878700 0.688400
vt 0.910300 0.730700
vt 0.907000 0.730700
vt 0.907000 0.737200
vt 0.910300 0.737200
vt 0.894200 0.737200
vt 0.895100 0.740100
vt 0.906200 0.740100
vt 0.894200 0.730700
vt 0.891000 0.730700
vt 0.891000 0.737200
vt 0.906200 0.727800
vt 0.895100 0.727800
vt 0.910300 0.712300
vt 0.907000 0.712300
vt 0.907000 0.718800
vt 0.910300 0.718800
vt 0.894200 0.718800
vt 0.895100 0.721800
vt 0.906200 0.721800
vt 0.894200 0.712300
vt 0.891000 0.712300
vt 0.891000 0.718800
vt 0.906200 0.709400
vt 0.895100 0.709400
vt 0.870700 0.678100
vt 0.870700 0.676700
vt 0.861200 0.676700
vt 0.861200 0.678100
vt 0.870500 0.675200
vt 0.861200 0.675200
vt 0.861200 0.679600
vt 0.871000 0.679300
vt 0.861200 0.681100
vt 0.009400 0.442300
vt 0.013400 0.442300
vt 0.013400 0.342000
vt 0.009400 0.341900
vt 0.013400 0.240100
vt 0.013400 0.179700
vt 0.009400 0.180100
vt 0.009400 0.239900
vt 0.005300 0.341900
vt 0.001200 0.342000
vt 0.001200 0.442300
vt 0.005300 0.442200
vt 0.001200 0.070200
vt 0.001200 0.180100
vt 0.005300 0.180600
vt 0.005300 0.070100
vt 0.009400 0.070200
vt 0.013400 0.070300
vt 0.005300 0.239600
vt 0.001200 0.239800
vt 0.024700 0.357500
vt 0.187500 0.789200
vt 0.189100 0.785100
vt 0.445800 0.562300
vt 0.445800 0.570800
vt 0.480000 0.570800
vt 0.480000 0.562300
vt 0.480500 0.597900
vt 0.478300 0.597900
vt 0.450400 0.597900
vt 0.450400 0.615600
vt 0.488200 0.597900
vt 0.448300 0.597900
vt 0.440600 0.597900
vt 0.447900 0.615600
vt 0.447900 0.615600
vt 0.448900 0.588700
vt 0.448900 0.596400
vt 0.479900 0.596400
vt 0.478600 0.579200
vt 0.481000 0.579200
vt 0.447200 0.579200
vt 0.489100 0.579200
vt 0.107800 0.093400
vt 0.107700 0.081700
vt 0.103800 0.081700
vt 0.115600 0.093400
vt 0.107800 0.093400
vt 0.115600 0.093400
vt 0.111700 0.093400
vt 0.111700 0.093400
vt 0.111600 0.081700
vt 0.115600 0.093400
vt 0.115500 0.081700
vt 0.107800 0.093400
vt 0.107700 0.081700
vt 0.103800 0.081700
vt 0.115600 0.093400
vt 0.107800 0.093400
vt 0.115600 0.093400
vt 0.111700 0.093400
vt 0.111700 0.093400
vt 0.111600 0.081700
vt 0.115600 0.093400
vt 0.115500 0.081700
vt 0.115600 0.093400
vt 0.107800 0.093400
vt 0.115600 0.093400
vt 0.111700 0.093400
vt 0.107800 0.093400
vt 0.107700 0.081700
vt 0.103800 0.081700
vt 0.103900 0.093400
vt 0.430100 0.295900
vt 0.436400 0.301800
vt 0.437100 0.304900
vt 0.437100 0.333000
vt 0.430100 0.330300
vt 0.568300 0.339800
vt 0.564000 0.333300
vt 0.561100 0.333000
vt 0.546100 0.337000
vt 0.546100 0.333000
vt 0.527600 0.334800
vt 0.527800 0.333000
vt 0.510600 0.333000
vt 0.510400 0.334800
vt 0.495400 0.334900
vt 0.495500 0.333000
vt 0.478600 0.333000
vt 0.478700 0.334800
vt 0.462700 0.334700
vt 0.462700 0.333000
vt 0.449000 0.333000
vt 0.449500 0.337000
vt 0.437100 0.333000
vt 0.430800 0.340200
vt 0.050600 0.473000
vt 0.053000 0.482100
vt 0.083700 0.482000
vt 0.086300 0.485000
vt 0.089000 0.482500
vt 0.086000 0.479300
vt 0.092200 0.473300
vt 0.086100 0.473100
vt 0.050400 0.485100
vt 0.048000 0.482300
vt 0.050700 0.479000
vt 0.045100 0.473000
vt 0.045900 0.483200
vt 0.043000 0.473000
vt 0.048600 0.467400
vt 0.088500 0.468000
vt 0.088500 0.465900
vt 0.048600 0.465500
vt 0.686900 0.734800
vt 0.590600 0.708900
vt 0.542800 0.727500
vt 0.445800 0.562300
vt 0.445800 0.570800
vt 0.480000 0.570800
vt 0.480000 0.562300
vt 0.480500 0.597900
vt 0.478300 0.597900
vt 0.450400 0.597900
vt 0.450400 0.615600
vt 0.488200 0.597900
vt 0.448300 0.597900
vt 0.440600 0.597900
vt 0.447900 0.615600
vt 0.447900 0.615600
vt 0.448900 0.588700
vt 0.448900 0.596400
vt 0.479900 0.596400
vt 0.478600 0.579200
vt 0.481000 0.579200
vt 0.447200 0.579200
vt 0.489100 0.579200
vt 0.546100 0.294200
vt 0.567400 0.294200
vt 0.562700 0.287000
vt 0.546100 0.287000
vt 0.527800 0.294200
vt 0.527800 0.287000
vt 0.510600 0.287000
vt 0.510500 0.294200
vt 0.495600 0.294200
vt 0.495600 0.287000
vt 0.478800 0.287000
vt 0.479200 0.294200
vt 0.462700 0.294200
vt 0.462700 0.287000
vt 0.449400 0.287000
vt 0.449600 0.294200
vt 0.436700 0.287000
vt 0.431500 0.294200
vt 0.001500 0.847200
vt 0.001500 0.832200
vt 0.022200 0.832200
vt 0.022200 0.847200
vt 0.001500 0.862300
vt 0.022200 0.862300
vt 0.001500 0.877300
vt 0.022200 0.877300
vt 0.001500 0.892400
vt 0.022200 0.892400
vt 0.001500 0.907400
vt 0.022200 0.907400
vt 0.001500 0.912100
vt 0.022200 0.912100
vt 0.001500 0.927100
vt 0.022200 0.927100
vt 0.042900 0.912100
vt 0.042900 0.927100
vt 0.042900 0.832200
vt 0.042900 0.847200
vt 0.042900 0.862300
vt 0.042900 0.877300
vt 0.042900 0.892400
vt 0.042900 0.907400
vt 0.063700 0.907400
vt 0.449100 0.259500
vt 0.431500 0.259500
vt 0.436700 0.260200
vt 0.449400 0.259900
vt 0.462700 0.259500
vt 0.436700 0.907400
vt 0.436700 0.912100
vt 0.416000 0.912100
vt 0.457500 0.907400
vt 0.457500 0.912100
vt 0.478200 0.907400
vt 0.478200 0.892400
vt 0.498900 0.892400
vt 0.498900 0.877300
vt 0.478200 0.877300
vt 0.498900 0.862300
vt 0.478200 0.862300
vt 0.498900 0.847200
vt 0.478200 0.847200
vt 0.498900 0.832200
vt 0.478200 0.832200
vt 0.457500 0.847200
vt 0.457500 0.832200
vt 0.436700 0.847200
vt 0.436700 0.832200
vt 0.457500 0.877300
vt 0.457500 0.892400
vt 0.436700 0.892400
vt 0.436700 0.877300
vt 0.457500 0.862300
vt 0.436700 0.862300
vt 0.416000 0.877300
vt 0.416000 0.862300
vt 0.416000 0.847200
vt 0.395300 0.862300
vt 0.416000 0.907400
vt 0.416000 0.892400
vt 0.395300 0.907400
vt 0.395300 0.892400
vt 0.374600 0.907400
vt 0.374600 0.892400
vt 0.353800 0.907400
vt 0.353800 0.892400
vt 0.333100 0.907400
vt 0.333100 0.892400
vt 0.312400 0.907400
vt 0.312400 0.892400
vt 0.291700 0.907400
vt 0.291700 0.892400
vt 0.270900 0.907400
vt 0.270900 0.892400
vt 0.250200 0.907400
vt 0.250200 0.892400
vt 0.229500 0.907400
vt 0.229500 0.892400
vt 0.208800 0.907400
vt 0.208800 0.892400
vt 0.250200 0.912100
vt 0.229500 0.912100
vt 0.270900 0.912100
vt 0.291700 0.912100
vt 0.312400 0.912100
vt 0.333100 0.912100
vt 0.353800 0.912100
vt 0.374600 0.912100
vt 0.395300 0.912100
vt 0.395300 0.927100
vt 0.416000 0.927100
vt 0.478200 0.993700
vt 0.478200 0.984000
vt 0.457500 0.984000
vt 0.457500 0.993700
vt 0.478200 0.958800
vt 0.457500 0.958800
vt 0.478200 0.955000
vt 0.457500 0.955000
vt 0.478200 0.950100
vt 0.457500 0.950100
vt 0.478200 0.927100
vt 0.457500 0.927100
vt 0.436700 0.950100
vt 0.436700 0.927100
vt 0.416000 0.950100
vt 0.395300 0.950100
vt 0.478200 0.912100
vt 0.498900 0.912100
vt 0.498900 0.927100
vt 0.498900 0.950100
vt 0.498900 0.955000
vt 0.498900 0.958800
vt 0.498900 0.993700
vt 0.498900 0.984000
vt 0.498900 0.907400
vt 0.188000 0.993700
vt 0.188000 0.984000
vt 0.167300 0.984000
vt 0.167300 0.993700
vt 0.146600 0.984000
vt 0.146600 0.993700
vt 0.125900 0.984000
vt 0.125900 0.993700
vt 0.105100 0.984000
vt 0.105100 0.993700
vt 0.084400 0.984000
vt 0.084400 0.993700
vt 0.063700 0.984000
vt 0.063700 0.993700
vt 0.042900 0.984000
vt 0.042900 0.993700
vt 0.022200 0.984000
vt 0.022200 0.993700
vt 0.001500 0.984000
vt 0.001500 0.993700
vt 0.188000 0.958800
vt 0.167300 0.958800
vt 0.146600 0.958800
vt 0.125900 0.958800
vt 0.105100 0.958800
vt 0.084400 0.958800
vt 0.063700 0.958800
vt 0.042900 0.958800
vt 0.022200 0.958800
vt 0.001500 0.958800
vt 0.125900 0.955000
vt 0.105100 0.955000
vt 0.084400 0.955000
vt 0.063700 0.955000
vt 0.042900 0.955000
vt 0.022200 0.955000
vt 0.001500 0.955000
vt 0.001500 0.950100
vt 0.022200 0.950100
vt 0.042900 0.950100
vt 0.063700 0.950100
vt 0.084400 0.950100
vt 0.105100 0.950100
vt 0.125900 0.950100
vt 0.167300 0.927100
vt 0.146600 0.927100
vt 0.125900 0.927100
vt 0.105100 0.927100
vt 0.084400 0.927100
vt 0.063700 0.927100
vt 0.063700 0.912100
vt 0.084400 0.912100
vt 0.105100 0.912100
vt 0.125900 0.912100
vt 0.146600 0.912100
vt 0.167300 0.912100
vt 0.188000 0.912100
vt 0.208800 0.912100
vt 0.084400 0.907400
vt 0.105100 0.907400
vt 0.125900 0.907400
vt 0.146600 0.907400
vt 0.167300 0.907400
vt 0.188000 0.907400
vt 0.188000 0.892400
vt 0.167300 0.892400
vt 0.146600 0.892400
vt 0.125900 0.892400
vt 0.105100 0.892400
vt 0.084400 0.892400
vt 0.063700 0.892400
vt 0.063700 0.877300
vt 0.084400 0.877300
vt 0.105100 0.877300
vt 0.125900 0.877300
vt 0.146600 0.877300
vt 0.167300 0.877300
vt 0.188000 0.877300
vt 0.208800 0.877300
vt 0.229500 0.877300
vt 0.250200 0.877300
vt 0.229500 0.862300
vt 0.208800 0.862300
vt 0.188000 0.862300
vt 0.167300 0.862300
vt 0.146600 0.862300
vt 0.125900 0.862300
vt 0.105100 0.862300
vt 0.084400 0.862300
vt 0.063700 0.862300
vt 0.063700 0.832200
vt 0.063700 0.847200
vt 0.084400 0.847200
vt 0.105100 0.847200
vt 0.125900 0.847200
vt 0.146600 0.847200
vt 0.167300 0.847200
vt 0.188000 0.847200
vt 0.208800 0.847200
vt 0.229500 0.847200
vt 0.250200 0.832200
vt 0.250200 0.847200
vt 0.229500 0.832200
vt 0.208800 0.832200
vt 0.188000 0.832200
vt 0.167300 0.832200
vt 0.146600 0.832200
vt 0.125900 0.832200
vt 0.105100 0.832200
vt 0.084400 0.832200
vt 0.416000 0.832200
vt 0.395300 0.847200
vt 0.395300 0.832200
vt 0.374600 0.847200
vt 0.374600 0.832200
vt 0.353800 0.847200
vt 0.353800 0.832200
vt 0.333100 0.847200
vt 0.333100 0.832200
vt 0.312400 0.847200
vt 0.312400 0.832200
vt 0.291700 0.847200
vt 0.291700 0.832200
vt 0.270900 0.847200
vt 0.270900 0.832200
vt 0.250200 0.862300
vt 0.270900 0.862300
vt 0.291700 0.862300
vt 0.312400 0.862300
vt 0.333100 0.862300
vt 0.353800 0.862300
vt 0.374600 0.862300
vt 0.395300 0.877300
vt 0.374600 0.877300
vt 0.353800 0.877300
vt 0.333100 0.877300
vt 0.312400 0.877300
vt 0.291700 0.877300
vt 0.270900 0.877300
vt 0.395300 0.993700
vt 0.395300 0.984000
vt 0.374600 0.984000
vt 0.374600 0.993700
vt 0.353800 0.984000
vt 0.353800 0.993700
vt 0.333100 0.984000
vt 0.333100 0.993700
vt 0.312400 0.984000
vt 0.312400 0.993700
vt 0.291700 0.984000
vt 0.291700 0.993700
vt 0.270900 0.984000
vt 0.270900 0.993700
vt 0.250200 0.984000
vt 0.250200 0.993700
vt 0.229500 0.984000
vt 0.229500 0.993700
vt 0.208800 0.984000
vt 0.208800 0.993700
vt 0.374600 0.958800
vt 0.353800 0.958800
vt 0.333100 0.958800
vt 0.312400 0.958800
vt 0.291700 0.958800
vt 0.270900 0.958800
vt 0.250200 0.958800
vt 0.229500 0.958800
vt 0.208800 0.958800
vt 0.374600 0.955000
vt 0.353800 0.955000
vt 0.416000 0.993700
vt 0.416000 0.984000
vt 0.416000 0.958800
vt 0.395300 0.958800
vt 0.436700 0.993700
vt 0.436700 0.984000
vt 0.436700 0.958800
vt 0.436700 0.955000
vt 0.416000 0.955000
vt 0.395300 0.955000
vt 0.722900 0.709000
vt 0.704300 0.721300
vt 0.478200 0.984000
vt 0.498900 0.984000
vt 0.498900 0.993700
vt 0.457500 0.984000
vt 0.478200 0.993700
vt 0.498900 0.958800
vt 0.436700 0.984000
vt 0.457500 0.993700
vt 0.478200 0.958800
vt 0.498900 0.955000
vt 0.416000 0.984000
vt 0.436700 0.993700
vt 0.457500 0.958800
vt 0.478200 0.955000
vt 0.498900 0.950100
vt 0.395300 0.984000
vt 0.416000 0.993700
vt 0.436700 0.958800
vt 0.457500 0.955000
vt 0.478200 0.950100
vt 0.498900 0.927100
vt 0.374600 0.984000
vt 0.395300 0.993700
vt 0.416000 0.958800
vt 0.436700 0.955000
vt 0.457500 0.950100
vt 0.478200 0.927100
vt 0.498900 0.912100
vt 0.353800 0.984000
vt 0.374600 0.993700
vt 0.395300 0.958800
vt 0.416000 0.955000
vt 0.436700 0.950100
vt 0.457500 0.927100
vt 0.478200 0.912100
vt 0.498900 0.907400
vt 0.395300 0.955000
vt 0.416000 0.950100
vt 0.436700 0.927100
vt 0.457500 0.912100
vt 0.478200 0.907400
vt 0.498900 0.892400
vt 0.498900 0.847200
vt 0.478200 0.862300
vt 0.498900 0.862300
vt 0.478200 0.877300
vt 0.498900 0.877300
vt 0.478200 0.892400
vt 0.457500 0.907400
vt 0.353800 0.862300
vt 0.374600 0.862300
vt 0.395300 0.862300
vt 0.416000 0.862300
vt 0.436700 0.862300
vt 0.457500 0.862300
vt 0.416000 0.877300
vt 0.395300 0.877300
vt 0.374600 0.877300
vt 0.353800 0.877300
vt 0.333100 0.877300
vt 0.333100 0.862300
vt 0.312400 0.877300
vt 0.312400 0.862300
vt 0.291700 0.877300
vt 0.291700 0.862300
vt 0.270900 0.877300
vt 0.270900 0.862300
vt 0.374600 0.912100
vt 0.395300 0.907400
vt 0.416000 0.892400
vt 0.395300 0.892400
vt 0.374600 0.892400
vt 0.353800 0.892400
vt 0.333100 0.892400
vt 0.312400 0.892400
vt 0.291700 0.892400
vt 0.208800 0.907400
vt 0.229500 0.907400
vt 0.229500 0.892400
vt 0.250200 0.892400
vt 0.250200 0.907400
vt 0.270900 0.892400
vt 0.270900 0.907400
vt 0.291700 0.907400
vt 0.312400 0.907400
vt 0.333100 0.907400
vt 0.353800 0.907400
vt 0.374600 0.907400
vt 0.188000 0.912100
vt 0.208800 0.912100
vt 0.229500 0.912100
vt 0.250200 0.912100
vt 0.270900 0.912100
vt 0.291700 0.912100
vt 0.312400 0.912100
vt 0.333100 0.912100
vt 0.353800 0.912100
vt 0.167300 0.927100
vt 0.188000 0.927100
vt 0.208800 0.927100
vt 0.229500 0.927100
vt 0.250200 0.927100
vt 0.270900 0.927100
vt 0.291700 0.927100
vt 0.312400 0.927100
vt 0.333100 0.927100
vt 0.353800 0.927100
vt 0.229500 0.950100
vt 0.250200 0.950100
vt 0.270900 0.950100
vt 0.291700 0.950100
vt 0.312400 0.950100
vt 0.333100 0.950100
vt 0.208800 0.955000
vt 0.229500 0.955000
vt 0.250200 0.955000
vt 0.270900 0.955000
vt 0.084400 0.958800
vt 0.105100 0.958800
vt 0.125900 0.958800
vt 0.146600 0.958800
vt 0.167300 0.958800
vt 0.188000 0.958800
vt 0.208800 0.958800
vt 0.229500 0.958800
vt 0.167300 0.993700
vt 0.146600 0.993700
vt 0.125900 0.993700
vt 0.105100 0.993700
vt 0.084400 0.993700
vt 0.063700 0.993700
vt 0.063700 0.958800
vt 0.167300 0.984000
vt 0.146600 0.984000
vt 0.125900 0.984000
vt 0.105100 0.984000
vt 0.084400 0.984000
vt 0.063700 0.984000
vt 0.042900 0.984000
vt 0.042900 0.993700
vt 0.022200 0.984000
vt 0.022200 0.993700
vt 0.001500 0.984000
vt 0.001500 0.993700
vt 0.022200 0.958800
vt 0.001500 0.958800
vt 0.022200 0.955000
vt 0.001500 0.955000
vt 0.022200 0.950100
vt 0.001500 0.950100
vt 0.022200 0.927100
vt 0.001500 0.927100
vt 0.022200 0.912100
vt 0.001500 0.912100
vt 0.022200 0.907400
vt 0.001500 0.907400
vt 0.022200 0.892400
vt 0.001500 0.892400
vt 0.022200 0.877300
vt 0.001500 0.877300
vt 0.022200 0.862300
vt 0.001500 0.862300
vt 0.042900 0.958800
vt 0.042900 0.955000
vt 0.042900 0.950100
vt 0.042900 0.927100
vt 0.042900 0.912100
vt 0.042900 0.907400
vt 0.042900 0.892400
vt 0.042900 0.877300
vt 0.042900 0.862300
vt 0.063700 0.862300
vt 0.063700 0.877300
vt 0.063700 0.892400
vt 0.063700 0.907400
vt 0.084400 0.862300
vt 0.084400 0.877300
vt 0.084400 0.892400
vt 0.022200 0.832200
vt 0.001500 0.832200
vt 0.001500 0.847200
vt 0.022200 0.847200
vt 0.042900 0.832200
vt 0.042900 0.847200
vt 0.063700 0.832200
vt 0.063700 0.847200
vt 0.084400 0.832200
vt 0.084400 0.847200
vt 0.105100 0.832200
vt 0.105100 0.847200
vt 0.125900 0.832200
vt 0.105100 0.862300
vt 0.125900 0.847200
vt 0.125900 0.862300
vt 0.146600 0.847200
vt 0.146600 0.862300
vt 0.167300 0.847200
vt 0.167300 0.862300
vt 0.188000 0.847200
vt 0.146600 0.832200
vt 0.167300 0.832200
vt 0.188000 0.832200
vt 0.208800 0.832200
vt 0.208800 0.847200
vt 0.229500 0.832200
vt 0.229500 0.847200
vt 0.250200 0.832200
vt 0.250200 0.847200
vt 0.270900 0.832200
vt 0.270900 0.847200
vt 0.291700 0.832200
vt 0.188000 0.862300
vt 0.208800 0.862300
vt 0.229500 0.862300
vt 0.250200 0.862300
vt 0.250200 0.877300
vt 0.229500 0.877300
vt 0.208800 0.877300
vt 0.188000 0.877300
vt 0.167300 0.877300
vt 0.146600 0.877300
vt 0.125900 0.877300
vt 0.105100 0.877300
vt 0.208800 0.892400
vt 0.188000 0.892400
vt 0.167300 0.892400
vt 0.146600 0.892400
vt 0.125900 0.892400
vt 0.105100 0.892400
vt 0.105100 0.907400
vt 0.125900 0.907400
vt 0.146600 0.907400
vt 0.167300 0.907400
vt 0.188000 0.907400
vt 0.105100 0.912100
vt 0.125900 0.912100
vt 0.146600 0.912100
vt 0.167300 0.912100
vt 0.105100 0.927100
vt 0.125900 0.927100
vt 0.146600 0.927100
vt 0.125900 0.847200
vt 0.146600 0.847200
vt 0.146600 0.832200
vt 0.167300 0.832200
vt 0.167300 0.847200
vt 0.188000 0.832200
vt 0.188000 0.847200
vt 0.208800 0.832200
vt 0.208800 0.847200
vt 0.229500 0.832200
vt 0.229500 0.847200
vt 0.250200 0.832200
vt 0.250200 0.847200
vt 0.270900 0.832200
vt 0.270900 0.847200
vt 0.291700 0.832200
vt 0.291700 0.847200
vt 0.312400 0.832200
vt 0.312400 0.847200
vt 0.333100 0.832200
vt 0.188000 0.862300
vt 0.208800 0.862300
vt 0.229500 0.862300
vt 0.250200 0.862300
vt 0.270900 0.862300
vt 0.291700 0.862300
vt 0.312400 0.862300
vt 0.333100 0.847200
vt 0.333100 0.862300
vt 0.353800 0.847200
vt 0.353800 0.862300
vt 0.374600 0.847200
vt 0.374600 0.862300
vt 0.395300 0.847200
vt 0.353800 0.832200
vt 0.374600 0.832200
vt 0.395300 0.832200
vt 0.416000 0.832200
vt 0.416000 0.847200
vt 0.436700 0.832200
vt 0.436700 0.847200
vt 0.457500 0.832200
vt 0.457500 0.847200
vt 0.478200 0.832200
vt 0.478200 0.847200
vt 0.498900 0.832200
vt 0.498900 0.847200
vt 0.478200 0.862300
vt 0.146600 0.955000
vt 0.125900 0.955000
vt 0.125900 0.958800
vt 0.146600 0.958800
vt 0.167300 0.955000
vt 0.167300 0.958800
vt 0.188000 0.955000
vt 0.188000 0.958800
vt 0.208800 0.955000
vt 0.208800 0.958800
vt 0.229500 0.955000
vt 0.229500 0.958800
vt 0.250200 0.955000
vt 0.250200 0.958800
vt 0.270900 0.955000
vt 0.270900 0.958800
vt 0.291700 0.955000
vt 0.291700 0.958800
vt 0.312400 0.955000
vt 0.312400 0.958800
vt 0.353800 0.955000
vt 0.374600 0.955000
vt 0.374600 0.950100
vt 0.353800 0.950100
vt 0.333100 0.955000
vt 0.333100 0.950100
vt 0.312400 0.950100
vt 0.291700 0.950100
vt 0.270900 0.950100
vt 0.250200 0.950100
vt 0.229500 0.950100
vt 0.208800 0.950100
vt 0.188000 0.950100
vt 0.229500 0.927100
vt 0.208800 0.927100
vt 0.250200 0.927100
vt 0.270900 0.927100
vt 0.291700 0.927100
vt 0.312400 0.927100
vt 0.333100 0.927100
vt 0.353800 0.927100
vt 0.374600 0.927100
vt 0.395300 0.927100
vt 0.395300 0.950100
vt 0.146600 0.912100
vt 0.125900 0.912100
vt 0.125900 0.927100
vt 0.146600 0.927100
vt 0.167300 0.912100
vt 0.167300 0.927100
vt 0.188000 0.912100
vt 0.188000 0.927100
vt 0.208800 0.912100
vt 0.229500 0.912100
vt 0.250200 0.912100
vt 0.270900 0.912100
vt 0.291700 0.912100
vt 0.312400 0.912100
vt 0.333100 0.912100
vt 0.353800 0.912100
vt 0.353800 0.907400
vt 0.333100 0.907400
vt 0.312400 0.907400
vt 0.291700 0.907400
vt 0.270900 0.907400
vt 0.250200 0.907400
vt 0.229500 0.907400
vt 0.208800 0.907400
vt 0.188000 0.907400
vt 0.167300 0.907400
vt 0.395300 0.907400
vt 0.416000 0.907400
vt 0.416000 0.892400
vt 0.395300 0.892400
vt 0.374600 0.907400
vt 0.374600 0.892400
vt 0.353800 0.892400
vt 0.333100 0.892400
vt 0.312400 0.892400
vt 0.291700 0.892400
vt 0.270900 0.892400
vt 0.250200 0.892400
vt 0.229500 0.892400
vt 0.632900 0.962900
vt 0.615500 0.973000
vt 0.634800 0.992200
vt 0.644900 0.974800
vt 0.661100 0.999200
vt 0.661100 0.979100
vt 0.687500 0.992200
vt 0.677400 0.974800
vt 0.706800 0.972900
vt 0.689300 0.962900
vt 0.713800 0.946600
vt 0.693600 0.946700
vt 0.706700 0.920400
vt 0.689300 0.930400
vt 0.687400 0.901200
vt 0.677300 0.918600
vt 0.661100 0.894100
vt 0.661100 0.914200
vt 0.634700 0.901200
vt 0.644800 0.918600
vt 0.615400 0.920500
vt 0.632900 0.930500
vt 0.608400 0.946700
vt 0.628600 0.946700
vt 0.022200 0.832200
vt 0.001500 0.832200
vt 0.001500 0.847200
vt 0.022200 0.847200
vt 0.001500 0.862300
vt 0.022200 0.862300
vt 0.001500 0.877300
vt 0.022200 0.877300
vt 0.001500 0.892400
vt 0.022200 0.892400
vt 0.001500 0.907400
vt 0.022200 0.907400
vt 0.001500 0.912100
vt 0.022200 0.912100
vt 0.001500 0.927100
vt 0.022200 0.927100
vt 0.001500 0.950100
vt 0.022200 0.950100
vt 0.042900 0.832200
vt 0.042900 0.847200
vt 0.042900 0.862300
vt 0.063700 0.832200
vt 0.063700 0.847200
vt 0.084400 0.832200
vt 0.084400 0.847200
vt 0.105100 0.832200
vt 0.105100 0.847200
vt 0.125900 0.832200
vt 0.063700 0.862300
vt 0.084400 0.862300
vt 0.105100 0.862300
vt 0.125900 0.862300
vt 0.146600 0.862300
vt 0.167300 0.862300
vt 0.229500 0.877300
vt 0.250200 0.877300
vt 0.208800 0.877300
vt 0.188000 0.877300
vt 0.167300 0.877300
vt 0.146600 0.877300
vt 0.125900 0.877300
vt 0.105100 0.877300
vt 0.084400 0.877300
vt 0.063700 0.877300
vt 0.270900 0.877300
vt 0.208800 0.892400
vt 0.188000 0.892400
vt 0.167300 0.892400
vt 0.146600 0.892400
vt 0.125900 0.892400
vt 0.105100 0.892400
vt 0.084400 0.892400
vt 0.146600 0.907400
vt 0.125900 0.907400
vt 0.105100 0.907400
vt 0.084400 0.907400
vt 0.063700 0.907400
vt 0.063700 0.892400
vt 0.105100 0.912100
vt 0.084400 0.912100
vt 0.063700 0.912100
vt 0.042900 0.912100
vt 0.042900 0.907400
vt 0.042900 0.892400
vt 0.042900 0.877300
vt 0.042900 0.927100
vt 0.063700 0.927100
vt 0.084400 0.927100
vt 0.105100 0.927100
vt 0.042900 0.950100
vt 0.063700 0.950100
vt 0.084400 0.950100
vt 0.105100 0.950100
vt 0.125900 0.950100
vt 0.146600 0.950100
vt 0.167300 0.950100
vt 0.105100 0.955000
vt 0.084400 0.955000
vt 0.063700 0.955000
vt 0.042900 0.955000
vt 0.022200 0.955000
vt 0.001500 0.955000
vt 0.001500 0.958800
vt 0.022200 0.958800
vt 0.042900 0.958800
vt 0.063700 0.958800
vt 0.084400 0.958800
vt 0.105100 0.958800
vt 0.022200 0.993700
vt 0.001500 0.993700
vt 0.001500 0.984000
vt 0.022200 0.984000
vt 0.042900 0.993700
vt 0.042900 0.984000
vt 0.167300 0.993700
vt 0.188000 0.993700
vt 0.146600 0.993700
vt 0.125900 0.993700
vt 0.105100 0.993700
vt 0.084400 0.993700
vt 0.063700 0.993700
vt 0.063700 0.984000
vt 0.084400 0.984000
vt 0.105100 0.984000
vt 0.125900 0.984000
vt 0.146600 0.984000
vt 0.167300 0.984000
vt 0.188000 0.984000
vt 0.208800 0.993700
vt 0.208800 0.984000
vt 0.229500 0.993700
vt 0.229500 0.984000
vt 0.250200 0.993700
vt 0.250200 0.984000
vt 0.270900 0.993700
vt 0.270900 0.984000
vt 0.291700 0.993700
vt 0.291700 0.984000
vt 0.312400 0.993700
vt 0.312400 0.984000
vt 0.333100 0.993700
vt 0.333100 0.984000
vt 0.353800 0.993700
vt 0.353800 0.984000
vt 0.374600 0.993700
vt 0.374600 0.984000
vt 0.395300 0.993700
vt 0.395300 0.984000
vt 0.416000 0.993700
vt 0.416000 0.984000
vt 0.374600 0.958800
vt 0.353800 0.958800
vt 0.333100 0.958800
vt 0.436700 0.984000
vt 0.436700 0.993700
vt 0.436700 0.958800
vt 0.416000 0.958800
vt 0.395300 0.958800
vt 0.395300 0.955000
vt 0.416000 0.955000
vt 0.436700 0.955000
vt 0.457500 0.955000
vt 0.457500 0.958800
vt 0.457500 0.993700
vt 0.457500 0.984000
vt 0.478200 0.984000
vt 0.478200 0.993700
vt 0.478200 0.958800
vt 0.478200 0.955000
vt 0.478200 0.950100
vt 0.457500 0.950100
vt 0.436700 0.950100
vt 0.416000 0.950100
vt 0.416000 0.927100
vt 0.436700 0.927100
vt 0.457500 0.927100
vt 0.478200 0.927100
vt 0.498900 0.927100
vt 0.498900 0.950100
vt 0.498900 0.955000
vt 0.498900 0.958800
vt 0.498900 0.993700
vt 0.498900 0.984000
vt 0.374600 0.912100
vt 0.395300 0.912100
vt 0.416000 0.912100
vt 0.436700 0.912100
vt 0.457500 0.912100
vt 0.478200 0.912100
vt 0.498900 0.912100
vt 0.498900 0.907400
vt 0.478200 0.907400
vt 0.498900 0.892400
vt 0.498900 0.862300
vt 0.478200 0.877300
vt 0.498900 0.877300
vt 0.478200 0.892400
vt 0.457500 0.907400
vt 0.436700 0.907400
vt 0.395300 0.862300
vt 0.416000 0.862300
vt 0.436700 0.862300
vt 0.457500 0.862300
vt 0.457500 0.877300
vt 0.457500 0.892400
vt 0.436700 0.892400
vt 0.436700 0.877300
vt 0.416000 0.877300
vt 0.395300 0.877300
vt 0.374600 0.877300
vt 0.353800 0.877300
vt 0.333100 0.877300
vt 0.312400 0.877300
vt 0.291700 0.877300
vt 0.942800 0.882400
vt 0.955700 0.885500
vt 0.955900 0.848100
vt 0.975500 0.851600
vt 0.973000 0.851600
vt 0.973000 0.881800
vt 0.975500 0.881800
vt 0.622100 0.869300
vt 0.630000 0.869400
vt 0.628800 0.808800
vt 0.622000 0.808800
vt 0.859100 0.851300
vt 0.856500 0.851300
vt 0.856500 0.882600
vt 0.859100 0.882600
vt 0.933100 0.882400
vt 0.935700 0.882400
vt 0.596000 0.782600
vt 0.595900 0.776300
vt 0.535300 0.776300
vt 0.535300 0.783000
vt 0.855300 0.893300
vt 0.870000 0.893300
vt 0.866300 0.882500
vt 0.844200 0.848200
vt 0.844200 0.885700
vt 0.598100 0.806200
vt 0.608700 0.821100
vt 0.612000 0.839000
vt 0.608400 0.857200
vt 0.595600 0.896000
vt 0.598300 0.872500
vt 0.583300 0.882500
vt 0.565200 0.885800
vt 0.534800 0.895900
vt 0.547200 0.882600
vt 0.532200 0.872100
vt 0.508500 0.869700
vt 0.521800 0.857000
vt 0.518300 0.839300
vt 0.508500 0.808900
vt 0.521900 0.821400
vt 0.532200 0.806000
vt 0.547400 0.795700
vt 0.565200 0.792400
vt 0.583000 0.795800
vt 0.866200 0.851300
vt 0.870000 0.840600
vt 0.855300 0.840600
vt 0.879100 0.885600
vt 0.879000 0.848100
vt 0.829700 0.897100
vt 0.822500 0.925200
vt 0.835400 0.941800
vt 0.849000 0.888800
vt 0.812200 0.933300
vt 0.783200 0.933500
vt 0.770500 0.950200
vt 0.825100 0.949800
vt 0.550400 0.987100
vt 0.568000 0.982500
vt 0.580800 0.969700
vt 0.585500 0.952200
vt 0.580800 0.934700
vt 0.568000 0.921900
vt 0.550400 0.917300
vt 0.532900 0.921900
vt 0.520100 0.934700
vt 0.515400 0.952200
vt 0.520100 0.969700
vt 0.532900 0.982500
vt 0.885500 0.913600
vt 0.912400 0.913700
vt 0.924300 0.898300
vt 0.873700 0.898200
vt 0.869000 0.947000
vt 0.875900 0.921000
vt 0.864100 0.905600
vt 0.851100 0.954500
vt 0.769900 0.865000
vt 0.777700 0.862900
vt 0.783500 0.857300
vt 0.785600 0.849500
vt 0.783600 0.841700
vt 0.777900 0.836000
vt 0.770100 0.833800
vt 0.762300 0.835900
vt 0.756500 0.841500
vt 0.754400 0.849300
vt 0.756400 0.857100
vt 0.762100 0.862800
vt 0.527000 0.992500
vt 0.550400 0.987100
vt 0.550300 0.998700
vt 0.568000 0.982500
vt 0.573700 0.992500
vt 0.580800 0.969700
vt 0.590800 0.975500
vt 0.585500 0.952200
vt 0.597100 0.952200
vt 0.580800 0.934700
vt 0.590900 0.928900
vt 0.568000 0.921900
vt 0.573800 0.911800
vt 0.550400 0.917300
vt 0.550500 0.905500
vt 0.532900 0.921900
vt 0.527100 0.911700
vt 0.520100 0.934700
vt 0.510000 0.928800
vt 0.515400 0.952200
vt 0.503700 0.952100
vt 0.520100 0.969700
vt 0.509900 0.975400
vt 0.532900 0.982500
vt 0.999500 0.973300
vt 0.975700 0.957600
vt 0.999500 0.957600
vt 0.975700 0.973300
vt 0.952000 0.973300
vt 0.952000 0.957600
vt 0.928300 0.973300
vt 0.928300 0.957600
vt 0.904600 0.973300
vt 0.904600 0.957600
vt 0.880900 0.973300
vt 0.880900 0.957600
vt 0.857300 0.973400
vt 0.857300 0.957600
vt 0.833600 0.973300
vt 0.833600 0.957600
vt 0.809900 0.973300
vt 0.809900 0.957600
vt 0.786200 0.973300
vt 0.786200 0.957600
vt 0.762500 0.973300
vt 0.762500 0.957600
vt 0.738800 0.973300
vt 0.738800 0.957600
vt 0.715000 0.957600
vt 0.715000 0.973300
vt 0.896100 0.337700
vt 0.926100 0.337700
vt 0.926100 0.418400
vt 0.896100 0.418400
vt 0.078000 0.258900
vt 0.078000 0.288800
vt 0.074500 0.288800
vt 0.074500 0.258900
vt 0.078000 0.369500
vt 0.074600 0.369500
vt 0.078000 0.399400
vt 0.074600 0.399400
vt 0.077900 0.178300
vt 0.074500 0.178300
vt 0.896100 0.418400
vt 0.926100 0.418400
vt 0.926100 0.337700
vt 0.896100 0.337700
vt 0.074500 0.258900
vt 0.074500 0.288800
vt 0.078000 0.288800
vt 0.078000 0.258900
vt 0.074600 0.369500
vt 0.078000 0.369500
vt 0.074600 0.399400
vt 0.078000 0.399400
vt 0.074500 0.178300
vt 0.077900 0.178300
vt 0.673500 0.213400
vt 0.673700 0.322300
vt 0.574000 0.321100
vt 0.575400 0.212100
vt 0.290600 0.309000
vt 0.365700 0.289800
vt 0.351200 0.334900
vt 0.339500 0.338100
vt 0.346200 0.337700
vt 0.399900 0.289900
vt 0.401200 0.276400
vt 0.401100 0.211200
vt 0.407300 0.214300
vt 0.407400 0.279300
vt 0.283400 0.311500
vt 0.285200 0.187300
vt 0.415400 0.279000
vt 0.275900 0.311600
vt 0.275800 0.187400
vt 0.816800 0.644600
vt 0.802600 0.644600
vt 0.802600 0.642300
vt 0.816800 0.642300
vt 0.847400 0.644600
vt 0.833200 0.644600
vt 0.833200 0.642300
vt 0.847400 0.642300
vt 0.861600 0.644600
vt 0.861600 0.642300
vt 0.878000 0.644600
vt 0.878000 0.642300
vt 0.788500 0.644600
vt 0.788500 0.642300
vt 0.896500 0.009300
vt 0.901100 0.009300
vt 0.901100 0.115300
vt 0.896500 0.115300
vt 0.867200 0.003400
vt 0.862600 0.003400
vt 0.891900 0.115300
vt 0.887800 0.115300
vt 0.980800 0.078300
vt 0.980800 0.071700
vt 0.991300 0.071700
vt 0.991300 0.078300
vt 0.980800 0.098100
vt 0.980800 0.091500
vt 0.991300 0.091500
vt 0.991300 0.098100
vt 0.980800 0.065100
vt 0.980800 0.058500
vt 0.991300 0.058500
vt 0.991300 0.065100
vt 0.980800 0.084900
vt 0.991300 0.084900
vt 0.980800 0.104700
vt 0.991300 0.104700
vt 0.980800 0.111300
vt 0.991300 0.111300
vt 0.476400 0.643500
vt 0.472900 0.643500
vt 0.472900 0.631900
vt 0.476400 0.631900
vt 0.459200 0.643500
vt 0.455700 0.643500
vt 0.455700 0.631900
vt 0.459200 0.631900
vt 0.479800 0.643500
vt 0.479800 0.631900
vt 0.469500 0.643500
vt 0.469500 0.631900
vt 0.462600 0.643500
vt 0.462600 0.631900
vt 0.466000 0.643500
vt 0.466000 0.631900
vt 0.483300 0.643500
vt 0.483300 0.631900
vt 0.550400 0.987100
vt 0.532900 0.982500
vt 0.520100 0.969700
vt 0.515400 0.952200
vt 0.520100 0.934700
vt 0.532900 0.921900
vt 0.550400 0.917300
vt 0.568000 0.921900
vt 0.580800 0.934700
vt 0.585500 0.952200
vt 0.580800 0.969700
vt 0.568000 0.982500
vt 0.182400 0.204500
vt 0.182400 0.190200
vt 0.201900 0.190700
vt 0.201900 0.204600
vt 0.182400 0.218800
vt 0.201900 0.218800
vt 0.182400 0.233000
vt 0.201900 0.233000
vt 0.182400 0.247300
vt 0.201900 0.247300
vt 0.182400 0.261500
vt 0.201900 0.261500
vt 0.182400 0.275800
vt 0.201900 0.275800
vt 0.182400 0.290100
vt 0.201900 0.289900
vt 0.182400 0.304300
vt 0.201900 0.303900
vt 0.162900 0.190700
vt 0.162900 0.204600
vt 0.162900 0.218800
vt 0.162900 0.233000
vt 0.162900 0.247300
vt 0.162900 0.261500
vt 0.162900 0.275800
vt 0.162900 0.289900
vt 0.162900 0.303900
vt 0.145500 0.223900
vt 0.145500 0.198400
vt 0.160100 0.198400
vt 0.160100 0.223900
vt 0.145500 0.240000
vt 0.145500 0.223900
vt 0.160100 0.223900
vt 0.160100 0.239900
vt 0.145500 0.258000
vt 0.160100 0.258000
vt 0.145500 0.280800
vt 0.160100 0.280800
vt 0.145500 0.198400
vt 0.160100 0.198400
vt 0.267900 0.175800
vt 0.267900 0.173000
vt 0.279100 0.173100
vt 0.279200 0.153500
vt 0.209800 0.333600
vt 0.154900 0.333300
vt 0.155100 0.134800
vt 0.155100 0.116600
vt 0.210100 0.116700
vt 0.210000 0.135000
vt 0.155000 0.145900
vt 0.145400 0.145900
vt 0.145500 0.134800
vt 0.210000 0.146100
vt 0.219600 0.146000
vt 0.219600 0.135000
vt 0.103400 0.296300
vt 0.103400 0.316200
vt 0.089100 0.316200
vt 0.089100 0.296300
vt 0.128600 0.240100
vt 0.128600 0.257900
vt 0.188100 0.351100
vt 0.176300 0.351000
vt 0.188100 0.351100
vt 0.188300 0.335000
vt 0.188300 0.335000
vt 0.176400 0.335000
vt 0.176400 0.335000
vt 0.176300 0.351000
vt 0.209700 0.352800
vt 0.208200 0.351800
vt 0.208300 0.334600
vt 0.156400 0.334300
vt 0.154700 0.352300
vt 0.156300 0.351300
vt 0.086600 0.258300
vt 0.086600 0.272500
vt 0.082300 0.272500
vt 0.082300 0.258300
vt 0.086600 0.296700
vt 0.086600 0.316700
vt 0.082300 0.316700
vt 0.082300 0.296700
vt 0.086600 0.286600
vt 0.082300 0.286600
vt 0.145500 0.240000
vt 0.160100 0.239900
vt 0.145500 0.258000
vt 0.160100 0.258000
vt 0.145500 0.280800
vt 0.160100 0.280800
vt 0.769900 0.865000
vt 0.762100 0.862800
vt 0.756400 0.857100
vt 0.754400 0.849300
vt 0.756500 0.841500
vt 0.762300 0.835900
vt 0.770100 0.833800
vt 0.777900 0.836000
vt 0.783600 0.841700
vt 0.785600 0.849500
vt 0.783500 0.857300
vt 0.777700 0.862900
vt 0.827700 0.828400
vt 0.827700 0.803700
vt 0.818300 0.803700
vt 0.818300 0.828400
vt 0.808900 0.803700
vt 0.808900 0.828400
vt 0.799500 0.803700
vt 0.799500 0.828400
vt 0.790100 0.803700
vt 0.790100 0.828400
vt 0.780700 0.803700
vt 0.780700 0.828400
vt 0.771300 0.803700
vt 0.771300 0.828400
vt 0.761900 0.803700
vt 0.761900 0.828400
vt 0.752400 0.803700
vt 0.752400 0.828400
vt 0.742900 0.803700
vt 0.742900 0.828400
vt 0.856000 0.828400
vt 0.856000 0.803700
vt 0.846500 0.803700
vt 0.846500 0.828400
vt 0.837100 0.803700
vt 0.837100 0.828400
vt 0.138700 0.199100
vt 0.126300 0.199200
vt 0.138700 0.191300
vt 0.131700 0.191300
vt 0.120700 0.191400
vt 0.113700 0.191500
vt 0.113700 0.199300
vt 0.965300 0.435000
vt 0.874700 0.434700
vt 0.680500 0.427300
vt 0.825900 0.427400
vt 0.757700 0.105000
vt 0.669000 0.105000
vt 0.251400 0.200000
vt 0.238900 0.199900
vt 0.251500 0.192100
vt 0.244400 0.192000
vt 0.233300 0.192000
vt 0.226300 0.191900
vt 0.226200 0.199800
vt 0.137300 0.145800
vt 0.137300 0.134800
vt 0.128600 0.257900
vt 0.128600 0.240100
vt 0.227700 0.135000
vt 0.227700 0.146000
vt 0.968800 0.088600
vt 0.966900 0.091700
vt 0.936800 0.100200
vt 0.932700 0.098800
vt 0.932700 0.096800
vt 0.936800 0.096600
vt 0.949100 0.100800
vt 0.945100 0.100800
vt 0.945100 0.099200
vt 0.940700 0.099200
vt 0.936800 0.096600
vt 0.932700 0.096800
vt 0.929000 0.096800
vt 0.929000 0.096800
vt 0.929000 0.098800
vt 0.949100 0.099200
vt 0.940700 0.097600
vt 0.945100 0.097600
vt 0.949100 0.097600
vt 0.932700 0.109000
vt 0.929000 0.109000
vt 0.929000 0.109000
vt 0.932700 0.109000
vt 0.936800 0.109100
vt 0.936800 0.109100
vt 0.940700 0.108100
vt 0.940700 0.106500
vt 0.945100 0.108000
vt 0.945100 0.106400
vt 0.949100 0.108100
vt 0.949100 0.106500
vt 0.945100 0.104800
vt 0.949100 0.104900
vt 0.929000 0.107000
vt 0.932700 0.107000
vt 0.936800 0.105500
vt 0.063700 0.032100
vt 0.059300 0.032100
vt 0.059300 0.024300
vt 0.063700 0.024300
vt 0.157500 0.042100
vt 0.157500 0.042100
vt 0.098700 0.823700
vt 0.048600 0.685600
vt 0.528200 0.516800
vt 0.578300 0.654900
vt 0.194700 0.101300
vt 0.147400 0.962200
vt 0.627000 0.793400
vt 0.674300 0.932500
vt 0.998300 0.547600
vt 0.478000 0.378800
vt 0.242100 0.240300
vt 0.721700 0.071500
vt 0.290900 0.378800
vt 0.770500 0.210000
vt 0.263900 0.034000
vt 0.338000 0.034400
vt 0.338000 0.122500
vt 0.264100 0.122500
vt 0.363400 0.034400
vt 0.363400 0.122500
vt 0.264100 0.013500
vt 0.338000 0.013500
vt 0.236600 0.010800
vt 0.263700 0.010800
vt 0.263900 0.034000
vt 0.236600 0.033300
vt 0.238700 0.034400
vt 0.264100 0.103900
vt 0.238700 0.103900
vt 0.077600 0.087100
vt 0.081000 0.087100
vt 0.081000 0.097100
vt 0.117900 0.097100
vt 0.121100 0.087100
vt 0.117900 0.087100
vt 0.117900 0.076100
vt 0.121100 0.076100
vt 0.081000 0.075700
vt 0.077600 0.075700
vt 0.077600 0.058400
vt 0.081000 0.058400
vt 0.117900 0.057900
vt 0.121100 0.057900
vt 0.397000 0.642500
vt 0.397000 0.659300
vt 0.388000 0.659300
vt 0.388000 0.642500
vt 0.028900 0.164900
vt 0.027900 0.170500
vt 0.023600 0.170500
vt 0.022700 0.164900
vt 0.042400 0.175400
vt 0.035100 0.175400
vt 0.035100 0.170500
vt 0.042300 0.170500
vt 0.041400 0.164900
vt 0.035100 0.164900
vt 0.041400 0.012000
vt 0.035100 0.012000
vt 0.042300 0.006400
vt 0.035100 0.006400
vt 0.042400 0.001500
vt 0.035100 0.001500
vt 0.022700 0.012000
vt 0.028900 0.012000
vt 0.027900 0.175400
vt 0.027900 0.006400
vt 0.027900 0.001500
vt 0.351100 0.582100
vt 0.351100 0.583800
vt 0.351000 0.586100
vt 0.351100 0.583800
vt 0.948000 0.030400
vt 0.939500 0.030400
vt 0.939500 0.017100
vt 0.948100 0.017100
vt 0.999100 0.015000
vt 0.985400 0.015000
vt 0.985400 0.001900
vt 0.999100 0.001900
vt 0.956600 0.030400
vt 0.956600 0.017100
vt 0.965000 0.030400
vt 0.965100 0.017100
vt 0.971700 0.015000
vt 0.971700 0.001900
vt 0.973500 0.030400
vt 0.973600 0.017200
vt 0.982000 0.030400
vt 0.982100 0.017200
vt 0.958000 0.015000
vt 0.958000 0.001900
vt 0.990600 0.030400
vt 0.990600 0.017200
vt 0.999100 0.030400
vt 0.999100 0.017200
vt 0.944200 0.015000
vt 0.944200 0.001900
vt 0.931000 0.030400
vt 0.931000 0.017100
vt 0.930500 0.015000
vt 0.930500 0.001900
vt 0.916800 0.015000
vt 0.916800 0.001900
vt 0.903000 0.015000
vt 0.903000 0.001900
vt 0.121100 0.698700
vt 0.124400 0.711700
vt 0.121100 0.711700
vt 0.127700 0.698600
vt 0.127700 0.711700
vt 0.127800 0.746400
vt 0.124400 0.746400
vt 0.121100 0.746400
vt 0.114100 0.698600
vt 0.117600 0.711700
vt 0.114100 0.711700
vt 0.117500 0.746400
vt 0.114100 0.746400
vt 0.107500 0.698600
vt 0.110800 0.711700
vt 0.107600 0.711700
vt 0.110800 0.746400
vt 0.107600 0.746400
vt 0.100500 0.698600
vt 0.104100 0.711700
vt 0.100600 0.711700
vt 0.104100 0.746400
vt 0.100600 0.746400
vt 0.132800 0.236100
vt 0.134800 0.236100
vt 0.134800 0.233100
vt 0.132800 0.233100
vt 0.645900 0.144500
vt 0.549400 0.144500
vt 0.549400 0.142200
vt 0.645900 0.142200
vt 0.545800 0.207400
vt 0.549700 0.207400
vt 0.549700 0.254200
vt 0.545800 0.254200
vt 0.561400 0.207400
vt 0.565300 0.207400
vt 0.565300 0.254200
vt 0.561400 0.254200
vt 0.541900 0.207400
vt 0.541900 0.254200
vt 0.530200 0.207400
vt 0.534100 0.207400
vt 0.534100 0.254200
vt 0.530200 0.254200
vt 0.553600 0.207400
vt 0.553600 0.254200
vt 0.538000 0.207400
vt 0.538000 0.254200
vt 0.140700 0.103000
vt 0.144900 0.105000
vt 0.144600 0.105600
vt 0.140300 0.103400
vt 0.136000 0.095700
vt 0.135500 0.095900
vt 0.135600 0.087100
vt 0.135100 0.087000
vt 0.139600 0.079400
vt 0.139200 0.079000
vt 0.146900 0.074700
vt 0.146700 0.074200
vt 0.155600 0.074400
vt 0.155700 0.073800
vt 0.163200 0.078300
vt 0.163600 0.077900
vt 0.167900 0.085600
vt 0.168500 0.085500
vt 0.174700 0.107200
vt 0.175200 0.107100
vt 0.169300 0.095800
vt 0.166100 0.093300
vt 0.166100 0.092900
vt 0.169700 0.095600
vt 0.171000 0.102300
vt 0.171500 0.102300
vt 0.169300 0.108700
vt 0.169700 0.108900
vt 0.164600 0.113400
vt 0.164800 0.113800
vt 0.158200 0.115100
vt 0.158200 0.115600
vt 0.151700 0.113400
vt 0.151500 0.113800
vt 0.147000 0.108700
vt 0.146700 0.108900
vt 0.145300 0.102300
vt 0.144900 0.102300
vt 0.147000 0.095800
vt 0.146700 0.095600
vt 0.149600 0.093400
vt 0.149300 0.093000
vt 0.145800 0.069400
vt 0.145800 0.073400
vt 0.141900 0.073400
vt 0.141900 0.069400
vt 0.235700 0.485100
vt 0.235700 0.394500
vt 0.249600 0.381800
vt 0.251900 0.381400
vt 0.254700 0.396300
vt 0.252700 0.398300
vt 0.259700 0.396900
vt 0.260100 0.395500
vt 0.270400 0.493000
vt 0.642600 0.034600
vt 0.642600 0.043700
vt 0.552600 0.043700
vt 0.552600 0.034600
vt 0.153600 0.069400
vt 0.153600 0.069400
vt 0.134100 0.069400
vt 0.134100 0.069400
vt 0.273600 0.227900
vt 0.273600 0.230700
vt 0.211400 0.230700
vt 0.211400 0.227900
vt 0.552600 0.012400
vt 0.543500 0.034600
vt 0.543500 0.012400
vt 0.642600 0.012400
vt 0.651700 0.012400
vt 0.651700 0.034600
vt 0.273600 0.267800
vt 0.211400 0.268200
vt 0.211400 0.264900
vt 0.273600 0.264900
vt 0.232300 0.268600
vt 0.232300 0.278100
vt 0.211400 0.278100
vt 0.552600 0.003300
vt 0.642600 0.003300
vt 0.236600 0.654400
vt 0.236700 0.649000
vt 0.282500 0.649000
vt 0.294400 0.649000
vt 0.282600 0.646200
vt 0.294500 0.646200
vt 0.352500 0.649000
vt 0.352300 0.654400
vt 0.282500 0.649000
vt 0.282600 0.646200
vt 0.352300 0.699700
vt 0.352300 0.703900
vt 0.293900 0.703900
vt 0.282600 0.703900
vt 0.293900 0.707800
vt 0.282600 0.707800
vt 0.236600 0.703900
vt 0.236600 0.699700
vt 0.352300 0.670000
vt 0.352300 0.671500
vt 0.278200 0.671400
vt 0.278200 0.670000
vt 0.295700 0.646100
vt 0.295700 0.647400
vt 0.294200 0.647400
vt 0.294200 0.646100
vt 0.352300 0.672800
vt 0.278200 0.673300
vt 0.188200 0.689100
vt 0.217900 0.677000
vt 0.216300 0.679700
vt 0.217900 0.682400
vt 0.214700 0.689100
vt 0.220600 0.688300
vt 0.220600 0.683500
vt 0.226500 0.685800
vt 0.223200 0.682400
vt 0.228900 0.679700
vt 0.224300 0.679700
vt 0.226500 0.673600
vt 0.223200 0.677000
vt 0.220600 0.671100
vt 0.220600 0.675900
vt 0.214700 0.670300
vt 0.188200 0.670300
vt 0.018300 0.679700
vt 0.014100 0.670700
vt 0.014100 0.675900
vt 0.010300 0.679700
vt 0.005500 0.679700
vt 0.014100 0.683500
vt 0.014100 0.688600
vt 0.013900 0.665500
vt 0.069900 0.665700
vt 0.083200 0.665400
vt 0.187300 0.663100
vt 0.188100 0.668100
vt 0.213100 0.655900
vt 0.214500 0.660700
vt 0.220400 0.659000
vt 0.219000 0.654200
vt 0.226700 0.657100
vt 0.225300 0.652300
vt 0.072000 0.651300
vt 0.080400 0.651100
vt 0.196900 0.435200
vt 0.204900 0.435200
vt 0.165000 0.435200
vt 0.181000 0.435200
vt 0.188900 0.435200
vt 0.173000 0.435200
vt 0.009300 0.644000
vt 0.009300 0.648800
vt 0.000600 0.640200
vt 0.005400 0.640200
vt 0.009200 0.631500
vt 0.009200 0.636300
vt 0.013400 0.640200
vt 0.001200 0.665800
vt 0.001400 0.670800
vt 0.049300 0.658700
vt 0.045100 0.658600
vt 0.045200 0.662700
vt 0.049400 0.662700
vt 0.001200 0.693600
vt 0.001400 0.688600
vt 0.013900 0.694000
vt 0.053500 0.658700
vt 0.053600 0.662700
vt 0.080500 0.709500
vt 0.072100 0.709300
vt 0.070000 0.693800
vt 0.083200 0.694200
vt 0.188100 0.691300
vt 0.225400 0.707000
vt 0.220400 0.700400
vt 0.226800 0.702300
vt 0.219000 0.705200
vt 0.214500 0.698700
vt 0.213100 0.703500
vt 0.187400 0.696300
vt 0.057700 0.658700
vt 0.057800 0.662700
vt 0.062000 0.662700
vt 0.061900 0.658700
vt 0.153600 0.065500
vt 0.153600 0.065500
vt 0.153600 0.061600
vt 0.153600 0.061600
vt 0.153600 0.061600
vt 0.153600 0.061600
vt 0.141900 0.065500
vt 0.141900 0.065500
vt 0.141900 0.065500
vt 0.141900 0.061600
vt 0.134100 0.061600
vt 0.134100 0.057700
vt 0.153600 0.057700
vt 0.134100 0.053800
vt 0.153600 0.053800
vt 0.134100 0.053800
vt 0.153600 0.053800
vt 0.134100 0.049900
vt 0.153600 0.049900
vt 0.134100 0.049900
vt 0.153600 0.049900
vt 0.134100 0.046000
vt 0.153600 0.046000
vt 0.134100 0.042100
vt 0.153600 0.042100
vt 0.134100 0.042100
vt 0.153600 0.042100
vt 0.134100 0.065500
vt 0.134100 0.069400
vt 0.134100 0.069400
vt 0.157500 0.073400
vt 0.153600 0.069400
vt 0.157500 0.003000
vt 0.165300 0.073400
vt 0.165300 0.003000
vt 0.173300 0.073400
vt 0.173300 0.003000
vt 0.180500 0.073400
vt 0.180500 0.003000
vt 0.187600 0.073400
vt 0.187600 0.003000
vt 0.194700 0.073400
vt 0.194700 0.003000
vt 0.201800 0.073400
vt 0.201800 0.003000
vt 0.209000 0.073400
vt 0.209000 0.003000
vt 0.141900 0.038200
vt 0.141900 0.006900
vt 0.138000 0.003000
vt 0.138000 0.006900
vt 0.273600 0.345200
vt 0.273600 0.348000
vt 0.211400 0.348000
vt 0.211400 0.345200
vt 0.273600 0.370700
vt 0.211400 0.371100
vt 0.211400 0.367900
vt 0.273600 0.367900
vt 0.232300 0.371500
vt 0.232300 0.378200
vt 0.211400 0.378200
vt 0.273600 0.284900
vt 0.273600 0.287800
vt 0.211400 0.287800
vt 0.211400 0.284900
vt 0.273600 0.324800
vt 0.211400 0.325200
vt 0.211400 0.322000
vt 0.273600 0.322000
vt 0.232300 0.325600
vt 0.232300 0.335100
vt 0.211400 0.335100
vt 0.275400 0.472700
vt 0.274800 0.474000
vt 0.280200 0.471600
vt 0.280600 0.473300
vt 0.265100 0.394500
vt 0.235700 0.520500
vt 0.233100 0.520500
vt 0.272800 0.492600
vt 0.269400 0.474800
vt 0.049300 0.654700
vt 0.047200 0.654700
vt 0.047100 0.658300
vt 0.049300 0.658700
vt 0.051300 0.654700
vt 0.051300 0.658300
vt 0.053400 0.654700
vt 0.053500 0.658700
vt 0.055500 0.654700
vt 0.055600 0.658300
vt 0.057600 0.654700
vt 0.057700 0.658700
vt 0.059700 0.654700
vt 0.059700 0.658300
vt 0.061800 0.654700
vt 0.061900 0.658700
vt 0.045100 0.654700
vt 0.045100 0.658600
vt 0.231200 0.650600
vt 0.232600 0.655400
vt 0.231200 0.708800
vt 0.232600 0.704000
vt 0.054700 0.742100
vt 0.044600 0.742100
vt 0.060000 0.745200
vt 0.088700 0.745200
vt 0.054800 0.745200
vt 0.044600 0.745200
vt 0.039200 0.745200
vt 0.010600 0.745200
vt 0.001700 0.745200
vt 0.006400 0.745200
vt 0.006400 0.742100
vt 0.001700 0.742100
vt 0.054700 0.714600
vt 0.044600 0.714600
vt 0.097600 0.742100
vt 0.092900 0.742100
vt 0.092900 0.745200
vt 0.097600 0.745200
vt 0.006800 0.727100
vt 0.006800 0.731300
vt 0.092300 0.731300
vt 0.092300 0.727000
vt 0.065400 0.780300
vt 0.064700 0.773600
vt 0.069100 0.768400
vt 0.075800 0.767800
vt 0.080800 0.769600
vt 0.081700 0.781500
vt 0.087400 0.769700
vt 0.088000 0.781100
vt 0.077100 0.784100
vt 0.070400 0.784900
vt 0.093800 0.750200
vt 0.099700 0.750000
vt 0.099700 0.764900
vt 0.093800 0.765100
vt 0.134500 0.771500
vt 0.132100 0.769600
vt 0.132800 0.767200
vt 0.136700 0.770300
vt 0.134800 0.774600
vt 0.137200 0.775300
vt 0.132900 0.776900
vt 0.134100 0.779200
vt 0.129900 0.777300
vt 0.129100 0.779700
vt 0.127500 0.775300
vt 0.125400 0.777900
vt 0.127100 0.772300
vt 0.124600 0.770200
vt 0.119900 0.778500
vt 0.119200 0.770300
vt 0.096200 0.780200
vt 0.095900 0.770200
vt 0.129000 0.769900
vt 0.127800 0.767700
vt 0.107300 0.750000
vt 0.107300 0.764900
vt 0.021800 0.780900
vt 0.029100 0.782900
vt 0.023400 0.785000
vt 0.027500 0.778800
vt 0.033000 0.780700
vt 0.031300 0.776600
vt 0.037400 0.773700
vt 0.039500 0.778900
vt 0.061800 0.758300
vt 0.064000 0.764200
vt 0.073400 0.754200
vt 0.073400 0.760900
vt 0.079900 0.750100
vt 0.079900 0.765000
vt 0.085600 0.765100
vt 0.085600 0.750200
vt 0.035400 0.760800
vt 0.032000 0.760800
vt 0.032000 0.767200
vt 0.035400 0.767200
vt 0.015000 0.760800
vt 0.011600 0.760800
vt 0.011600 0.767200
vt 0.015000 0.767200
vt 0.034900 0.750200
vt 0.031500 0.750200
vt 0.031500 0.756700
vt 0.034900 0.756700
vt 0.028600 0.760800
vt 0.028600 0.767200
vt 0.014500 0.750200
vt 0.011100 0.750200
vt 0.011100 0.756700
vt 0.014500 0.756700
vt 0.028100 0.750200
vt 0.028100 0.756700
vt 0.016800 0.782900
vt 0.018400 0.786900
vt 0.025200 0.760800
vt 0.025200 0.767200
vt 0.017900 0.750200
vt 0.017900 0.756700
vt 0.024700 0.750200
vt 0.024700 0.756700
vt 0.021800 0.760800
vt 0.021800 0.767200
vt 0.018400 0.760800
vt 0.018400 0.767200
vt 0.021300 0.750200
vt 0.021300 0.756700
vt 0.189100 0.785100
vt 0.194100 0.787100
vt 0.192500 0.791200
vt 0.187500 0.789200
vt 0.007700 0.750200
vt 0.007700 0.756700
vt 0.008200 0.760800
vt 0.008200 0.767200
vt 0.180300 0.779000
vt 0.185200 0.782500
vt 0.183600 0.786500
vt 0.179000 0.782900
vt 0.437500 0.769500
vt 0.437500 0.804700
vt 0.421900 0.804700
vt 0.421900 0.769500
vt 0.464800 0.746100
vt 0.398400 0.746100
vt 0.398400 0.714800
vt 0.464800 0.714800
vt 0.437500 0.820300
vt 0.437500 0.820300
vt 0.421900 0.820300
vt 0.421900 0.820300
vt 0.496100 0.769500
vt 0.464800 0.769500
vt 0.496100 0.746100
vt 0.363300 0.769500
vt 0.398400 0.769500
vt 0.363300 0.746100
vt 0.362900 0.733800
vt 0.359000 0.733800
vt 0.359000 0.737700
vt 0.394100 0.733800
vt 0.861700 0.434400
vt 0.859200 0.434400
vt 0.859200 0.404200
vt 0.861700 0.404200
vt 0.851700 0.434400
vt 0.849200 0.434400
vt 0.849200 0.404200
vt 0.851700 0.404200
vt 0.856700 0.434400
vt 0.856700 0.404200
vt 0.854200 0.434400
vt 0.854200 0.404200
vt 0.846700 0.434400
vt 0.846700 0.404200
vt 0.135200 0.212400
vt 0.096300 0.212400
vt 0.135200 0.209200
vt 0.091700 0.212400
vt 0.349100 0.582100
vt 0.351000 0.586100
vt 0.351000 0.591300
vt 0.351000 0.640500
vt 0.014500 0.795000
vt 0.001400 0.799900
vt 0.001400 0.795000
vt 0.014500 0.799900
vt 0.001400 0.804900
vt 0.014500 0.804900
vt 0.001400 0.809900
vt 0.014500 0.809900
vt 0.001400 0.814800
vt 0.014500 0.814800
vt 0.001400 0.819800
vt 0.014500 0.819800
vt 0.001400 0.824700
vt 0.014500 0.824700
vt 0.001400 0.829700
vt 0.014500 0.829700
vt 0.104600 0.829700
vt 0.117600 0.824700
vt 0.117600 0.829700
vt 0.104600 0.824700
vt 0.104600 0.819800
vt 0.104600 0.814800
vt 0.104600 0.809900
vt 0.104600 0.804900
vt 0.104600 0.799900
vt 0.104600 0.795000
vt 0.104600 0.790000
vt 0.014500 0.790000
vt 0.001400 0.790000
vt 0.117600 0.790000
vt 0.117600 0.795000
vt 0.117600 0.799900
vt 0.117600 0.804900
vt 0.117600 0.809900
vt 0.117600 0.814800
vt 0.117600 0.819800
vt 0.149000 0.817900
vt 0.153400 0.818100
vt 0.153400 0.825900
vt 0.148400 0.825900
vt 0.205100 0.817700
vt 0.197200 0.817700
vt 0.197200 0.810200
vt 0.205100 0.810200
vt 0.143400 0.818100
vt 0.143400 0.825900
vt 0.138100 0.817900
vt 0.138400 0.825900
vt 0.189200 0.817700
vt 0.189200 0.810200
vt 0.173400 0.817900
vt 0.178400 0.818100
vt 0.178400 0.825900
vt 0.173400 0.825900
vt 0.168400 0.818100
vt 0.168400 0.825900
vt 0.181300 0.817700
vt 0.181300 0.810200
vt 0.163400 0.818100
vt 0.163400 0.825900
vt 0.157900 0.817900
vt 0.158400 0.825900
vt 0.173400 0.817900
vt 0.173300 0.810200
vt 0.165400 0.817700
vt 0.165400 0.810200
vt 0.157900 0.817900
vt 0.157500 0.810200
vt 0.149000 0.817900
vt 0.149500 0.810200
vt 0.138100 0.817900
vt 0.137800 0.810200
vt 0.318300 0.804700
vt 0.320700 0.813700
vt 0.316400 0.809400
vt 0.308400 0.804700
vt 0.310400 0.809400
vt 0.301400 0.811700
vt 0.306100 0.813700
vt 0.301400 0.821700
vt 0.306100 0.819700
vt 0.308400 0.828700
vt 0.310400 0.824000
vt 0.318300 0.828700
vt 0.316400 0.824000
vt 0.325400 0.821700
vt 0.320700 0.819700
vt 0.325400 0.811700
vt 0.340100 0.811700
vt 0.340100 0.821700
vt 0.216900 0.810200
vt 0.216900 0.817700
vt 0.205600 0.819600
vt 0.209900 0.819600
vt 0.209900 0.826300
vt 0.205600 0.826300
vt 0.162500 0.800500
vt 0.169400 0.800500
vt 0.169400 0.808100
vt 0.162500 0.808100
vt 0.201300 0.819600
vt 0.201300 0.826300
vt 0.197100 0.819600
vt 0.197100 0.826300
vt 0.177400 0.800500
vt 0.177400 0.808100
vt 0.192800 0.819600
vt 0.192800 0.826300
vt 0.188600 0.819600
vt 0.188600 0.826300
vt 0.183100 0.800500
vt 0.183100 0.808100
vt 0.184300 0.819600
vt 0.184300 0.826300
vt 0.180100 0.819600
vt 0.180100 0.826300
vt 0.191100 0.800500
vt 0.191100 0.808100
vt 0.214100 0.819600
vt 0.214100 0.826300
vt 0.197000 0.800500
vt 0.197000 0.808100
vt 0.205000 0.800500
vt 0.205000 0.808100
vt 0.211800 0.800500
vt 0.211800 0.808100
vt 0.236300 0.800500
vt 0.236300 0.808100
vt 0.258200 0.777900
vt 0.260600 0.787100
vt 0.256200 0.782700
vt 0.248100 0.777900
vt 0.250000 0.782600
vt 0.240900 0.785100
vt 0.245700 0.787000
vt 0.240900 0.795200
vt 0.245700 0.793200
vt 0.248000 0.802400
vt 0.250000 0.797600
vt 0.258200 0.802400
vt 0.256200 0.797600
vt 0.265300 0.795200
vt 0.260600 0.793300
vt 0.265400 0.785100
vt 0.298000 0.785100
vt 0.298000 0.795300
vt 0.137800 0.808100
vt 0.137800 0.800500
vt 0.985800 0.220300
vt 0.978400 0.224500
vt 0.976900 0.223700
vt 0.978400 0.215100
vt 0.993200 0.215000
vt 0.993200 0.224500
vt 0.994400 0.228800
vt 0.996200 0.228800
vt 0.993200 0.233000
vt 0.994800 0.233900
vt 0.985900 0.239100
vt 0.985900 0.237300
vt 0.978500 0.233100
vt 0.976900 0.234000
vt 0.973500 0.234000
vt 0.973500 0.223700
vt 0.309300 0.585400
vt 0.304700 0.585400
vt 0.304600 0.584200
vt 0.310700 0.584200
vt 0.310800 0.598800
vt 0.309300 0.597600
vt 0.304700 0.597600
vt 0.304600 0.598800
vt 0.311700 0.581700
vt 0.305600 0.581700
vt 0.305600 0.580500
vt 0.310200 0.580500
vt 0.310200 0.568200
vt 0.311700 0.567000
vt 0.305500 0.567000
vt 0.305600 0.568200
vt 0.331100 0.531700
vt 0.335700 0.531700
vt 0.335700 0.640400
vt 0.331100 0.640400
vt 0.318200 0.531800
vt 0.318200 0.640500
vt 0.312600 0.640400
vt 0.312600 0.531700
vt 0.296100 0.531600
vt 0.302200 0.531600
vt 0.302600 0.640300
vt 0.296100 0.640300
vt 0.336900 0.531700
vt 0.336900 0.640400
vt 0.281300 0.640300
vt 0.281300 0.531600
vt 0.302600 0.640300
vt 0.303300 0.562800
vt 0.998700 0.278400
vt 0.970900 0.278400
vt 0.488100 0.721500
vt 0.489700 0.718800
vt 0.489700 0.721500
vt 0.486500 0.718800
vt 0.486500 0.686800
vt 0.489700 0.686800
vt 0.486500 0.721500
vt 0.486500 0.730200
vt 0.489700 0.730200
vt 0.486500 0.732700
vt 0.496200 0.732700
vt 0.496200 0.739800
vt 0.486500 0.739900
vt 0.499100 0.732700
vt 0.508800 0.732700
vt 0.508800 0.739800
vt 0.499100 0.739900
vt 0.496200 0.665400
vt 0.491300 0.667100
vt 0.489700 0.665400
vt 0.494600 0.667100
vt 0.491300 0.671500
vt 0.494600 0.671500
vt 0.989900 0.205300
vt 0.441600 0.191500
vt 0.504000 0.667100
vt 0.508800 0.665400
vt 0.507200 0.667100
vt 0.504000 0.671500
vt 0.507200 0.671500
vt 0.502300 0.721500
vt 0.502300 0.730200
vt 0.502300 0.718800
vt 0.502300 0.686800
vt 0.508800 0.730200
vt 0.508800 0.721500
vt 0.508800 0.718800
vt 0.508800 0.686800
vt 0.508800 0.671500
vt 0.508800 0.667100
vt 0.998000 0.174100
vt 0.989900 0.174200
vt 0.989900 0.166400
vt 0.998000 0.166400
vt 0.989900 0.213100
vt 0.998000 0.213100
vt 0.989900 0.205300
vt 0.459000 0.666000
vt 0.459000 0.678800
vt 0.414000 0.680500
vt 0.431200 0.680500
vt 0.431200 0.706300
vt 0.414000 0.706300
vt 0.465000 0.687000
vt 0.466900 0.692400
vt 0.465000 0.692400
vt 0.466900 0.667900
vt 0.475800 0.667900
vt 0.475800 0.666000
vt 0.459000 0.689200
vt 0.440800 0.689200
vt 0.414000 0.670800
vt 0.431200 0.670800
vt 0.459000 0.694600
vt 0.440800 0.694600
vt 0.414000 0.668800
vt 0.431200 0.668800
vt 0.431200 0.708300
vt 0.414000 0.708300
vt 0.468700 0.668900
vt 0.480500 0.668900
vt 0.480500 0.679400
vt 0.468700 0.679400
vt 0.489700 0.671500
vt 0.489700 0.667100
vt 0.496200 0.730200
vt 0.496200 0.721500
vt 0.496200 0.718800
vt 0.496200 0.686800
vt 0.496200 0.671500
vt 0.496200 0.667100
vt 0.486500 0.665400
vt 0.486500 0.667100
vt 0.486500 0.671500
vt 0.379900 0.614800
vt 0.379900 0.631600
vt 0.372100 0.631600
vt 0.372100 0.614800
vt 0.500700 0.721500
vt 0.499100 0.730200
vt 0.499100 0.721500
vt 0.499100 0.718800
vt 0.499100 0.686800
vt 0.267600 0.527700
vt 0.256700 0.527700
vt 0.252000 0.640600
vt 0.046500 0.001500
vt 0.046600 0.006400
vt 0.023700 0.175400
vt 0.016500 0.175400
vt 0.016500 0.170500
vt 0.016500 0.164900
vt 0.016500 0.012000
vt 0.016500 0.006400
vt 0.023600 0.006400
vt 0.023700 0.001500
vt 0.016500 0.001500
vt 0.513800 0.721500
vt 0.512200 0.718800
vt 0.512200 0.686800
vt 0.512200 0.721500
vt 0.512200 0.730200
vt 0.136900 0.236100
vt 0.136900 0.233100
vt 0.512200 0.732700
vt 0.521900 0.732700
vt 0.521900 0.739800
vt 0.512200 0.739900
vt 0.387900 0.631600
vt 0.387900 0.614800
vt 0.397000 0.614800
vt 0.397000 0.631600
vt 0.512200 0.665400
vt 0.512200 0.667100
vt 0.512200 0.671500
vt 0.053800 0.001500
vt 0.053800 0.006400
vt 0.053800 0.012000
vt 0.047600 0.012000
vt 0.053800 0.164900
vt 0.047600 0.164900
vt 0.053800 0.170500
vt 0.046600 0.170500
vt 0.046500 0.175400
vt 0.053800 0.175400
vt 0.372300 0.707400
vt 0.360700 0.707400
vt 0.360700 0.705400
vt 0.372300 0.705400
vt 0.403200 0.670700
vt 0.410000 0.670100
vt 0.409800 0.681200
vt 0.403200 0.681200
vt 0.298800 0.645400
vt 0.297500 0.645200
vt 0.297500 0.645200
vt 0.298800 0.645400
vt 0.401000 0.614800
vt 0.401000 0.631600
vt 0.138900 0.236100
vt 0.138900 0.233100
vt 0.549400 0.188700
vt 0.549400 0.166500
vt 0.645900 0.166500
vt 0.645900 0.188700
vt 0.373200 0.659300
vt 0.373200 0.642500
vt 0.123100 0.002300
vt 0.141300 0.031600
vt 0.141300 0.037500
vt 0.140100 0.037500
vt 0.140100 0.031600
vt 0.127400 0.002300
vt 0.127400 0.014000
vt 0.099000 0.195000
vt 0.099000 0.197500
vt 0.093600 0.197500
vt 0.093500 0.195000
vt 0.115600 0.231900
vt 0.115600 0.236300
vt 0.091000 0.236300
vt 0.091000 0.231900
vt 0.086500 0.236300
vt 0.091000 0.249100
vt 0.086500 0.249100
vt 0.115600 0.249100
vt 0.115600 0.253500
vt 0.091000 0.253500
vt 0.108000 0.187300
vt 0.108200 0.197300
vt 0.100900 0.183300
vt 0.089400 0.183400
vt 0.176800 0.078700
vt 0.180700 0.078700
vt 0.180700 0.110000
vt 0.176800 0.110000
vt 0.196300 0.078700
vt 0.200200 0.078700
vt 0.200200 0.110000
vt 0.196300 0.110000
vt 0.204100 0.078700
vt 0.204100 0.110000
vt 0.134800 0.233100
vt 0.136900 0.233100
vt 0.136900 0.236100
vt 0.134800 0.236100
vt 0.208000 0.078700
vt 0.208000 0.110000
vt 0.156000 0.393700
vt 0.161200 0.394300
vt 0.160900 0.392600
vt 0.145800 0.315500
vt 0.001600 0.459700
vt 0.001600 0.462700
vt 0.009000 0.462700
vt 0.009000 0.459700
vt 0.016000 0.462700
vt 0.016000 0.459700
vt 0.023000 0.462700
vt 0.023000 0.459700
vt 0.077400 0.462700
vt 0.077400 0.459700
vt 0.084300 0.462700
vt 0.084300 0.459700
vt 0.091300 0.462700
vt 0.091300 0.459700
vt 0.098700 0.462700
vt 0.091300 0.456600
vt 0.098700 0.459700
vt 0.084300 0.456600
vt 0.077400 0.456600
vt 0.023000 0.456600
vt 0.016000 0.456600
vt 0.009000 0.456600
vt 0.001600 0.456600
vt 0.001600 0.450400
vt 0.091300 0.450400
vt 0.098700 0.453500
vt 0.098700 0.450400
vt 0.084300 0.450400
vt 0.091300 0.453500
vt 0.098700 0.456600
vt 0.084300 0.453500
vt 0.077400 0.450400
vt 0.077400 0.453500
vt 0.023000 0.450400
vt 0.023000 0.453500
vt 0.016000 0.450400
vt 0.016000 0.453500
vt 0.009000 0.450400
vt 0.009000 0.453500
vt 0.001600 0.453500
vt 0.111600 0.079000
vt 0.115500 0.079000
vt 0.115500 0.071200
vt 0.111600 0.071200
vt 0.107700 0.079000
vt 0.107700 0.071200
vt 0.107700 0.079000
vt 0.107700 0.071200
vt 0.107700 0.079000
vt 0.107700 0.071200
vt 0.103700 0.079000
vt 0.103700 0.071200
vt 0.099800 0.079000
vt 0.099800 0.071200
vt 0.099800 0.079000
vt 0.099800 0.071200
vt 0.095900 0.079000
vt 0.095900 0.071200
vt 0.092000 0.079000
vt 0.092000 0.071200
vt 0.092000 0.079000
vt 0.092000 0.071200
vt 0.236600 0.685900
vt 0.352300 0.685900
vt 0.236600 0.682300
vt 0.352300 0.682200
vt 0.298800 0.645400
vt 0.297500 0.645200
vt 0.297500 0.645200
vt 0.298800 0.645400
vt 0.239200 0.718900
vt 0.239200 0.717300
vt 0.320800 0.717300
vt 0.320800 0.718900
vt 0.239200 0.710800
vt 0.320800 0.710800
vt 0.239200 0.752400
vt 0.320800 0.752400
vt 0.320800 0.771500
vt 0.239200 0.771500
vt 0.239200 0.746000
vt 0.320800 0.746000
vt 0.239200 0.744400
vt 0.320800 0.744400
vt 0.645900 0.203100
vt 0.549400 0.203100
vt 0.123100 0.014000
vt 0.410100 0.659300
vt 0.410100 0.642500
vt 0.424900 0.642500
vt 0.424900 0.659300
vt 0.059300 0.016500
vt 0.138000 0.003000
vt 0.138000 0.006900
vt 0.059300 0.055600
vt 0.059300 0.051700
vt 0.401100 0.642500
vt 0.401100 0.659300
vt 0.298800 0.647400
vt 0.297500 0.647700
vt 0.297500 0.647700
vt 0.298800 0.647400
vt 0.236600 0.682300
vt 0.236600 0.673400
vt 0.236600 0.685900
vt 0.236600 0.682300
vt 0.236600 0.699700
vt 0.236600 0.654400
vt 0.236600 0.703900
vt 0.236700 0.649000
vt 0.817300 0.784600
vt 0.817500 0.740500
vt 0.821900 0.784600
vt 0.815200 0.734300
vt 0.810700 0.734300
vt 0.812500 0.741000
vt 0.393500 0.667800
vt 0.393500 0.677900
vt 0.360700 0.682300
vt 0.372300 0.682300
vt 0.399500 0.686100
vt 0.401400 0.691500
vt 0.399500 0.691500
vt 0.401400 0.669600
vt 0.410000 0.670100
vt 0.410300 0.667800
vt 0.393500 0.688300
vt 0.381900 0.688300
vt 0.360700 0.672500
vt 0.372300 0.672500
vt 0.393500 0.693600
vt 0.381900 0.693600
vt 0.360700 0.670600
vt 0.372300 0.670600
vt 0.367300 0.029100
vt 0.370800 0.025200
vt 0.367300 0.025200
vt 0.367300 0.001500
vt 0.374100 0.001500
vt 0.374200 0.025200
vt 0.377500 0.001500
vt 0.370800 0.029100
vt 0.370800 0.044900
vt 0.367300 0.044900
vt 0.367300 0.048900
vt 0.377500 0.001500
vt 0.374200 0.025200
vt 0.377600 0.025200
vt 0.374200 0.029100
vt 0.374200 0.044900
vt 0.370800 0.048900
vt 0.370800 0.187200
vt 0.367300 0.187200
vt 0.367300 0.195200
vt 0.370800 0.195200
vt 0.367300 0.203100
vt 0.370800 0.203100
vt 0.367300 0.214900
vt 0.370800 0.214900
vt 0.367300 0.222800
vt 0.391100 0.048900
vt 0.394500 0.044900
vt 0.391100 0.044900
vt 0.391100 0.029100
vt 0.394500 0.029100
vt 0.394500 0.025200
vt 0.391100 0.025200
vt 0.394500 0.001500
vt 0.391100 0.001500
vt 0.391100 0.025200
vt 0.391100 0.001500
vt 0.387700 0.025200
vt 0.387700 0.001500
vt 0.384300 0.025200
vt 0.384300 0.001500
vt 0.381000 0.025200
vt 0.384300 0.001500
vt 0.380900 0.001500
vt 0.391100 0.029100
vt 0.387700 0.029100
vt 0.384300 0.029100
vt 0.381000 0.029100
vt 0.377600 0.029100
vt 0.374200 0.029100
vt 0.374200 0.044900
vt 0.374200 0.048900
vt 0.374200 0.187200
vt 0.374200 0.195200
vt 0.377600 0.195200
vt 0.377600 0.187200
vt 0.374200 0.203100
vt 0.374200 0.203100
vt 0.374200 0.195200
vt 0.374200 0.187200
vt 0.374200 0.048900
vt 0.377600 0.044900
vt 0.381000 0.044900
vt 0.384300 0.044900
vt 0.387700 0.044900
vt 0.377600 0.048900
vt 0.381000 0.048900
vt 0.381000 0.187200
vt 0.374200 0.214900
vt 0.374200 0.214900
vt 0.377600 0.203100
vt 0.381000 0.195200
vt 0.384300 0.187200
vt 0.384300 0.048900
vt 0.370800 0.222800
vt 0.374200 0.222800
vt 0.374200 0.222800
vt 0.377600 0.214900
vt 0.381000 0.203100
vt 0.384300 0.195200
vt 0.387700 0.187200
vt 0.387700 0.048900
vt 0.391100 0.044900
vt 0.381000 0.214900
vt 0.384300 0.203100
vt 0.387700 0.195200
vt 0.391100 0.187200
vt 0.391100 0.048900
vt 0.377600 0.222800
vt 0.381000 0.222800
vt 0.384300 0.214900
vt 0.387700 0.203100
vt 0.391100 0.195200
vt 0.391100 0.187200
vt 0.384300 0.222800
vt 0.387700 0.214900
vt 0.391100 0.203100
vt 0.391100 0.195200
vt 0.394500 0.187200
vt 0.394500 0.048900
vt 0.391100 0.222800
vt 0.394500 0.222800
vt 0.394500 0.214900
vt 0.391100 0.214900
vt 0.391100 0.222800
vt 0.391100 0.214900
vt 0.387700 0.222800
vt 0.394500 0.195200
vt 0.391100 0.203100
vt 0.394500 0.203100
vt 0.137900 0.031600
vt 0.139200 0.031600
vt 0.139200 0.037600
vt 0.137900 0.037600
vt 0.184600 0.078700
vt 0.188500 0.078700
vt 0.188500 0.110000
vt 0.184600 0.110000
vt 0.410100 0.614800
vt 0.410100 0.631600
vt 0.140900 0.236100
vt 0.140900 0.233100
vt 0.425900 0.631600
vt 0.418100 0.631600
vt 0.418100 0.614800
vt 0.425900 0.614800
vt 0.059300 0.043800
vt 0.083800 0.187500
vt 0.083700 0.197500
vt 0.141900 0.006900
vt 0.141900 0.038200
vt 0.101100 0.206400
vt 0.089600 0.206400
vt 0.138900 0.233100
vt 0.140900 0.233100
vt 0.140900 0.236100
vt 0.138900 0.236100
vt 0.132800 0.233100
vt 0.132800 0.236100
vt 0.120000 0.236300
vt 0.120000 0.249100
vt 0.546200 0.086800
vt 0.546200 0.065300
vt 0.647200 0.065300
vt 0.647200 0.086800
vt 0.116400 0.406100
vt 0.113800 0.441600
vt 0.116400 0.441600
vt 0.116400 0.315500
vt 0.239200 0.739600
vt 0.320800 0.739600
vt 0.239200 0.723700
vt 0.320800 0.723700
vt 0.337200 0.750900
vt 0.343500 0.750900
vt 0.343500 0.752500
vt 0.338700 0.752500
vt 0.338700 0.768400
vt 0.337100 0.770000
vt 0.343600 0.770000
vt 0.343500 0.768400
vt 0.329200 0.768400
vt 0.334000 0.768400
vt 0.334100 0.770000
vt 0.327700 0.770000
vt 0.327600 0.750800
vt 0.329200 0.752400
vt 0.334000 0.752400
vt 0.334100 0.750800
vt 0.294400 0.649000
vt 0.294500 0.646200
vt 0.294100 0.644800
vt 0.282900 0.644800
vt 0.352300 0.705300
vt 0.293900 0.705300
vt 0.236600 0.670000
vt 0.258500 0.670000
vt 0.258500 0.671400
vt 0.236600 0.671500
vt 0.278200 0.671400
vt 0.258500 0.671400
vt 0.236600 0.682300
vt 0.352300 0.682200
vt 0.236600 0.673400
vt 0.258500 0.673400
vt 0.258500 0.673400
vt 0.236600 0.673400
vt 0.278200 0.673300
vt 0.236600 0.705900
vt 0.282600 0.705900
vt 0.985600 0.366900
vt 0.960800 0.366900
vt 0.996400 0.370100
vt 0.996400 0.385100
vt 0.988500 0.385100
vt 0.988600 0.370100
vt 0.957900 0.370100
vt 0.957800 0.385100
vt 0.950000 0.385100
vt 0.950100 0.370100
vt 0.985600 0.395600
vt 0.960800 0.395700
vt 0.960800 0.388300
vt 0.985600 0.388200
vt 0.982400 0.381800
vt 0.964100 0.381800
vt 0.964100 0.373400
vt 0.982400 0.373400
vt 0.959100 0.360500
vt 0.957100 0.360500
vt 0.957100 0.360500
vt 0.954400 0.360400
vt 0.954400 0.360400
vt 0.952200 0.360400
vt 0.950800 0.360400
vt 0.949200 0.360400
vt 0.952300 0.368200
vt 0.954300 0.368200
vt 0.950800 0.368100
vt 0.949200 0.368100
vt 0.959100 0.368200
vt 0.956900 0.368200
vt 0.954300 0.368200
vt 0.956900 0.368200
vt 0.946500 0.405800
vt 0.946500 0.413800
vt 0.944600 0.413800
vt 0.944600 0.405800
vt 0.933800 0.406600
vt 0.932400 0.405300
vt 0.934700 0.402600
vt 0.936200 0.403800
vt 0.957300 0.406600
vt 0.955000 0.403800
vt 0.946500 0.405800
vt 0.946500 0.413800
vt 0.944600 0.413800
vt 0.944600 0.405800
vt 0.933800 0.406600
vt 0.932400 0.405300
vt 0.934700 0.402600
vt 0.936200 0.403800
vt 0.957300 0.406600
vt 0.955000 0.403800
vt 0.438600 0.540800
vt 0.405300 0.605400
vt 0.362200 0.524700
vt 0.428800 0.524700
vt 0.353400 0.540700
vt 0.385700 0.605400
vt 0.923800 0.714400
vt 0.923800 0.734200
vt 0.923800 0.734200
vt 0.923800 0.714400
vt 0.919600 0.731300
vt 0.919600 0.717300
vt 0.918000 0.724300
vt 0.928500 0.728900
vt 0.928500 0.734400
vt 0.984700 0.734600
vt 0.984700 0.728900
vt 0.985100 0.703900
vt 0.868000 0.703900
vt 0.869200 0.702700
vt 0.984300 0.702700
vt 0.928500 0.721900
vt 0.984700 0.721900
vt 0.928500 0.714900
vt 0.984700 0.714900
vt 0.983600 0.700600
vt 0.884200 0.700500
vt 0.884200 0.700500
vt 0.983600 0.700600
vt 0.983500 0.697800
vt 0.945200 0.696900
vt 0.945200 0.696900
vt 0.983500 0.697800
vt 0.928500 0.709200
vt 0.984700 0.709400
vt 0.945200 0.696900
vt 0.901600 0.698100
vt 0.901600 0.696900
vt 0.945200 0.696900
vt 0.868000 0.703900
vt 0.985100 0.703900
vt 0.983900 0.705400
vt 0.869200 0.705100
vt 0.943500 0.706900
vt 0.984800 0.706900
vt 0.944800 0.705800
vt 0.924600 0.753600
vt 0.924600 0.736400
vt 0.984700 0.736400
vt 0.984700 0.753600
vt 0.928500 0.734400
vt 0.984700 0.734600
vt 0.901600 0.705700
vt 0.942800 0.705700
vt 0.941600 0.706900
vt 0.902900 0.706900
vt 0.984700 0.709400
vt 0.928500 0.709200
vt 0.983500 0.697800
vt 0.884100 0.698700
vt 0.884200 0.700500
vt 0.983600 0.700600
vt 0.984900 0.694400
vt 0.984900 0.696000
vt 0.984900 0.692700
vt 0.984900 0.691100
vt 0.984800 0.688900
vt 0.892400 0.679000
vt 0.893600 0.681100
vt 0.893600 0.681100
vt 0.891100 0.679900
vt 0.891200 0.681200
vt 0.892400 0.681500
vt 0.886900 0.675600
vt 0.886900 0.674100
vt 0.890900 0.674100
vt 0.890900 0.675600
vt 0.886600 0.676900
vt 0.891100 0.677100
vt 0.892400 0.679000
vt 0.893800 0.678500
vt 0.893700 0.677100
vt 0.891100 0.678500
vt 0.891100 0.677100
vt 0.892400 0.676500
vt 0.886900 0.672600
vt 0.890900 0.672600
vt 0.886900 0.681500
vt 0.886900 0.680000
vt 0.891100 0.679900
vt 0.891200 0.681200
vt 0.886900 0.678500
vt 0.891100 0.678500
vt 0.916900 0.681900
vt 0.919200 0.686800
vt 0.918100 0.688400
vt 0.919400 0.688500
vt 0.919200 0.686800
vt 0.984800 0.686900
vt 0.984800 0.688900
vt 0.919400 0.685200
vt 0.984800 0.685200
vt 0.919400 0.683600
vt 0.984800 0.683600
vt 0.919500 0.681700
vt 0.984800 0.681500
vt 0.899500 0.679000
vt 0.900600 0.679700
vt 0.900600 0.680900
vt 0.898200 0.679900
vt 0.898200 0.681200
vt 0.899500 0.681500
vt 0.894000 0.675600
vt 0.894000 0.674100
vt 0.898000 0.674100
vt 0.898000 0.675600
vt 0.893700 0.677100
vt 0.898200 0.677100
vt 0.899500 0.679000
vt 0.900600 0.678400
vt 0.900600 0.677200
vt 0.898200 0.678500
vt 0.898200 0.677100
vt 0.899500 0.676500
vt 0.894000 0.672600
vt 0.898000 0.672600
vt 0.893600 0.681100
vt 0.893600 0.681100
vt 0.898200 0.679900
vt 0.898200 0.681200
vt 0.893800 0.678500
vt 0.898200 0.678500
vt 0.874000 0.681000
vt 0.873700 0.679500
vt 0.883600 0.681500
vt 0.874000 0.678100
vt 0.883600 0.678000
vt 0.873700 0.676700
vt 0.874000 0.675200
vt 0.883400 0.675200
vt 0.883500 0.676700
vt 0.919500 0.681700
vt 0.919700 0.679700
vt 0.984800 0.679700
vt 0.984800 0.681500
vt 0.919700 0.678000
vt 0.984800 0.678000
vt 0.919700 0.676400
vt 0.984800 0.676400
vt 0.919700 0.674700
vt 0.984800 0.674700
vt 0.851400 0.688400
vt 0.875500 0.688400
vt 0.878700 0.688400
vt 0.107800 0.093400
vt 0.103800 0.081700
vt 0.107700 0.081700
vt 0.111700 0.093400
vt 0.111600 0.081700
vt 0.910300 0.737200
vt 0.907000 0.737200
vt 0.907000 0.730700
vt 0.910300 0.730700
vt 0.906200 0.740100
vt 0.895100 0.740100
vt 0.894200 0.737200
vt 0.894200 0.730700
vt 0.891000 0.737200
vt 0.891000 0.730700
vt 0.895100 0.727800
vt 0.906200 0.727800
vt 0.910300 0.718800
vt 0.907000 0.718800
vt 0.907000 0.712300
vt 0.910300 0.712300
vt 0.115600 0.093400
vt 0.115500 0.081700
vt 0.906200 0.721800
vt 0.895100 0.721800
vt 0.894200 0.718800
vt 0.894200 0.712300
vt 0.891000 0.718800
vt 0.891000 0.712300
vt 0.895100 0.709400
vt 0.906200 0.709400
vt 0.107800 0.093400
vt 0.103800 0.081700
vt 0.107700 0.081700
vt 0.861200 0.678100
vt 0.861200 0.676700
vt 0.870700 0.676700
vt 0.870700 0.678100
vt 0.861200 0.675200
vt 0.870500 0.675200
vt 0.861200 0.679600
vt 0.861200 0.681100
vt 0.871000 0.679300
vt 0.211900 0.078700
vt 0.215800 0.078700
vt 0.215800 0.110000
vt 0.211900 0.110000
vt 0.192400 0.078700
vt 0.192400 0.110000
vt 0.282900 0.644800
vt 0.282600 0.646200
vt 0.294500 0.646200
vt 0.294100 0.644800
vt 0.294500 0.646200
vt 0.294400 0.649000
vt 0.294400 0.649000
vt 0.467200 0.251100
vt 0.282500 0.649000
vt 0.352300 0.654400
vt 0.352500 0.649000
vt 0.282600 0.646200
vt 0.282500 0.649000
vt 0.282600 0.707800
vt 0.293900 0.707800
vt 0.293900 0.703900
vt 0.282600 0.703900
vt 0.352300 0.703900
vt 0.352300 0.699700
vt 0.009400 0.341900
vt 0.013400 0.342000
vt 0.013400 0.442300
vt 0.009400 0.442300
vt 0.009400 0.239900
vt 0.009400 0.180100
vt 0.013400 0.179700
vt 0.013400 0.240100
vt 0.005300 0.442200
vt 0.001200 0.442300
vt 0.001200 0.342000
vt 0.005300 0.341900
vt 0.005300 0.070100
vt 0.005300 0.180600
vt 0.001200 0.180100
vt 0.001200 0.070200
vt 0.009400 0.070200
vt 0.013400 0.070300
vt 0.001200 0.239800
vt 0.005300 0.239600
vt 0.020500 0.357500
vt 0.024700 0.357500
vt 0.024700 0.442200
vt 0.028900 0.442100
vt 0.028900 0.357500
vt 0.020500 0.250800
vt 0.024700 0.250800
vt 0.028900 0.250800
vt 0.024700 0.178200
vt 0.028900 0.178100
vt 0.087500 0.487000
vt 0.049100 0.486900
vt 0.094300 0.473200
vt 0.090800 0.483900
vt 0.115600 0.093400
vt 0.111700 0.093400
vt 0.111600 0.081700
vt 0.115500 0.081700
vt 0.455100 0.014600
vt 0.451200 0.014600
vt 0.427700 0.014600
vt 0.443400 0.014600
vt 0.431600 0.014600
vt 0.439400 0.014600
vt 0.468000 0.137900
vt 0.468000 0.106600
vt 0.464100 0.106600
vt 0.464100 0.137900
vt 0.471900 0.106600
vt 0.471900 0.137900
vt 0.479700 0.137900
vt 0.479700 0.106600
vt 0.487600 0.106600
vt 0.487600 0.137900
vt 0.495400 0.137900
vt 0.495400 0.106600
vt 0.483600 0.106600
vt 0.483600 0.137900
vt 0.483600 0.137900
vt 0.483600 0.106600
vt 0.495400 0.137900
vt 0.495400 0.106600
vt 0.499300 0.137900
vt 0.499300 0.106600
vt 0.499300 0.106600
vt 0.499300 0.137900
vt 0.503200 0.137900
vt 0.503200 0.106600
vt 0.507100 0.106600
vt 0.507100 0.137900
vt 0.511000 0.106600
vt 0.511000 0.137900
vt 0.522700 0.106600
vt 0.522700 0.137900
vt 0.522700 0.126200
vt 0.522700 0.094900
vt 0.468000 0.137900
vt 0.468000 0.106600
vt 0.456300 0.137900
vt 0.460200 0.106600
vt 0.456300 0.106600
vt 0.460200 0.137900
vt 0.501900 0.045800
vt 0.498000 0.041900
vt 0.501900 0.041900
vt 0.498000 0.045800
vt 0.459000 0.041900
vt 0.459000 0.045800
vt 0.423800 0.041900
vt 0.423800 0.045800
vt 0.419900 0.041900
vt 0.419900 0.045800
vt 0.451200 0.038000
vt 0.455100 0.038000
vt 0.455100 0.041900
vt 0.451200 0.041900
vt 0.443400 0.041900
vt 0.459000 0.041900
vt 0.494100 0.041900
vt 0.498000 0.041900
vt 0.501900 0.041900
vt 0.505900 0.041900
vt 0.505900 0.041900
vt 0.521500 0.041900
vt 0.521500 0.041900
vt 0.400400 0.041900
vt 0.416000 0.041900
vt 0.400400 0.041900
vt 0.416000 0.041900
vt 0.419900 0.041900
vt 0.423800 0.041900
vt 0.427700 0.041900
vt 0.482400 0.041900
vt 0.478500 0.041900
vt 0.478500 0.038000
vt 0.482400 0.038000
vt 0.470700 0.041900
vt 0.490200 0.041900
vt 0.490200 0.038000
vt 0.494100 0.038000
vt 0.427700 0.038000
vt 0.431600 0.038000
vt 0.431600 0.041900
vt 0.439400 0.041900
vt 0.466800 0.041900
vt 0.466800 0.038000
vt 0.470700 0.038000
vt 0.439400 0.038000
vt 0.443400 0.038000
vt 0.501900 0.092700
vt 0.498000 0.092700
vt 0.498000 0.092700
vt 0.494100 0.092700
vt 0.459000 0.092700
vt 0.494100 0.092700
vt 0.482400 0.092700
vt 0.478500 0.092700
vt 0.470700 0.092700
vt 0.466800 0.092700
vt 0.459000 0.092700
vt 0.423800 0.092700
vt 0.423800 0.092700
vt 0.419900 0.092700
vt 0.419900 0.092700
vt 0.416000 0.092700
vt 0.416000 0.092700
vt 0.400400 0.092700
vt 0.400400 0.092700
vt 0.400400 0.092700
vt 0.400400 0.092700
vt 0.400400 0.065300
vt 0.400400 0.065300
vt 0.400400 0.061400
vt 0.416000 0.002800
vt 0.416000 0.014600
vt 0.400400 0.014600
vt 0.400400 0.014600
vt 0.400400 0.002800
vt 0.400400 0.002800
vt 0.419900 0.065300
vt 0.416000 0.061400
vt 0.419900 0.061400
vt 0.416000 0.065300
vt 0.400400 0.061400
vt 0.400400 0.045800
vt 0.400400 0.045800
vt 0.400400 0.041900
vt 0.416000 0.045800
vt 0.416000 0.045800
vt 0.400400 0.045800
vt 0.419900 0.045800
vt 0.423800 0.045800
vt 0.459000 0.045800
vt 0.498000 0.045800
vt 0.501900 0.045800
vt 0.505900 0.045800
vt 0.505900 0.045800
vt 0.521500 0.045800
vt 0.521500 0.045800
vt 0.423800 0.065300
vt 0.423800 0.061400
vt 0.459000 0.065300
vt 0.459000 0.061400
vt 0.498000 0.065300
vt 0.498000 0.061400
vt 0.501900 0.065300
vt 0.501900 0.061400
vt 0.521500 0.061400
vt 0.505900 0.057500
vt 0.521500 0.057500
vt 0.505900 0.061400
vt 0.501900 0.057500
vt 0.498000 0.057500
vt 0.459000 0.057500
vt 0.423800 0.057500
vt 0.419900 0.057500
vt 0.416000 0.057500
vt 0.400400 0.057500
vt 0.447300 0.081000
vt 0.447300 0.084900
vt 0.459000 0.084900
vt 0.459000 0.081000
vt 0.459000 0.084900
vt 0.459000 0.081000
vt 0.494100 0.084900
vt 0.494100 0.077100
vt 0.498000 0.084900
vt 0.498000 0.077100
vt 0.509800 0.084900
vt 0.509800 0.081000
vt 0.509800 0.084900
vt 0.509800 0.081000
vt 0.412100 0.081000
vt 0.412100 0.084900
vt 0.443400 0.084900
vt 0.443400 0.081000
vt 0.416200 0.140100
vt 0.420100 0.140100
vt 0.420100 0.155700
vt 0.416200 0.155700
vt 0.412300 0.140100
vt 0.412300 0.155700
vt 0.396700 0.140100
vt 0.396700 0.155700
vt 0.396700 0.155700
vt 0.396700 0.140100
vt 0.503200 0.188700
vt 0.507100 0.188700
vt 0.507100 0.157400
vt 0.503200 0.157400
vt 0.499300 0.188700
vt 0.499300 0.157400
vt 0.522700 0.188700
vt 0.522700 0.157400
vt 0.511000 0.157400
vt 0.511000 0.188700
vt 0.522700 0.188700
vt 0.522700 0.157400
vt 0.495400 0.188700
vt 0.495400 0.157400
vt 0.495400 0.157400
vt 0.495400 0.188700
vt 0.499300 0.188700
vt 0.499300 0.157400
vt 0.471900 0.157400
vt 0.471900 0.188700
vt 0.479700 0.188700
vt 0.479700 0.157400
vt 0.483600 0.188700
vt 0.483600 0.157400
vt 0.483600 0.188700
vt 0.483600 0.157400
vt 0.487500 0.157400
vt 0.487500 0.188700
vt 0.505900 0.065300
vt 0.521500 0.065300
vt 0.521500 0.065300
vt 0.505900 0.065300
vt 0.501900 0.065300
vt 0.498000 0.065300
vt 0.494100 0.065300
vt 0.478500 0.065300
vt 0.482400 0.069200
vt 0.478500 0.069200
vt 0.482400 0.065300
vt 0.490200 0.065300
vt 0.494100 0.069200
vt 0.490200 0.069200
vt 0.470700 0.065300
vt 0.466800 0.065300
vt 0.470700 0.069200
vt 0.466800 0.069200
vt 0.459000 0.065300
vt 0.455100 0.065300
vt 0.416000 0.065300
vt 0.400400 0.065300
vt 0.419900 0.065300
vt 0.423800 0.065300
vt 0.427700 0.065300
vt 0.431600 0.065300
vt 0.431600 0.069200
vt 0.427700 0.069200
vt 0.439400 0.065300
vt 0.443400 0.065300
vt 0.451200 0.065300
vt 0.455100 0.069200
vt 0.451200 0.069200
vt 0.443400 0.069200
vt 0.439400 0.069200
vt 0.468000 0.188700
vt 0.468000 0.157400
vt 0.468000 0.188700
vt 0.468000 0.157400
vt 0.427700 0.084900
vt 0.431600 0.084900
vt 0.431600 0.088800
vt 0.427700 0.088800
vt 0.423800 0.088800
vt 0.419900 0.088800
vt 0.416000 0.088800
vt 0.400400 0.088800
vt 0.470700 0.088800
vt 0.466800 0.088800
vt 0.466800 0.084900
vt 0.470700 0.084900
vt 0.451200 0.084900
vt 0.455100 0.084900
vt 0.455100 0.088800
vt 0.451200 0.088800
vt 0.439400 0.084900
vt 0.443400 0.084900
vt 0.443400 0.088800
vt 0.439400 0.088800
vt 0.478500 0.088800
vt 0.482400 0.088800
vt 0.459000 0.088800
vt 0.478500 0.084900
vt 0.482400 0.084900
vt 0.521500 0.092700
vt 0.505900 0.088800
vt 0.521500 0.088800
vt 0.505900 0.092700
vt 0.501900 0.088800
vt 0.501900 0.092700
vt 0.498000 0.088800
vt 0.494100 0.088800
vt 0.490200 0.088800
vt 0.494100 0.084900
vt 0.494100 0.084900
vt 0.451400 0.344800
vt 0.438900 0.357300
vt 0.439100 0.464000
vt 0.522800 0.437100
vt 0.439000 0.437300
vt 0.522900 0.459800
vt 0.439200 0.475100
vt 0.523000 0.470800
vt 0.439500 0.483700
vt 0.601100 0.436800
vt 0.601200 0.453300
vt 0.601300 0.464400
vt 0.523200 0.477800
vt 0.439700 0.486800
vt 0.689100 0.437300
vt 0.689600 0.433800
vt 0.677000 0.433800
vt 0.673800 0.433800
vt 0.439200 0.475100
vt 0.523200 0.477800
vt 0.439500 0.483700
vt 0.523200 0.477800
vt 0.439700 0.486800
vt 0.443500 0.523800
vt 0.527600 0.515200
vt 0.523200 0.477800
vt 0.601600 0.470900
vt 0.684100 0.450500
vt 0.673100 0.430000
vt 0.670100 0.404000
vt 0.601200 0.453300
vt 0.673800 0.433800
vt 0.677000 0.433800
vt 0.601100 0.436800
vt 0.673100 0.430000
vt 0.670100 0.404000
vt 0.522800 0.437100
vt 0.669700 0.400300
vt 0.668200 0.385400
vt 0.667800 0.381600
vt 0.664900 0.351800
vt 0.663900 0.343000
vt 0.451400 0.344800
vt 0.438900 0.357300
vt 0.439000 0.437300
vt 0.522900 0.459800
vt 0.439100 0.464000
vt 0.523000 0.470800
vt 0.601300 0.464400
vt 0.601600 0.470900
vt 0.601600 0.470900
vt 0.606300 0.507100
vt 0.601600 0.470900
vt 0.677000 0.459100
vt 0.676800 0.462500
vt 0.679100 0.463000
vt 0.681400 0.466100
vt 0.684000 0.465200
vt 0.691700 0.458500
vt 0.682500 0.460500
vt 0.679700 0.461200
vt 0.678800 0.457200
vt 0.679900 0.455900
vt 0.690000 0.454900
vt 0.704000 0.452300
vt 0.704600 0.455300
vt 0.693200 0.462400
vt 0.690800 0.497900
vt 0.687700 0.498200
vt 0.705500 0.458300
vt 0.707800 0.454200
vt 0.707400 0.451200
vt 0.708700 0.457400
vt 0.713100 0.494300
vt 0.700600 0.496500
vt 0.684000 0.465200
vt 0.681400 0.466100
vt 0.676800 0.462500
vt 0.677000 0.459100
vt 0.684100 0.450500
vt 0.689100 0.437300
vt 0.689600 0.433800
vt 0.679100 0.463000
vt 0.679700 0.461200
vt 0.678800 0.457200
vt 0.679900 0.455900
vt 0.716500 0.493400
vt 0.705500 0.458300
vt 0.708700 0.457400
vt 0.707800 0.454200
vt 0.704600 0.455300
vt 0.707400 0.451200
vt 0.704000 0.452300
vt 0.690000 0.454900
vt 0.691700 0.458500
vt 0.682500 0.460500
vt 0.693200 0.462400
vt 0.602200 0.534300
vt 0.602300 0.614400
vt 0.669700 0.400300
vt 0.668200 0.385400
vt 0.452400 0.106600
vt 0.452400 0.137900
vt 0.440700 0.106600
vt 0.440700 0.137900
vt 0.448500 0.137900
vt 0.448500 0.106600
vt 0.429000 0.106600
vt 0.429000 0.137900
vt 0.436800 0.137900
vt 0.436800 0.106600
vt 0.436800 0.106600
vt 0.436800 0.137900
vt 0.440700 0.137900
vt 0.440700 0.106600
vt 0.431600 0.018500
vt 0.427700 0.018500
vt 0.427700 0.014600
vt 0.431600 0.014600
vt 0.443400 0.018500
vt 0.439400 0.018500
vt 0.439400 0.014600
vt 0.443400 0.014600
vt 0.416000 0.014600
vt 0.400400 0.014600
vt 0.419900 0.014600
vt 0.423800 0.014600
vt 0.451200 0.014600
vt 0.455100 0.018500
vt 0.451200 0.018500
vt 0.455100 0.014600
vt 0.459000 0.014600
vt 0.466800 0.014600
vt 0.466800 0.014600
vt 0.470700 0.014600
vt 0.466800 0.018500
vt 0.466800 0.018500
vt 0.478500 0.014600
vt 0.482400 0.014600
vt 0.478500 0.018500
vt 0.478500 0.018500
vt 0.470700 0.014600
vt 0.490200 0.014600
vt 0.494100 0.014600
vt 0.498000 0.014600
vt 0.501900 0.014600
vt 0.505900 0.014600
vt 0.505900 0.014600
vt 0.517600 0.014600
vt 0.521500 0.014600
vt 0.494100 0.018500
vt 0.490200 0.018500
vt 0.425000 0.106600
vt 0.425000 0.137900
vt 0.421100 0.106600
vt 0.421100 0.137900
vt 0.409400 0.137900
vt 0.409400 0.106600
vt 0.397700 0.137900
vt 0.397700 0.106600
vt 0.397700 0.106600
vt 0.397700 0.137900
vt 0.452400 0.106600
vt 0.452400 0.137900
vt 0.505900 0.002800
vt 0.521500 0.002800
vt 0.521500 0.002800
vt 0.521500 0.014600
vt 0.521500 0.041900
vt 0.521500 0.045800
vt 0.521500 0.061400
vt 0.521500 0.065300
vt 0.521500 0.092700
vt 0.521500 0.092700
vt 0.521500 0.092700
vt 0.505900 0.092700
vt 0.498000 0.073200
vt 0.498000 0.077100
vt 0.509800 0.077100
vt 0.509800 0.077100
vt 0.494100 0.073200
vt 0.494100 0.077100
vt 0.459000 0.073200
vt 0.459000 0.077100
vt 0.459000 0.073200
vt 0.459000 0.077100
vt 0.447300 0.073200
vt 0.447300 0.077100
vt 0.443400 0.077100
vt 0.443400 0.077100
vt 0.412100 0.077100
vt 0.412100 0.077100
vt 0.509800 0.077100
vt 0.509800 0.077100
vt 0.517800 0.155700
vt 0.513900 0.155700
vt 0.513900 0.140100
vt 0.517800 0.140100
vt 0.521700 0.155700
vt 0.521700 0.140100
vt 0.537300 0.155700
vt 0.537300 0.140100
vt 0.530700 0.125500
vt 0.530700 0.145100
vt 0.530700 0.156800
vt 0.530700 0.141200
vt 0.417200 0.157400
vt 0.413300 0.157400
vt 0.413300 0.188700
vt 0.417200 0.188700
vt 0.421100 0.157400
vt 0.421100 0.188700
vt 0.409400 0.188700
vt 0.397700 0.157400
vt 0.397700 0.188700
vt 0.409400 0.157400
vt 0.397700 0.157400
vt 0.397700 0.188700
vt 0.429000 0.188700
vt 0.429000 0.157400
vt 0.425000 0.157400
vt 0.425000 0.188700
vt 0.425000 0.157400
vt 0.425000 0.188700
vt 0.440700 0.157400
vt 0.440700 0.188700
vt 0.448500 0.188700
vt 0.448500 0.157400
vt 0.440700 0.157400
vt 0.440700 0.188700
vt 0.436800 0.157400
vt 0.436800 0.188700
vt 0.436800 0.188700
vt 0.436800 0.157400
vt 0.452400 0.157400
vt 0.452400 0.188700
vt 0.452400 0.157400
vt 0.452400 0.188700
vt 0.191700 0.554100
vt 0.191100 0.528600
vt 0.175900 0.538500
vt 0.191700 0.565500
vt 0.175900 0.581100
vt 0.191100 0.591000
vt 0.065300 0.537900
vt 0.065300 0.581600
vt 0.069100 0.591200
vt 0.032700 0.627300
vt 0.191000 0.627300
vt 0.191000 0.492300
vt 0.032700 0.492300
vt 0.069100 0.528300
vt 0.005000 0.537900
vt 0.005000 0.581600
vt 0.012600 0.593000
vt 0.061800 0.593000
vt 0.061800 0.526600
vt 0.012600 0.526600
vt 0.194600 0.551800
vt 0.228500 0.528900
vt 0.209200 0.551800
vt 0.228500 0.590700
vt 0.209200 0.567800
vt 0.194600 0.567800
vt 0.769500 0.484400
vt 0.769500 0.488300
vt 0.742200 0.488300
vt 0.742200 0.484400
vt 0.769500 0.503900
vt 0.742200 0.503900
vt 0.769500 0.523400
vt 0.742200 0.523400
vt 0.769500 0.445300
vt 0.769500 0.464800
vt 0.742200 0.464800
vt 0.742200 0.445300
vt 0.769500 0.468700
vt 0.742200 0.468700
vt 0.960800 0.366900
vt 0.985600 0.366900
vt 0.988600 0.370100
vt 0.988500 0.385100
vt 0.996400 0.385100
vt 0.996400 0.370100
vt 0.950100 0.370100
vt 0.950000 0.385100
vt 0.957800 0.385100
vt 0.957900 0.370100
vt 0.985600 0.388200
vt 0.960800 0.388300
vt 0.960800 0.395700
vt 0.985600 0.395600
vt 0.982400 0.373400
vt 0.964100 0.373400
vt 0.964100 0.381800
vt 0.982400 0.381800
vt 0.957100 0.360500
vt 0.959100 0.360500
vt 0.954400 0.360400
vt 0.957100 0.360500
vt 0.952200 0.360400
vt 0.954400 0.360400
vt 0.949200 0.360400
vt 0.950800 0.360400
vt 0.954300 0.368200
vt 0.952300 0.368200
vt 0.949200 0.368100
vt 0.950800 0.368100
vt 0.956900 0.368200
vt 0.959100 0.368200
vt 0.956900 0.368200
vt 0.954300 0.368200
vt 0.944600 0.405800
vt 0.944600 0.413800
vt 0.946500 0.413800
vt 0.946500 0.405800
vt 0.936200 0.403800
vt 0.934700 0.402600
vt 0.932400 0.405300
vt 0.933800 0.406600
vt 0.955000 0.403800
vt 0.957300 0.406600
vt 0.944600 0.405800
vt 0.944600 0.413800
vt 0.946500 0.413800
vt 0.946500 0.405800
vt 0.936200 0.403800
vt 0.934700 0.402600
vt 0.932400 0.405300
vt 0.933800 0.406600
vt 0.955000 0.403800
vt 0.957300 0.406600
vt 0.275400 0.472700
vt 0.280200 0.471600
vt 0.265100 0.394500
vt 0.235700 0.485100
vt 0.233100 0.520500
vt 0.235700 0.520500
vt 0.235700 0.394500
vt 0.264100 0.122500
vt 0.338000 0.122500
vt 0.338000 0.034400
vt 0.263900 0.034000
vt 0.363400 0.122500
vt 0.363400 0.034400
vt 0.338000 0.013500
vt 0.264100 0.013500
vt 0.236600 0.033300
vt 0.263900 0.034000
vt 0.263700 0.010800
vt 0.236600 0.010800
vt 0.238700 0.103900
vt 0.264100 0.103900
vt 0.238700 0.034400
vt 0.140300 0.317900
vt 0.140700 0.316500
vt 0.156000 0.393700
vt 0.155400 0.395000
vt 0.160900 0.392600
vt 0.161200 0.394300
vt 0.145800 0.315500
vt 0.116400 0.441600
vt 0.113800 0.441600
vt 0.116400 0.406100
vt 0.153400 0.413600
vt 0.151000 0.414000
vt 0.133300 0.319400
vt 0.150100 0.395800
vt 0.116400 0.315500
vt 0.130200 0.302800
vt 0.132500 0.302400
vt 0.135300 0.317300
vt 0.212500 0.227900
vt 0.212500 0.230700
vt 0.274700 0.230700
vt 0.274700 0.227900
vt 0.274700 0.264900
vt 0.212500 0.264900
vt 0.212500 0.268200
vt 0.274700 0.267800
vt 0.212400 0.278100
vt 0.233400 0.278100
vt 0.233400 0.268600
vt 0.212500 0.284900
vt 0.212500 0.287800
vt 0.274700 0.287800
vt 0.274700 0.284900
vt 0.274700 0.322000
vt 0.212500 0.322000
vt 0.212500 0.325200
vt 0.274700 0.324800
vt 0.212400 0.335100
vt 0.233400 0.335100
vt 0.233400 0.325600
vt 0.212500 0.345200
vt 0.212500 0.348000
vt 0.274700 0.348000
vt 0.274700 0.345200
vt 0.274700 0.367900
vt 0.212500 0.367900
vt 0.212500 0.371100
vt 0.274700 0.370700
vt 0.212400 0.378200
vt 0.233400 0.378200
vt 0.233400 0.371500
vt 0.280600 0.473300
vt 0.350200 0.337700
vt 0.349000 0.445500
vt 0.343600 0.338100
vt 0.342500 0.445900
vt 0.399800 0.289900
vt 0.409900 0.290500
vt 0.289200 0.187300
vt 0.287400 0.311500
vt 0.279900 0.187400
vt 0.279900 0.311600
vt 0.984700 0.728900
vt 0.984700 0.734600
vt 0.928500 0.734400
vt 0.928500 0.728900
vt 0.921600 0.754000
vt 0.921700 0.735600
vt 0.921600 0.754000
vt 0.921700 0.735600
vt 0.917800 0.751300
vt 0.917800 0.738300
vt 0.916100 0.744800
vt 0.984300 0.702700
vt 0.869200 0.702700
vt 0.868000 0.703900
vt 0.985100 0.703900
vt 0.984700 0.721900
vt 0.928500 0.721900
vt 0.984700 0.714900
vt 0.928500 0.714900
vt 0.983600 0.700600
vt 0.884200 0.700500
vt 0.884200 0.700500
vt 0.983600 0.700600
vt 0.983500 0.697800
vt 0.945200 0.696900
vt 0.945200 0.696900
vt 0.983500 0.697800
vt 0.984700 0.709400
vt 0.928500 0.709200
vt 0.945200 0.696900
vt 0.901600 0.696900
vt 0.901600 0.698100
vt 0.945200 0.696900
vt 0.869200 0.705100
vt 0.983900 0.705400
vt 0.985100 0.703900
vt 0.868000 0.703900
vt 0.984800 0.706900
vt 0.944800 0.705800
vt 0.943500 0.706900
vt 0.984700 0.753600
vt 0.984700 0.736400
vt 0.924600 0.736400
vt 0.924600 0.753600
vt 0.984700 0.734600
vt 0.928500 0.734400
vt 0.902900 0.706900
vt 0.941600 0.706900
vt 0.942800 0.705700
vt 0.901600 0.705700
vt 0.928500 0.709200
vt 0.984700 0.709400
vt 0.983600 0.700600
vt 0.884200 0.700500
vt 0.884100 0.698700
vt 0.983500 0.697800
vt 0.984900 0.696000
vt 0.984900 0.694400
vt 0.984900 0.692700
vt 0.984900 0.691100
vt 0.984800 0.688900
vt 0.890900 0.675600
vt 0.890900 0.674100
vt 0.886900 0.674100
vt 0.886900 0.675600
vt 0.891100 0.677100
vt 0.886600 0.676900
vt 0.890900 0.672600
vt 0.886900 0.672600
vt 0.891200 0.681200
vt 0.891100 0.679900
vt 0.886900 0.680000
vt 0.886900 0.681500
vt 0.891100 0.678500
vt 0.886900 0.678500
vt 0.916900 0.681900
vt 0.984800 0.688900
vt 0.984800 0.686900
vt 0.919200 0.686800
vt 0.919400 0.688500
vt 0.984800 0.685200
vt 0.919400 0.685200
vt 0.984800 0.683600
vt 0.919400 0.683600
vt 0.984800 0.681500
vt 0.919500 0.681700
vt 0.898000 0.675600
vt 0.898000 0.674100
vt 0.894000 0.674100
vt 0.894000 0.675600
vt 0.898200 0.677100
vt 0.893700 0.677100
vt 0.898000 0.672600
vt 0.894000 0.672600
vt 0.898200 0.681200
vt 0.898200 0.679900
vt 0.893600 0.681100
vt 0.893600 0.681100
vt 0.898200 0.678500
vt 0.893800 0.678500
vt 0.883600 0.681500
vt 0.873700 0.679500
vt 0.874000 0.681000
vt 0.883400 0.675200
vt 0.874000 0.675200
vt 0.024700 0.250800
vt 0.188900 0.380200
vt 0.196900 0.380200
vt 0.204900 0.380200
vt 0.165000 0.380200
vt 0.165000 0.376500
vt 0.204900 0.376500
vt 0.196900 0.376500
vt 0.173000 0.380200
vt 0.173000 0.376500
vt 0.181000 0.380200
vt 0.188900 0.376500
vt 0.181000 0.376500
vt 0.310700 0.584200
vt 0.304600 0.584200
vt 0.304700 0.585400
vt 0.309300 0.585400
vt 0.309300 0.597600
vt 0.310800 0.598800
vt 0.304600 0.598800
vt 0.304700 0.597600
vt 0.310200 0.580500
vt 0.305600 0.580500
vt 0.305600 0.581700
vt 0.311700 0.581700
vt 0.311700 0.567000
vt 0.310200 0.568200
vt 0.305600 0.568200
vt 0.305500 0.567000
vt 0.331100 0.640400
vt 0.335700 0.640400
vt 0.335700 0.531700
vt 0.331100 0.531700
vt 0.318200 0.640500
vt 0.318200 0.531800
vt 0.312600 0.640400
vt 0.312600 0.531700
vt 0.296100 0.640300
vt 0.302600 0.640300
vt 0.302200 0.531600
vt 0.296100 0.531600
vt 0.336900 0.640400
vt 0.336900 0.531700
vt 0.281300 0.531600
vt 0.281300 0.640300
vt 0.303300 0.562800
vt 0.302600 0.640300
vt 0.390900 0.729200
vt 0.397000 0.721000
vt 0.397000 0.708200
vt 0.389100 0.734600
vt 0.390900 0.734600
vt 0.389100 0.710000
vt 0.380200 0.710000
vt 0.380200 0.708200
vt 0.370100 0.748500
vt 0.387400 0.748500
vt 0.387400 0.722700
vt 0.370100 0.722700
vt 0.397000 0.731300
vt 0.415100 0.731300
vt 0.387400 0.712900
vt 0.370100 0.712900
vt 0.397000 0.736700
vt 0.415100 0.736700
vt 0.387400 0.711000
vt 0.370100 0.711000
vt 0.370100 0.750500
vt 0.387400 0.750500
vt 0.424900 0.721600
vt 0.436700 0.721600
vt 0.436700 0.711100
vt 0.424900 0.711100
vt 0.115600 0.236300
vt 0.115600 0.249100
vt 0.120000 0.249100
vt 0.120000 0.236300
vt 0.091000 0.231900
vt 0.091000 0.236300
vt 0.115600 0.231900
vt 0.526800 0.720700
vt 0.528400 0.720700
vt 0.528400 0.718100
vt 0.528400 0.729400
vt 0.525200 0.729400
vt 0.525200 0.720700
vt 0.525200 0.718100
vt 0.525200 0.686000
vt 0.528400 0.686000
vt 0.525200 0.678800
vt 0.528400 0.678800
vt 0.525200 0.670700
vt 0.528400 0.670700
vt 0.525200 0.666300
vt 0.528400 0.666300
vt 0.523600 0.664600
vt 0.528400 0.664600
vt 0.523600 0.729400
vt 0.523600 0.720700
vt 0.523600 0.718100
vt 0.523600 0.686000
vt 0.523600 0.678800
vt 0.523600 0.670700
vt 0.523600 0.666300
vt 0.530100 0.729400
vt 0.530100 0.720700
vt 0.530100 0.718100
vt 0.530100 0.686000
vt 0.530100 0.678800
vt 0.530100 0.670700
vt 0.530100 0.666300
vt 0.520300 0.664600
vt 0.520300 0.666300
vt 0.520300 0.670700
vt 0.520300 0.678800
vt 0.520300 0.686000
vt 0.520300 0.718100
vt 0.522000 0.720700
vt 0.520300 0.720700
vt 0.520300 0.729400
vt 0.517000 0.729400
vt 0.517000 0.720700
vt 0.517000 0.718100
vt 0.517000 0.686000
vt 0.517000 0.678800
vt 0.517000 0.670700
vt 0.517000 0.666300
vt 0.501100 0.720700
vt 0.499500 0.729400
vt 0.499500 0.720700
vt 0.499500 0.718100
vt 0.499500 0.686000
vt 0.499500 0.678800
vt 0.499500 0.670700
vt 0.499500 0.666300
vt 0.497900 0.664600
vt 0.497900 0.729400
vt 0.497900 0.720700
vt 0.497900 0.718100
vt 0.497900 0.686000
vt 0.497900 0.678800
vt 0.497900 0.670700
vt 0.497900 0.666300
vt 0.494600 0.718100
vt 0.494600 0.720700
vt 0.496200 0.720700
vt 0.494600 0.729400
vt 0.494600 0.686000
vt 0.494600 0.678800
vt 0.494600 0.670700
vt 0.494600 0.666300
vt 0.494600 0.664600
vt 0.351100 0.583800
vt 0.351000 0.586100
vt 0.351100 0.583800
vt 0.351100 0.582100
vt 0.507300 0.739100
vt 0.516900 0.739000
vt 0.516900 0.731900
vt 0.507300 0.731900
vt 0.346700 0.640500
vt 0.346700 0.591300
vt 0.346700 0.586700
vt 0.346600 0.582100
vt 0.494700 0.739100
vt 0.504300 0.739000
vt 0.504300 0.731900
vt 0.494700 0.731900
vt 0.083700 0.197500
vt 0.093600 0.197500
vt 0.093500 0.195000
vt 0.083800 0.187500
vt 0.099000 0.197500
vt 0.089600 0.206400
vt 0.101100 0.206400
vt 0.392300 0.692900
vt 0.403900 0.692900
vt 0.403900 0.687500
vt 0.392300 0.687500
vt 0.382700 0.671700
vt 0.371100 0.671700
vt 0.371100 0.681500
vt 0.382700 0.681500
vt 0.392300 0.677200
vt 0.371100 0.704600
vt 0.382700 0.704600
vt 0.392300 0.667000
vt 0.386300 0.685300
vt 0.384400 0.690700
vt 0.386300 0.690700
vt 0.384400 0.668800
vt 0.375500 0.668800
vt 0.375500 0.667000
vt 0.089400 0.183400
vt 0.099000 0.195000
vt 0.100900 0.183300
vt 0.520400 0.739100
vt 0.530000 0.739000
vt 0.530000 0.731900
vt 0.520400 0.731900
vt 0.413600 0.680400
vt 0.420300 0.680400
vt 0.420500 0.669400
vt 0.413600 0.669900
vt 0.371100 0.706600
vt 0.382700 0.706600
vt 0.382700 0.669800
vt 0.371100 0.669800
vt 0.108200 0.197300
vt 0.108000 0.187300
vt 0.091000 0.249100
vt 0.091000 0.253500
vt 0.115600 0.253500
vt 0.086500 0.249100
vt 0.086500 0.236300
vt 0.879400 0.756500
vt 0.879400 0.766800
vt 0.850000 0.766800
vt 0.850000 0.756500
vt 0.352300 0.685900
vt 0.352300 0.682200
vt 0.282600 0.705900
vt 0.236600 0.705900
vt 0.258500 0.673400
vt 0.258500 0.671400
vt 0.236600 0.671500
vt 0.236600 0.673400
vt 0.352300 0.682200
vt 0.258500 0.673400
vt 0.278200 0.673300
vt 0.278200 0.673300
vt 0.352300 0.672800
vt 0.236600 0.670000
vt 0.258500 0.670000
vt 0.258500 0.671400
vt 0.278200 0.671400
vt 0.278200 0.670000
vt 0.352300 0.670000
vt 0.293900 0.705300
vt 0.352300 0.705300
vt 0.278200 0.671400
vt 0.352300 0.671500
vt 0.294200 0.646100
vt 0.294200 0.647400
vt 0.295700 0.647400
vt 0.295700 0.646100
vt 0.872300 0.120500
vt 0.867100 0.120500
vt 0.879700 0.006700
vt 0.883900 0.114100
vt 0.877100 0.120500
vt 0.896500 0.009300
vt 0.901100 0.009300
vt 0.901100 0.115300
vt 0.896500 0.115300
vt 0.867200 0.003400
vt 0.862600 0.003400
vt 0.891900 0.115300
vt 0.887800 0.115300
vt 0.098700 0.823700
vt 0.048600 0.685600
vt 0.528200 0.516800
vt 0.578300 0.654900
vt 0.194700 0.101300
vt 0.147400 0.962200
vt 0.627000 0.793400
vt 0.674300 0.932500
vt 0.998300 0.547600
vt 0.478000 0.378800
vt 0.242100 0.240300
vt 0.721700 0.071500
vt 0.290900 0.378800
vt 0.770500 0.210000
vt 0.401200 0.276400
vt 0.407400 0.279300
vt 0.407300 0.214300
vt 0.401100 0.211200
vt 0.415400 0.279000
vt 0.414300 0.214000
vt 0.948000 0.030400
vt 0.948100 0.017100
vt 0.939500 0.017100
vt 0.939500 0.030400
vt 0.999100 0.015000
vt 0.999100 0.001900
vt 0.985400 0.001900
vt 0.985400 0.015000
vt 0.956600 0.030400
vt 0.956600 0.017100
vt 0.965000 0.030400
vt 0.965100 0.017100
vt 0.971700 0.001900
vt 0.971700 0.015000
vt 0.973500 0.030400
vt 0.973600 0.017200
vt 0.982000 0.030400
vt 0.982100 0.017200
vt 0.958000 0.001900
vt 0.958000 0.015000
vt 0.990600 0.030400
vt 0.990600 0.017200
vt 0.999100 0.030400
vt 0.999100 0.017200
vt 0.944200 0.001900
vt 0.944200 0.015000
vt 0.931000 0.017100
vt 0.931000 0.030400
vt 0.930500 0.001900
vt 0.930500 0.015000
vt 0.916800 0.001900
vt 0.916800 0.015000
vt 0.903000 0.001900
vt 0.903000 0.015000
vt 0.127800 0.746400
vt 0.124400 0.711700
vt 0.124400 0.746400
vt 0.127700 0.711700
vt 0.127700 0.698600
vt 0.545800 0.207400
vt 0.545800 0.254200
vt 0.549700 0.254200
vt 0.549700 0.207400
vt 0.561400 0.207400
vt 0.561400 0.254200
vt 0.565300 0.254200
vt 0.565300 0.207400
vt 0.538000 0.191700
vt 0.530200 0.191700
vt 0.530200 0.199600
vt 0.530200 0.203500
vt 0.538000 0.203500
vt 0.541900 0.203500
vt 0.545800 0.199600
vt 0.541900 0.191700
vt 0.541900 0.207400
vt 0.541900 0.254200
vt 0.530200 0.207400
vt 0.530200 0.254200
vt 0.534100 0.254200
vt 0.534100 0.207400
vt 0.553600 0.207400
vt 0.553600 0.254200
vt 0.538000 0.254200
vt 0.538000 0.207400
vt 0.182300 0.649400
vt 0.210500 0.639900
vt 0.211700 0.637200
vt 0.211700 0.642600
vt 0.208400 0.649300
vt 0.214300 0.648500
vt 0.214300 0.643700
vt 0.220200 0.646000
vt 0.216900 0.642600
vt 0.222600 0.639900
vt 0.218000 0.639900
vt 0.220100 0.633800
vt 0.216900 0.637200
vt 0.214200 0.631300
vt 0.214300 0.636100
vt 0.208300 0.630500
vt 0.182300 0.630500
vt 0.084700 0.649500
vt 0.084700 0.630600
vt 0.765700 0.612100
vt 0.754500 0.536300
vt 0.765700 0.536600
vt 0.768500 0.538300
vt 0.769500 0.541600
vt 0.770600 0.574400
vt 0.769600 0.607100
vt 0.768500 0.610500
vt 0.754500 0.612500
vt 0.188200 0.689100
vt 0.216300 0.679700
vt 0.217900 0.677000
vt 0.217900 0.682400
vt 0.214700 0.689100
vt 0.220600 0.688300
vt 0.220600 0.683500
vt 0.226500 0.685800
vt 0.223200 0.682400
vt 0.228900 0.679700
vt 0.224300 0.679700
vt 0.226500 0.673600
vt 0.223200 0.677000
vt 0.220600 0.671100
vt 0.220600 0.675900
vt 0.214700 0.670300
vt 0.188200 0.670300
vt 0.018300 0.679700
vt 0.014100 0.688600
vt 0.014100 0.683500
vt 0.005500 0.679700
vt 0.010300 0.679700
vt 0.014100 0.670700
vt 0.014100 0.675900
vt 0.219000 0.654200
vt 0.226700 0.657100
vt 0.225300 0.652300
vt 0.220400 0.659000
vt 0.213100 0.655900
vt 0.214500 0.660700
vt 0.188100 0.668100
vt 0.187300 0.663100
vt 0.083200 0.665400
vt 0.069900 0.665700
vt 0.013900 0.665500
vt 0.072000 0.651300
vt 0.080400 0.651100
vt 0.420400 0.292900
vt 0.413500 0.291200
vt 0.059900 0.630700
vt 0.013400 0.640200
vt 0.009300 0.644000
vt 0.009200 0.636300
vt 0.009200 0.631500
vt 0.005400 0.640200
vt 0.000600 0.640200
vt 0.009300 0.648800
vt 0.059900 0.649500
vt 0.001200 0.665800
vt 0.001400 0.670800
vt 0.049300 0.658700
vt 0.049400 0.662700
vt 0.045200 0.662700
vt 0.045100 0.658600
vt 0.001200 0.693600
vt 0.013900 0.694000
vt 0.001400 0.688600
vt 0.053500 0.658700
vt 0.053600 0.662700
vt 0.188100 0.691300
vt 0.083200 0.694200
vt 0.187400 0.696300
vt 0.214500 0.698700
vt 0.213100 0.703500
vt 0.219000 0.705200
vt 0.220400 0.700400
vt 0.225400 0.707000
vt 0.226800 0.702300
vt 0.070000 0.693800
vt 0.080500 0.709500
vt 0.072100 0.709300
vt 0.057700 0.658700
vt 0.057800 0.662700
vt 0.062000 0.662700
vt 0.061900 0.658700
vt 0.049300 0.654700
vt 0.049300 0.658700
vt 0.047100 0.658300
vt 0.047200 0.654700
vt 0.051300 0.654700
vt 0.051300 0.658300
vt 0.053400 0.654700
vt 0.053500 0.658700
vt 0.055500 0.654700
vt 0.055600 0.658300
vt 0.057600 0.654700
vt 0.057700 0.658700
vt 0.059700 0.654700
vt 0.059700 0.658300
vt 0.061800 0.654700
vt 0.061900 0.658700
vt 0.045100 0.658600
vt 0.045100 0.654700
vt 0.232600 0.655400
vt 0.231200 0.650600
vt 0.231200 0.708800
vt 0.232600 0.704000
vt 0.076500 0.630700
vt 0.068100 0.630700
vt 0.068100 0.649500
vt 0.076500 0.649500
vt 0.208400 0.592700
vt 0.208400 0.626900
vt 0.215300 0.626900
vt 0.215300 0.592700
vt 0.220600 0.626900
vt 0.220600 0.592700
vt 0.226400 0.626100
vt 0.222500 0.630300
vt 0.226400 0.636300
vt 0.230400 0.632100
vt 0.203100 0.592700
vt 0.203100 0.626900
vt 0.196200 0.592700
vt 0.196200 0.626900
vt 0.143300 0.702300
vt 0.137500 0.702300
vt 0.133400 0.706400
vt 0.133400 0.712200
vt 0.137500 0.716300
vt 0.143300 0.716300
vt 0.147400 0.712200
vt 0.147400 0.706400
vt 0.195500 0.710000
vt 0.195500 0.721400
vt 0.200500 0.721400
vt 0.200500 0.710000
vt 0.205600 0.721400
vt 0.205500 0.710000
vt 0.210600 0.721400
vt 0.210600 0.710000
vt 0.215600 0.721400
vt 0.215700 0.710000
vt 0.220700 0.721400
vt 0.220700 0.710000
vt 0.225700 0.721400
vt 0.225700 0.710000
vt 0.230700 0.721400
vt 0.230700 0.710000
vt 0.235700 0.770900
vt 0.235700 0.759400
vt 0.230700 0.759400
vt 0.230700 0.770900
vt 0.225600 0.759400
vt 0.225600 0.770900
vt 0.220600 0.759400
vt 0.220600 0.770900
vt 0.215600 0.759400
vt 0.215600 0.770900
vt 0.210600 0.759400
vt 0.210600 0.770900
vt 0.205600 0.759400
vt 0.205700 0.770900
vt 0.200600 0.759400
vt 0.200600 0.770900
vt 0.195600 0.759400
vt 0.195600 0.770900
vt 0.235700 0.721400
vt 0.235700 0.710000
vt 0.137300 0.734800
vt 0.143200 0.734800
vt 0.147300 0.730700
vt 0.147300 0.724900
vt 0.143200 0.720800
vt 0.137300 0.720800
vt 0.133200 0.724900
vt 0.133200 0.730700
vt 0.175400 0.700700
vt 0.175400 0.742600
vt 0.178600 0.742600
vt 0.178600 0.700700
vt 0.159500 0.700800
vt 0.159500 0.742600
vt 0.162700 0.742600
vt 0.162700 0.700800
vt 0.172200 0.700700
vt 0.172200 0.742600
vt 0.156300 0.700800
vt 0.156300 0.742600
vt 0.165800 0.742600
vt 0.165800 0.700800
vt 0.169000 0.700700
vt 0.169000 0.742600
vt 0.153100 0.700800
vt 0.153100 0.742600
vt 0.044600 0.731300
vt 0.060000 0.731300
vt 0.054700 0.731300
vt 0.039200 0.727100
vt 0.010800 0.731300
vt 0.010800 0.727100
vt 0.039200 0.731300
vt 0.044600 0.727100
vt 0.054700 0.727100
vt 0.060000 0.727100
vt 0.088400 0.731300
vt 0.088400 0.727100
vt 0.060000 0.745200
vt 0.088500 0.742100
vt 0.088700 0.745200
vt 0.054700 0.742100
vt 0.039200 0.742100
vt 0.044600 0.742100
vt 0.010600 0.745200
vt 0.010700 0.742100
vt 0.039200 0.745200
vt 0.044600 0.745200
vt 0.054800 0.745200
vt 0.060000 0.742100
vt 0.091200 0.734200
vt 0.091200 0.739100
vt 0.007900 0.739100
vt 0.007900 0.734200
vt 0.010700 0.731300
vt 0.001700 0.745200
vt 0.001700 0.742100
vt 0.006400 0.742100
vt 0.006400 0.745200
vt 0.039200 0.714600
vt 0.007400 0.723700
vt 0.007400 0.718000
vt 0.010700 0.714600
vt 0.054700 0.714600
vt 0.044600 0.714600
vt 0.091700 0.718000
vt 0.091600 0.723700
vt 0.060000 0.714600
vt 0.088400 0.714600
vt 0.097600 0.742100
vt 0.097600 0.745200
vt 0.092900 0.745200
vt 0.092900 0.742100
vt 0.006800 0.731300
vt 0.006800 0.727100
vt 0.092300 0.727000
vt 0.092300 0.731300
vt 0.087400 0.769700
vt 0.081700 0.781500
vt 0.088000 0.781100
vt 0.080800 0.769600
vt 0.065400 0.780300
vt 0.075800 0.767800
vt 0.069100 0.768400
vt 0.064700 0.773600
vt 0.070400 0.784900
vt 0.077100 0.784100
vt 0.099700 0.764900
vt 0.099700 0.750000
vt 0.129000 0.769900
vt 0.124600 0.770200
vt 0.127100 0.772300
vt 0.127800 0.767700
vt 0.132100 0.769600
vt 0.132800 0.767200
vt 0.134500 0.771500
vt 0.136700 0.770300
vt 0.134800 0.774600
vt 0.137200 0.775300
vt 0.132900 0.776900
vt 0.134100 0.779200
vt 0.129900 0.777300
vt 0.129100 0.779700
vt 0.127500 0.775300
vt 0.125400 0.777900
vt 0.119900 0.778500
vt 0.119200 0.770300
vt 0.096200 0.780200
vt 0.095900 0.770200
vt 0.107300 0.764900
vt 0.107300 0.750000
vt 0.189600 0.778900
vt 0.191200 0.781600
vt 0.194800 0.776700
vt 0.186000 0.779500
vt 0.182900 0.777300
vt 0.182400 0.773700
vt 0.184600 0.770700
vt 0.184000 0.766700
vt 0.188300 0.770100
vt 0.189000 0.767100
vt 0.191300 0.772300
vt 0.193900 0.770700
vt 0.191800 0.775900
vt 0.137700 0.736600
vt 0.178500 0.762700
vt 0.154600 0.746500
vt 0.144200 0.740900
vt 0.035400 0.760800
vt 0.035400 0.767200
vt 0.032000 0.767200
vt 0.032000 0.760800
vt 0.015000 0.760800
vt 0.015000 0.767200
vt 0.011600 0.767200
vt 0.011600 0.760800
vt 0.034900 0.750200
vt 0.034900 0.756700
vt 0.031500 0.756700
vt 0.031500 0.750200
vt 0.028600 0.767200
vt 0.028600 0.760800
vt 0.014500 0.750200
vt 0.014500 0.756700
vt 0.011100 0.756700
vt 0.011100 0.750200
vt 0.028100 0.756700
vt 0.028100 0.750200
vt 0.016800 0.782900
vt 0.018400 0.786900
vt 0.025200 0.767200
vt 0.025200 0.760800
vt 0.017900 0.750200
vt 0.017900 0.756700
vt 0.024700 0.756700
vt 0.024700 0.750200
vt 0.021800 0.767200
vt 0.021800 0.760800
vt 0.018400 0.760800
vt 0.018400 0.767200
vt 0.021300 0.756700
vt 0.021300 0.750200
vt 0.192500 0.791200
vt 0.194100 0.787100
vt 0.007700 0.756700
vt 0.007700 0.750200
vt 0.008200 0.767200
vt 0.008200 0.760800
vt 0.049100 0.486900
vt 0.087500 0.487000
vt 0.090800 0.483900
vt 0.094300 0.473200
vt 0.103900 0.093400
vt 0.107800 0.093400
vt 0.111700 0.093400
vt 0.115600 0.093400
vt 0.115500 0.081700
vt 0.111600 0.081700
vt 0.111700 0.093400
vt 0.762500 0.322400
vt 0.759300 0.315100
vt 0.779300 0.309500
vt 0.857100 0.322400
vt 0.796500 0.300900
vt 0.814300 0.287800
vt 0.826500 0.269300
vt 0.814300 0.287800
vt 0.796800 0.300800
vt 0.779800 0.309200
vt 0.759300 0.315100
vt 0.759300 0.322400
vt 0.759300 0.322400
vt 0.759200 0.422200
vt 0.759200 0.422200
vt 0.819300 0.422200
vt 0.819300 0.422200
vt 0.818800 0.418500
vt 0.860800 0.322400
vt 0.762400 0.418400
vt 0.837700 0.232100
vt 0.837700 0.216800
vt 0.837700 0.216800
vt 0.860800 0.322400
vt 0.860900 0.216800
vt 0.860900 0.216800
vt 0.837700 0.232100
vt 0.834100 0.251300
vt 0.834100 0.251300
vt 0.826500 0.269500
vt 0.826500 0.269400
vt 0.834100 0.251200
vt 0.780700 0.828400
vt 0.771300 0.828400
vt 0.771300 0.803700
vt 0.780700 0.803700
vt 0.790100 0.828400
vt 0.790100 0.803700
vt 0.799500 0.828400
vt 0.799500 0.803700
vt 0.808900 0.828400
vt 0.808900 0.803700
vt 0.818300 0.828400
vt 0.818300 0.803700
vt 0.827700 0.828400
vt 0.827700 0.803700
vt 0.837100 0.828400
vt 0.837100 0.803700
vt 0.846500 0.828400
vt 0.846500 0.803700
vt 0.856000 0.828400
vt 0.856000 0.803700
vt 0.752400 0.828400
vt 0.742900 0.828400
vt 0.742900 0.803700
vt 0.752400 0.803700
vt 0.761900 0.828400
vt 0.761900 0.803700
vt 0.875400 0.816300
vt 0.875400 0.827800
vt 0.857600 0.827800
vt 0.857600 0.816300
vt 0.981500 0.816300
vt 0.981500 0.827800
vt 0.963700 0.827900
vt 0.963700 0.816300
vt 0.893200 0.816300
vt 0.893200 0.827900
vt 0.910800 0.816300
vt 0.910800 0.827900
vt 0.999300 0.816300
vt 0.999300 0.827800
vt 0.916900 0.849100
vt 0.917100 0.885300
vt 0.501000 0.869500
vt 0.501000 0.808900
vt 0.508500 0.808900
vt 0.508500 0.869700
vt 0.881200 0.885300
vt 0.881200 0.849000
vt 0.995800 0.848700
vt 0.995700 0.884900
vt 0.595700 0.903500
vt 0.534600 0.903500
vt 0.534800 0.895900
vt 0.595600 0.896000
vt 0.959900 0.884800
vt 0.959900 0.848600
vt 0.920800 0.885500
vt 0.920800 0.848000
vt 0.955900 0.848100
vt 0.955700 0.885500
vt 0.622100 0.869300
vt 0.622000 0.808800
vt 0.628800 0.808800
vt 0.630000 0.869400
vt 0.596000 0.782600
vt 0.535300 0.783000
vt 0.535300 0.776300
vt 0.595900 0.776300
vt 0.844200 0.885700
vt 0.844200 0.848200
vt 0.879000 0.848100
vt 0.879100 0.885600
vt 0.660900 0.659700
vt 0.644700 0.662500
vt 0.644700 0.666400
vt 0.660900 0.663700
vt 0.678100 0.660000
vt 0.678100 0.663800
vt 0.697000 0.660200
vt 0.697000 0.663900
vt 0.714000 0.660500
vt 0.714000 0.663900
vt 0.731200 0.660700
vt 0.731200 0.664000
vt 0.742000 0.664400
vt 0.742900 0.660700
vt 0.757500 0.665100
vt 0.759700 0.660700
vt 0.777400 0.665900
vt 0.780200 0.707100
vt 0.777500 0.707000
vt 0.527600 0.692800
vt 0.527600 0.703700
vt 0.529600 0.703900
vt 0.529500 0.693300
vt 0.530000 0.687900
vt 0.531800 0.689300
vt 0.558700 0.681800
vt 0.558000 0.685000
vt 0.576400 0.677200
vt 0.575800 0.680600
vt 0.593000 0.672800
vt 0.592700 0.676400
vt 0.608900 0.668600
vt 0.608800 0.672400
vt 0.627200 0.665500
vt 0.627100 0.669400
vt 0.556200 0.690800
vt 0.537400 0.690600
vt 0.537300 0.693700
vt 0.608700 0.680500
vt 0.627100 0.677300
vt 0.592100 0.683700
vt 0.575000 0.687100
vt 0.537100 0.704000
vt 0.556100 0.693800
vt 0.574400 0.690200
vt 0.591500 0.686900
vt 0.696900 0.674400
vt 0.696900 0.704900
vt 0.714000 0.704800
vt 0.678000 0.674500
vt 0.678000 0.704900
vt 0.660900 0.674500
vt 0.660900 0.705000
vt 0.643500 0.677500
vt 0.643500 0.704900
vt 0.626900 0.680400
vt 0.626800 0.704800
vt 0.608200 0.683600
vt 0.608100 0.704700
vt 0.591400 0.704600
vt 0.574300 0.704400
vt 0.556000 0.704200
vt 0.770700 0.704400
vt 0.731200 0.671700
vt 0.743300 0.671700
vt 0.758800 0.671600
vt 0.770700 0.671500
vt 0.767800 0.674000
vt 0.768300 0.704700
vt 0.758800 0.674100
vt 0.759100 0.704700
vt 0.743200 0.674200
vt 0.743300 0.704700
vt 0.731200 0.674300
vt 0.731200 0.704800
vt 0.714000 0.674300
vt 0.714200 0.671700
vt 0.697000 0.671600
vt 0.677900 0.671600
vt 0.660900 0.671500
vt 0.643700 0.674500
vt 0.704300 0.721300
vt 0.722900 0.709000
vt 0.724000 0.711300
vt 0.706000 0.723500
vt 0.686900 0.734800
vt 0.687600 0.738500
vt 0.554400 0.747400
vt 0.545300 0.740100
vt 0.542900 0.731200
vt 0.567200 0.757600
vt 0.576800 0.765400
vt 0.589700 0.712200
vt 0.592800 0.769400
vt 0.608900 0.773500
vt 0.626800 0.778000
vt 0.642500 0.782000
vt 0.658500 0.778800
vt 0.673900 0.775700
vt 0.691200 0.772300
vt 0.699800 0.760200
vt 0.708800 0.747600
vt 0.717100 0.735900
vt 0.724800 0.715300
vt 0.590600 0.708900
vt 0.542800 0.727500
vt 0.481000 0.572300
vt 0.481000 0.572300
vt 0.478600 0.572200
vt 0.447200 0.572200
vt 0.444800 0.572300
vt 0.444800 0.572300
vt 0.433400 0.572200
vt 0.433400 0.572200
vt 0.480500 0.597900
vt 0.480900 0.615600
vt 0.478300 0.615600
vt 0.450400 0.615600
vt 0.480900 0.615600
vt 0.488200 0.597900
vt 0.448300 0.597900
vt 0.447900 0.615600
vt 0.447900 0.615600
vt 0.440600 0.597900
vt 0.478600 0.579200
vt 0.447200 0.579200
vt 0.444800 0.579200
vt 0.436700 0.579200
vt 0.568300 0.339800
vt 0.561100 0.333000
vt 0.564000 0.333300
vt 0.546100 0.337000
vt 0.546100 0.333000
vt 0.527600 0.334800
vt 0.527800 0.333000
vt 0.510600 0.333000
vt 0.510400 0.334800
vt 0.495400 0.334900
vt 0.495500 0.333000
vt 0.478600 0.333000
vt 0.478700 0.334800
vt 0.462700 0.334700
vt 0.462700 0.333000
vt 0.449000 0.333000
vt 0.449500 0.337000
vt 0.430800 0.340200
vt 0.562700 0.287000
vt 0.567400 0.294200
vt 0.546100 0.294200
vt 0.546100 0.287000
vt 0.527800 0.294200
vt 0.527800 0.287000
vt 0.510600 0.287000
vt 0.510500 0.294200
vt 0.495600 0.294200
vt 0.495600 0.287000
vt 0.478800 0.287000
vt 0.479200 0.294200
vt 0.462700 0.294200
vt 0.462700 0.287000
vt 0.449400 0.287000
vt 0.449600 0.294200
vt 0.436700 0.287000
vt 0.431500 0.294200
vt 0.430900 0.328900
vt 0.430900 0.297900
vt 0.568600 0.258200
vt 0.568800 0.295900
vt 0.545900 0.295900
vt 0.527800 0.295900
vt 0.510500 0.295900
vt 0.495600 0.295900
vt 0.479200 0.295900
vt 0.462700 0.295900
vt 0.449800 0.295900
vt 0.510600 0.259500
vt 0.510600 0.259500
vt 0.527800 0.259500
vt 0.495600 0.259500
vt 0.495600 0.259500
vt 0.478800 0.259500
vt 0.478800 0.259500
vt 0.462700 0.259500
vt 0.462700 0.259500
vt 0.449100 0.259500
vt 0.449300 0.259000
vt 0.431500 0.259500
vt 0.430300 0.258200
vt 0.527800 0.259500
vt 0.436700 0.260200
vt 0.449400 0.259900
vt 0.462700 0.259500
vt 0.478800 0.259500
vt 0.495600 0.259500
vt 0.510600 0.259500
vt 0.546400 0.258900
vt 0.449000 0.304900
vt 0.449500 0.301800
vt 0.462800 0.301800
vt 0.462800 0.304900
vt 0.478700 0.304900
vt 0.495600 0.304900
vt 0.510600 0.301800
vt 0.510700 0.304900
vt 0.527900 0.304900
vt 0.546200 0.304900
vt 0.561100 0.304900
vt 0.564000 0.301800
vt 0.569000 0.333000
vt 0.546100 0.301800
vt 0.527900 0.301800
vt 0.495600 0.301800
vt 0.478800 0.301800
vt 0.435900 0.330200
vt 0.435900 0.305000
vt 0.567400 0.259500
vt 0.562700 0.260200
vt 0.546600 0.259500
vt 0.546100 0.259900
vt 0.527800 0.259500
vt 0.527800 0.259500
vt 0.510600 0.259500
vt 0.510600 0.259500
vt 0.495600 0.259500
vt 0.495600 0.259500
vt 0.478800 0.259500
vt 0.478800 0.259500
vt 0.462700 0.259500
vt 0.449300 0.259000
vt 0.430300 0.258200
vt 0.527800 0.259500
vt 0.462700 0.259500
vt 0.478800 0.259500
vt 0.495600 0.259500
vt 0.510600 0.259500
vt 0.546400 0.258900
vt 0.568600 0.258200
vt 0.568800 0.295900
vt 0.545900 0.295900
vt 0.527800 0.295900
vt 0.510500 0.295900
vt 0.495600 0.295900
vt 0.479200 0.295900
vt 0.462700 0.295900
vt 0.449800 0.295900
vt 0.430100 0.295900
vt 0.430900 0.328900
vt 0.430100 0.330300
vt 0.430900 0.297900
vt 0.449000 0.304900
vt 0.437100 0.304900
vt 0.449500 0.301800
vt 0.436400 0.301800
vt 0.462800 0.301800
vt 0.462800 0.304900
vt 0.478700 0.304900
vt 0.495600 0.304900
vt 0.510700 0.304900
vt 0.527900 0.304900
vt 0.546200 0.304900
vt 0.561100 0.304900
vt 0.564000 0.301800
vt 0.569000 0.333000
vt 0.546100 0.301800
vt 0.527900 0.301800
vt 0.510600 0.301800
vt 0.495600 0.301800
vt 0.478800 0.301800
vt 0.435900 0.330200
vt 0.435900 0.305000
vt 0.537300 0.693700
vt 0.537100 0.704000
vt 0.556100 0.693800
vt 0.556000 0.704200
vt 0.574300 0.704400
vt 0.574400 0.690200
vt 0.591400 0.704600
vt 0.591500 0.686900
vt 0.608100 0.704700
vt 0.608200 0.683600
vt 0.626800 0.704800
vt 0.626900 0.680400
vt 0.643500 0.704900
vt 0.643500 0.677500
vt 0.660900 0.705000
vt 0.660900 0.674500
vt 0.678000 0.704900
vt 0.678000 0.674500
vt 0.537400 0.690600
vt 0.556200 0.690800
vt 0.575000 0.687100
vt 0.592100 0.683700
vt 0.608700 0.680500
vt 0.660900 0.671500
vt 0.677900 0.671600
vt 0.643700 0.674500
vt 0.627100 0.677300
vt 0.697000 0.671600
vt 0.696900 0.674400
vt 0.696900 0.704900
vt 0.714000 0.704800
vt 0.714000 0.674300
vt 0.714200 0.671700
vt 0.731200 0.671700
vt 0.743300 0.671700
vt 0.758800 0.671600
vt 0.770700 0.671500
vt 0.770700 0.704400
vt 0.731200 0.674300
vt 0.743200 0.674200
vt 0.758800 0.674100
vt 0.767800 0.674000
vt 0.768300 0.704700
vt 0.759100 0.704700
vt 0.743300 0.704700
vt 0.731200 0.704800
vt 0.810000 0.975900
vt 0.786300 0.975900
vt 0.786300 0.978800
vt 0.810000 0.978800
vt 0.833800 0.975900
vt 0.833800 0.978800
vt 0.857500 0.975900
vt 0.857500 0.978800
vt 0.881200 0.975900
vt 0.881200 0.978800
vt 0.904900 0.975900
vt 0.904900 0.978800
vt 0.928600 0.975900
vt 0.928600 0.978800
vt 0.952300 0.975900
vt 0.952300 0.978800
vt 0.976100 0.975900
vt 0.976100 0.978800
vt 0.999800 0.975900
vt 0.999800 0.978800
vt 0.738800 0.975900
vt 0.715100 0.975900
vt 0.715100 0.978800
vt 0.738800 0.978800
vt 0.762600 0.975900
vt 0.762600 0.978800
vt 0.590900 0.928900
vt 0.573800 0.911800
vt 0.568000 0.921900
vt 0.580800 0.934700
vt 0.597100 0.952200
vt 0.585500 0.952200
vt 0.590800 0.975500
vt 0.580800 0.969700
vt 0.573700 0.992500
vt 0.568000 0.982500
vt 0.550300 0.998700
vt 0.550400 0.987100
vt 0.527000 0.992500
vt 0.532900 0.982500
vt 0.509900 0.975400
vt 0.520100 0.969700
vt 0.503700 0.952100
vt 0.515400 0.952200
vt 0.510000 0.928800
vt 0.520100 0.934700
vt 0.527100 0.911700
vt 0.532900 0.921900
vt 0.550500 0.905500
vt 0.550400 0.917300
vt 0.809900 0.957600
vt 0.786200 0.957600
vt 0.786200 0.973300
vt 0.809900 0.973300
vt 0.833600 0.957600
vt 0.833600 0.973300
vt 0.857300 0.957600
vt 0.857300 0.973400
vt 0.880900 0.957600
vt 0.880900 0.973300
vt 0.904600 0.957600
vt 0.904600 0.973300
vt 0.928300 0.957600
vt 0.928300 0.973300
vt 0.952000 0.957600
vt 0.952000 0.973300
vt 0.975700 0.957600
vt 0.975700 0.973300
vt 0.999500 0.973300
vt 0.999500 0.957600
vt 0.715000 0.957600
vt 0.715000 0.973300
vt 0.738800 0.973300
vt 0.738800 0.957600
vt 0.762500 0.957600
vt 0.762500 0.973300
vt 0.895700 0.934000
vt 0.883500 0.949800
vt 0.935400 0.949800
vt 0.923200 0.934000
vt 0.715100 0.999800
vt 0.738800 0.999800
vt 0.762600 0.984300
vt 0.738800 0.983900
vt 0.738800 0.994500
vt 0.762600 0.994600
vt 0.762600 0.999800
vt 0.786300 0.999800
vt 0.810000 0.999800
vt 0.857500 0.999800
vt 0.881200 0.999800
vt 0.881200 0.994500
vt 0.881200 0.983900
vt 0.833800 0.983900
vt 0.833800 0.994500
vt 0.833800 0.999800
vt 0.810000 0.994500
vt 0.810000 0.983900
vt 0.904900 0.983900
vt 0.928600 0.999800
vt 0.904900 0.994500
vt 0.904900 0.999800
vt 0.952300 0.983900
vt 0.976100 0.983900
vt 0.952300 0.994500
vt 0.952300 0.999800
vt 0.976100 0.994500
vt 0.976100 0.999800
vt 0.999800 0.999800
vt 0.885900 0.926400
vt 0.873700 0.942200
vt 0.765400 0.908800
vt 0.794900 0.909100
vt 0.808300 0.891700
vt 0.752300 0.891700
vt 0.741300 0.900300
vt 0.754500 0.917300
vt 0.727100 0.954500
vt 0.746900 0.946100
vt 0.772800 0.925600
vt 0.760100 0.942300
vt 0.945200 0.942200
vt 0.933000 0.926400
vt 0.958400 0.892100
vt 0.940100 0.899800
vt 0.805500 0.917300
vt 0.818600 0.900300
vt 0.922000 0.921100
vt 0.933800 0.905700
vt 0.582000 0.798500
vt 0.565200 0.795200
vt 0.548300 0.798400
vt 0.534100 0.808100
vt 0.524600 0.822400
vt 0.521200 0.839200
vt 0.524500 0.856000
vt 0.534100 0.870200
vt 0.548300 0.879900
vt 0.565200 0.883100
vt 0.582100 0.879900
vt 0.596400 0.870300
vt 0.605900 0.856000
vt 0.609200 0.839200
vt 0.605900 0.822300
vt 0.596200 0.808200
vt 0.712700 0.814200
vt 0.687400 0.803800
vt 0.662200 0.814200
vt 0.651800 0.839300
vt 0.662200 0.864500
vt 0.687400 0.874900
vt 0.712700 0.864500
vt 0.723100 0.839300
vt 0.928500 0.827900
vt 0.946100 0.827900
vt 0.946100 0.816300
vt 0.937300 0.816200
vt 0.928500 0.816200
vt 0.875400 0.816300
vt 0.857600 0.816300
vt 0.857600 0.827800
vt 0.875400 0.827800
vt 0.981500 0.816300
vt 0.963700 0.816300
vt 0.963700 0.827900
vt 0.981500 0.827800
vt 0.893200 0.827900
vt 0.893200 0.816300
vt 0.910800 0.827900
vt 0.910800 0.816300
vt 0.999300 0.816300
vt 0.999300 0.827800
vt 0.896700 0.852000
vt 0.903500 0.852100
vt 0.907200 0.840800
vt 0.893000 0.840800
vt 0.894200 0.852000
vt 0.903600 0.882300
vt 0.917100 0.885300
vt 0.916900 0.849100
vt 0.501000 0.869500
vt 0.501000 0.808900
vt 0.896700 0.882300
vt 0.894200 0.882300
vt 0.893000 0.893500
vt 0.907200 0.893500
vt 0.881200 0.849000
vt 0.881200 0.885300
vt 0.982300 0.851600
vt 0.986000 0.840400
vt 0.971800 0.840400
vt 0.982300 0.881800
vt 0.995700 0.884900
vt 0.995800 0.848700
vt 0.595700 0.903500
vt 0.534600 0.903500
vt 0.971800 0.893100
vt 0.986000 0.893100
vt 0.959900 0.848600
vt 0.959900 0.884800
vt 0.931800 0.893100
vt 0.946600 0.893100
vt 0.920800 0.848000
vt 0.920800 0.885500
vt 0.895700 0.934000
vt 0.923200 0.934000
vt 0.935400 0.949800
vt 0.883500 0.949800
vt 0.835400 0.941800
vt 0.825100 0.949800
vt 0.812200 0.933300
vt 0.822500 0.925200
vt 0.738800 0.999800
vt 0.715100 0.999800
vt 0.786300 0.999800
vt 0.762600 0.994600
vt 0.762600 0.984300
vt 0.762600 0.999800
vt 0.738800 0.994500
vt 0.738800 0.983900
vt 0.810000 0.999800
vt 0.857500 0.999800
vt 0.881200 0.983900
vt 0.881200 0.994500
vt 0.881200 0.999800
vt 0.833800 0.994500
vt 0.833800 0.983900
vt 0.833800 0.999800
vt 0.810000 0.994500
vt 0.810000 0.983900
vt 0.904900 0.983900
vt 0.928600 0.999800
vt 0.904900 0.994500
vt 0.904900 0.999800
vt 0.952300 0.999800
vt 0.999800 0.999800
vt 0.976100 0.994500
vt 0.976100 0.983900
vt 0.976100 0.999800
vt 0.952300 0.994500
vt 0.952300 0.983900
vt 0.873700 0.942200
vt 0.885900 0.926400
vt 0.765400 0.908800
vt 0.752300 0.891700
vt 0.808300 0.891700
vt 0.794900 0.909100
vt 0.864100 0.905600
vt 0.873700 0.898200
vt 0.885500 0.913600
vt 0.875900 0.921000
vt 0.741300 0.900300
vt 0.754500 0.917300
vt 0.746900 0.946100
vt 0.727100 0.954500
vt 0.770500 0.950200
vt 0.760100 0.942300
vt 0.772800 0.925600
vt 0.783200 0.933500
vt 0.945200 0.942200
vt 0.933000 0.926400
vt 0.940100 0.899800
vt 0.958400 0.892100
vt 0.818600 0.900300
vt 0.805500 0.917300
vt 0.924300 0.898300
vt 0.933800 0.905700
vt 0.922000 0.921100
vt 0.912400 0.913700
vt 0.829700 0.897100
vt 0.849000 0.888800
vt 0.869000 0.947000
vt 0.851100 0.954500
vt 0.807700 0.870700
vt 0.815300 0.870700
vt 0.815300 0.887700
vt 0.807700 0.887700
vt 0.800100 0.870700
vt 0.800100 0.887700
vt 0.792600 0.870700
vt 0.792600 0.887700
vt 0.785000 0.870700
vt 0.785000 0.887700
vt 0.777400 0.870700
vt 0.777400 0.887700
vt 0.769900 0.870700
vt 0.769900 0.887700
vt 0.762300 0.870700
vt 0.762300 0.887700
vt 0.754600 0.870700
vt 0.754600 0.887700
vt 0.747000 0.870700
vt 0.747000 0.887700
vt 0.830500 0.870700
vt 0.838100 0.870700
vt 0.838100 0.887700
vt 0.830500 0.887700
vt 0.822900 0.870700
vt 0.822900 0.887700
vt 0.819700 0.833300
vt 0.811300 0.835400
vt 0.805200 0.841400
vt 0.802900 0.849700
vt 0.805100 0.858000
vt 0.811100 0.864100
vt 0.819400 0.866400
vt 0.827700 0.864200
vt 0.833800 0.858200
vt 0.836100 0.850000
vt 0.834000 0.841700
vt 0.827900 0.835600
vt 0.032100 0.314300
vt 0.032100 0.350300
vt 0.032100 0.442000
vt 0.032100 0.222600
vt 0.032100 0.350300
vt 0.032100 0.314300
vt 0.032100 0.222600
vt 0.032100 0.186700
vt 0.111700 0.093400
vt 0.115500 0.081700
vt 0.107800 0.093400
vt 0.103900 0.093400
vt 0.441200 0.659100
vt 0.370700 0.659000
vt 0.488300 0.251700
vt 0.482700 0.251700
vt 0.189600 0.778900
vt 0.194800 0.776700
vt 0.191200 0.781600
vt 0.186000 0.779500
vt 0.182900 0.777300
vt 0.182400 0.773700
vt 0.184600 0.770700
vt 0.184000 0.766700
vt 0.188300 0.770100
vt 0.189000 0.767100
vt 0.191300 0.772300
vt 0.193900 0.770700
vt 0.191800 0.775900
vt 0.144200 0.740900
vt 0.137700 0.736600
vt 0.154600 0.746500
vt 0.178500 0.762700
vt 0.298800 0.647400
vt 0.297500 0.647700
vt 0.297500 0.647700
vt 0.298800 0.647400
vt 0.668300 0.095900
vt 0.757700 0.002400
vt 0.846400 0.104600
vt 0.847100 0.095600
vt 0.854300 0.002000
vt 0.661100 0.002400
vt 0.755000 0.752600
vt 0.755000 0.752600
vt 0.826500 0.269500
vt 0.826500 0.269300
vt 0.834100 0.251200
vt 0.834100 0.251300
vt 0.837700 0.232100
vt 0.837700 0.232100
vt 0.834100 0.251300
vt 0.826500 0.269400
vt 0.814300 0.287800
vt 0.779300 0.309500
vt 0.762500 0.322400
vt 0.857100 0.322400
vt 0.796500 0.300900
vt 0.814300 0.287800
vt 0.860900 0.216800
vt 0.860900 0.216800
vt 0.837700 0.216800
vt 0.837700 0.216800
vt 0.796800 0.300800
vt 0.779800 0.309200
vt 0.759300 0.315100
vt 0.759300 0.315100
vt 0.115600 0.093400
vt 0.111700 0.093400
vt 0.115600 0.093400
vt 0.107800 0.093400
vt 0.103900 0.093400
vt 0.370700 0.643600
vt 0.356100 0.659000
vt 0.356100 0.643600
vt 0.361500 0.636700
vt 0.365300 0.636700
vt 0.426600 0.659100
vt 0.426600 0.643700
vt 0.432000 0.636800
vt 0.436100 0.639200
vt 0.441200 0.643700
vt 0.850000 0.770800
vt 0.879400 0.770800
vt 0.875200 0.770800
vt 0.996500 0.123100
vt 0.915600 0.123100
vt 0.915600 0.205200
vt 0.963700 0.205200
vt 0.909600 0.122800
vt 0.847200 0.122800
vt 0.853200 0.203600
vt 0.909700 0.203500
vt 0.680500 0.427300
vt 0.687700 0.418100
vt 0.754800 0.418100
vt 0.680000 0.418100
vt 0.680700 0.322300
vt 0.758100 0.314300
vt 0.754700 0.322400
vt 0.758100 0.322400
vt 0.757900 0.423400
vt 0.820100 0.423500
vt 0.866900 0.322400
vt 0.862000 0.322400
vt 0.862000 0.215300
vt 0.836500 0.215300
vt 0.836500 0.231800
vt 0.833700 0.251200
vt 0.825800 0.269000
vt 0.832900 0.251000
vt 0.825400 0.268800
vt 0.813300 0.286900
vt 0.866900 0.213500
vt 0.796000 0.299800
vt 0.779200 0.308200
vt 0.882900 0.424700
vt 0.965300 0.425200
vt 0.874700 0.434700
vt 0.875900 0.329900
vt 0.965800 0.322600
vt 0.875800 0.312600
vt 0.905800 0.312900
vt 0.965600 0.213700
vt 0.905500 0.232300
vt 0.875600 0.232000
vt 0.965800 0.330300
vt 0.996500 0.123100
vt 0.963700 0.205200
vt 0.915600 0.205200
vt 0.915600 0.123100
vt 0.909600 0.122800
vt 0.909700 0.203500
vt 0.853200 0.203600
vt 0.847200 0.122800
vt 0.752900 0.204200
vt 0.827200 0.204300
vt 0.833900 0.118800
vt 0.752900 0.118700
vt 0.678600 0.204000
vt 0.671900 0.118500
vt 0.059700 0.334900
vt 0.063200 0.399900
vt 0.063200 0.334900
vt 0.059700 0.399900
vt 0.063200 0.334900
vt 0.059700 0.334900
vt 0.063200 0.167800
vt 0.063200 0.249900
vt 0.059700 0.249900
vt 0.059700 0.167800
vt 0.063200 0.249900
vt 0.059700 0.249900
vt 0.067900 0.289500
vt 0.067900 0.360800
vt 0.065100 0.360900
vt 0.065100 0.289500
vt 0.067900 0.399600
vt 0.065100 0.399700
vt 0.067900 0.158000
vt 0.067900 0.224300
vt 0.065100 0.224300
vt 0.065100 0.158000
vt 0.072600 0.279400
vt 0.072600 0.349900
vt 0.069600 0.349900
vt 0.069600 0.279400
vt 0.072600 0.399300
vt 0.069600 0.399300
vt 0.072600 0.154200
vt 0.072600 0.224900
vt 0.069600 0.224700
vt 0.069600 0.153800
vt 0.032100 0.186700
vt 0.854200 0.770900
vt 0.850000 0.770800
vt 0.850000 0.766800
vt 0.879400 0.766800
vt 0.879400 0.770800
vt 0.196000 0.444900
vt 0.100400 0.444900
vt 0.100400 0.489800
vt 0.196000 0.489800
vt 0.196000 0.444900
vt 0.100400 0.444900
vt 0.673800 0.322300
vt 0.673500 0.213400
vt 0.860800 0.322400
vt 0.860800 0.322400
vt 0.819300 0.422200
vt 0.819300 0.422200
vt 0.759200 0.422200
vt 0.759200 0.422200
vt 0.759300 0.322400
vt 0.759300 0.322400
vt 0.762500 0.418400
vt 0.818800 0.418500
vt 0.983700 0.473100
vt 0.983700 0.615400
vt 0.980500 0.616500
vt 0.980500 0.473300
vt 0.984300 0.461300
vt 0.980500 0.460900
vt 0.984100 0.451300
vt 0.980400 0.450900
vt 0.984500 0.444200
vt 0.980200 0.443300
vt 0.980200 0.443300
vt 0.891100 0.651200
vt 0.941500 0.651200
vt 0.990900 0.778500
vt 0.841700 0.778500
vt 0.841800 0.662500
vt 0.990800 0.662500
vt 0.861900 0.656800
vt 0.861900 0.651200
vt 0.836600 0.651200
vt 0.833900 0.653900
vt 0.833800 0.796800
vt 0.836600 0.799200
vt 0.887000 0.799200
vt 0.945600 0.799200
vt 0.996000 0.799200
vt 0.998800 0.796800
vt 0.998700 0.653900
vt 0.996000 0.651200
vt 0.970700 0.651200
vt 0.862100 0.215300
vt 0.866900 0.322400
vt 0.866900 0.213500
vt 0.825900 0.427400
vt 0.862100 0.322400
vt 0.758100 0.314300
vt 0.758000 0.423400
vt 0.758100 0.322400
vt 0.754800 0.322400
vt 0.754800 0.418100
vt 0.687700 0.418100
vt 0.820200 0.423500
vt 0.680700 0.322300
vt 0.680000 0.418100
vt 0.875900 0.329900
vt 0.905800 0.312800
vt 0.875800 0.312500
vt 0.875600 0.232000
vt 0.905500 0.232300
vt 0.882900 0.424700
vt 0.965300 0.434900
vt 0.065100 0.289500
vt 0.065100 0.360900
vt 0.067900 0.360800
vt 0.067900 0.289500
vt 0.065100 0.399700
vt 0.067900 0.399600
vt 0.065100 0.158000
vt 0.065100 0.224300
vt 0.067900 0.224300
vt 0.067900 0.158000
vt 0.069600 0.279400
vt 0.069600 0.349900
vt 0.072600 0.349900
vt 0.072600 0.279400
vt 0.069600 0.399300
vt 0.072600 0.399300
vt 0.069600 0.153800
vt 0.069600 0.224700
vt 0.072600 0.224900
vt 0.072600 0.154200
vt 0.032100 0.442000
vt 0.833700 0.251200
vt 0.836500 0.231800
vt 0.836500 0.215300
vt 0.862000 0.215300
vt 0.832900 0.251000
vt 0.825800 0.269000
vt 0.813300 0.286900
vt 0.796000 0.299800
vt 0.779200 0.308200
vt 0.825400 0.268800
vt 0.107800 0.093400
vt 0.103800 0.081700
vt 0.107700 0.081700
vt 0.111700 0.093400
vt 0.111600 0.081700
vt 0.115600 0.093400
vt 0.981900 0.182000
vt 0.989900 0.182000
vt 0.989900 0.213100
vt 0.981900 0.213100
vt 0.981900 0.166400
vt 0.989900 0.166400
vt 0.989900 0.174200
vt 0.981900 0.174200
vt 0.850000 0.756500
vt 0.845900 0.766800
vt 0.844300 0.756500
vt 0.885100 0.756500
vt 0.883400 0.766800
vt 0.879400 0.756500
vt 0.822900 0.622000
vt 0.822900 0.634200
vt 0.793100 0.634100
vt 0.793100 0.621000
vt 0.852300 0.619100
vt 0.852300 0.622000
vt 0.857200 0.622000
vt 0.921200 0.619100
vt 0.916300 0.622100
vt 0.921200 0.622100
vt 0.980400 0.621100
vt 0.950700 0.622100
vt 0.950600 0.634200
vt 0.980400 0.634300
vt 0.916300 0.634200
vt 0.857200 0.634200
vt 0.789800 0.615300
vt 0.777000 0.617000
vt 0.780400 0.450700
vt 0.785100 0.453400
vt 0.789200 0.461200
vt 0.789800 0.473000
vt 0.921200 0.615700
vt 0.852300 0.473700
vt 0.793100 0.616400
vt 0.793100 0.473200
vt 0.852300 0.615700
vt 0.921200 0.473800
vt 0.921200 0.461300
vt 0.921200 0.452500
vt 0.921100 0.446600
vt 0.921100 0.442700
vt 0.852400 0.446800
vt 0.852400 0.442900
vt 0.793300 0.443800
vt 0.793300 0.443800
vt 0.852300 0.452600
vt 0.793200 0.451100
vt 0.793100 0.460800
vt 0.852300 0.461300
vt 0.988400 0.453500
vt 0.993100 0.450800
vt 0.996600 0.617200
vt 0.181000 0.423900
vt 0.173000 0.423900
vt 0.173000 0.433400
vt 0.181000 0.433400
vt 0.789000 0.444700
vt 0.789400 0.451500
vt 0.885100 0.756500
vt 0.883400 0.766800
vt 0.196900 0.433400
vt 0.188900 0.433400
vt 0.196900 0.423900
vt 0.188900 0.423900
vt 0.165000 0.433400
vt 0.165000 0.423900
vt 0.789900 0.633800
vt 0.789900 0.620700
vt 0.788800 0.618700
vt 0.984700 0.618800
vt 0.983600 0.620800
vt 0.983600 0.633900
vt 0.844300 0.756500
vt 0.845900 0.766800
vt 0.362900 0.733800
vt 0.359000 0.733800
vt 0.359000 0.737700
vt 0.394100 0.733800
vt 0.204900 0.433400
vt 0.204900 0.423900
vt 0.084100 0.395800
vt 0.084100 0.395800
vt 0.084100 0.395800
vt 0.084100 0.395800
# num_vertices: 8396


g Object_default-grey.jpg

usemtl mat_0-default-grey.jpg

f 1/1 2/2 3/3
f 4/4 3/3 5/5
f 6/6 5/5 7/7
f 8/8 7/7 2/2
f 8394/8394 8395/8395 8396/8396
f 8393/8393 8394/8394 8396/8396
f 8394/8394 5/5 3/3
f 8395/8395 8394/8394 3/3
f 8395/8395 3/3 2/2
f 8396/8396 8395/8395 2/2
f 8393/8393 7/7 5/5
f 8394/8394 8393/8393 5/5
f 8396/8396 2/2 7/7
f 8393/8393 8396/8396 7/7

g Object_Tractor01.jpg

usemtl mat_1-Tractor01.jpg

f 9/9 10/10 11/11
f 12/12 13/13 14/14
f 15/15 16/16 17/17
f 18/18 19/19 20/20
f 20/20 21/21 22/22
f 22/22 23/23 18/18
f 24/24 25/25 26/26
f 27/27 28/28 29/29
f 27/27 29/29 30/30
f 31/31 32/32 33/33
f 31/31 34/34 32/32
f 35/35 36/36 37/37
f 35/35 37/37 38/38
f 39/39 40/40 41/41
f 42/42 43/43 44/44
f 45/45 46/46 47/47
f 48/48 49/49 50/50
f 51/51 52/52 53/53
f 54/54 55/55 56/56
f 57/57 58/58 59/59
f 57/57 59/59 60/60
f 61/61 62/62 63/63
f 61/61 63/63 64/64
f 65/65 66/66 67/67
f 68/68 65/65 67/67
f 68/68 67/67 69/69
f 68/68 69/69 70/70
f 71/71 72/72 73/73
f 73/73 74/74 75/75
f 76/76 60/60 59/59
f 75/75 76/76 77/77
f 73/73 75/75 77/77
f 78/78 79/79 80/80
f 71/71 73/73 77/77
f 71/71 77/77 81/81
f 82/82 83/83 84/84
f 84/84 85/85 86/86
f 86/86 87/87 88/88
f 89/89 90/90 91/91
f 89/89 91/91 92/92
f 93/93 94/94 95/95
f 93/93 95/95 96/96
f 84/84 86/86 88/88
f 87/87 97/97 88/88
f 83/83 98/98 84/84
f 84/84 88/88 99/99
f 78/78 80/80 100/100
f 101/101 102/102 103/103
f 104/104 105/105 106/106
f 107/107 104/104 106/106
f 107/107 106/106 108/108
f 109/109 110/110 111/111
f 112/112 109/109 111/111
f 112/112 111/111 113/113
f 112/112 113/113 114/114
f 115/115 116/116 117/117
f 118/118 115/115 117/117
f 22/22 18/18 20/20
f 118/118 117/117 119/119
f 118/118 119/119 120/120
f 121/121 122/122 123/123
f 124/124 125/125 126/126
f 124/124 126/126 127/127
f 128/128 129/129 93/93
f 128/128 93/93 94/94
f 130/130 131/131 132/132
f 89/89 132/132 91/91
f 133/133 134/134 135/135
f 136/136 133/133 135/135
f 137/137 136/136 135/135
f 138/138 135/135 139/139
f 138/138 137/137 135/135
f 138/138 139/139 140/140
f 138/138 140/140 141/141
f 138/138 141/141 142/142
f 143/143 144/144 145/145
f 146/146 147/147 148/148
f 149/149 150/150 151/151
f 126/126 149/149 151/151
f 126/126 151/151 124/124
f 37/37 35/35 152/152
f 37/37 152/152 153/153
f 37/37 153/153 154/154
f 63/63 155/155 156/156
f 63/63 156/156 157/157
f 61/61 63/63 157/157
f 158/158 159/159 160/160
f 161/161 158/158 160/160
f 162/162 163/163 164/164
f 165/165 166/166 167/167
f 132/132 92/92 91/91
f 165/165 167/167 168/168
f 126/126 127/127 149/149
f 169/169 170/170 171/171
f 172/172 169/169 171/171
f 162/162 164/164 173/173
f 174/174 175/175 176/176
f 177/177 178/178 179/179
f 174/174 176/176 180/180
f 181/181 182/182 183/183
f 181/181 184/184 182/182
f 181/181 183/183 185/185
f 181/181 185/185 186/186
f 187/187 182/182 184/184
f 187/187 188/188 182/182
f 188/188 187/187 189/189
f 188/188 189/189 190/190
f 191/191 192/192 193/193
f 194/194 179/179 192/192
f 177/177 195/195 196/196
f 177/177 196/196 179/179
f 197/197 198/198 199/199
f 195/195 200/200 177/177
f 179/179 178/178 194/194
f 191/191 192/192 194/194
f 86/86 85/85 87/87
f 85/85 201/201 86/86
f 202/202 203/203 204/204
f 202/202 204/204 205/205
f 202/202 205/205 206/206
f 202/202 206/206 207/207
f 208/208 209/209 210/210
f 211/211 208/208 210/210
f 211/211 210/210 212/212
f 213/213 211/211 212/212
f 213/213 212/212 214/214
f 215/215 213/213 214/214
f 215/215 214/214 209/209
f 208/208 215/215 209/209
f 216/216 217/217 218/218
f 216/216 218/218 219/219
f 216/216 219/219 220/220
f 216/216 220/220 221/221
f 222/222 223/223 224/224
f 222/222 224/224 225/225
f 222/222 225/225 226/226
f 222/222 226/226 227/227
f 222/222 227/227 228/228
f 222/222 228/228 229/229
f 222/222 229/229 230/230
f 222/222 230/230 231/231
f 219/219 218/218 232/232
f 219/219 232/232 233/233
f 219/219 233/233 234/234
f 219/219 234/234 235/235
f 236/236 237/237 238/238
f 236/236 238/238 239/239
f 236/236 239/239 240/240
f 236/236 240/240 241/241
f 236/236 241/241 242/242
f 236/236 242/242 243/243
f 244/244 245/245 246/246
f 244/244 246/246 247/247
f 244/244 247/247 248/248
f 244/244 248/248 249/249
f 244/244 249/249 250/250
f 244/244 250/250 251/251
f 252/252 253/253 254/254
f 255/255 252/252 254/254
f 255/255 254/254 256/256
f 257/257 255/255 256/256
f 257/257 256/256 258/258
f 259/259 257/257 258/258
f 259/259 258/258 260/260
f 261/261 259/259 260/260
f 261/261 260/260 262/262
f 263/263 261/261 262/262
f 263/263 262/262 264/264
f 265/265 263/263 264/264
f 265/265 264/264 266/266
f 267/267 265/265 266/266
f 267/267 266/266 253/253
f 252/252 267/267 253/253
f 134/134 133/133 136/136
f 134/134 136/136 268/268
f 268/268 136/136 137/137
f 268/268 137/137 269/269
f 270/270 271/271 272/272
f 273/273 274/274 275/275
f 273/273 275/275 270/270
f 276/276 273/273 270/270
f 270/270 277/277 276/276
f 270/270 272/272 277/277
f 272/272 278/278 277/277
f 279/279 280/280 281/281
f 279/279 281/281 282/282
f 279/279 282/282 283/283
f 279/279 283/283 284/284
f 285/285 286/286 213/213
f 285/285 213/213 215/215
f 285/285 215/215 287/287
f 285/285 287/287 288/288
f 289/289 290/290 291/291
f 291/291 290/290 292/292
f 291/291 292/292 293/293
f 294/294 293/293 292/292
f 294/294 295/295 293/293
f 296/296 297/297 298/298
f 296/296 298/298 299/299
f 299/299 298/298 300/300
f 299/299 300/300 301/301
f 302/302 296/296 299/299
f 302/302 299/299 303/303
f 303/303 299/299 301/301
f 303/303 301/301 304/304
f 305/305 306/306 307/307
f 305/305 307/307 308/308
f 308/308 307/307 309/309
f 308/308 309/309 310/310
f 311/311 312/312 313/313
f 311/311 313/313 314/314
f 314/314 313/313 315/315
f 314/314 315/315 316/316
f 306/306 317/317 318/318
f 306/306 318/318 307/307
f 307/307 318/318 319/319
f 307/307 319/319 309/309
f 320/320 311/311 314/314
f 320/320 314/314 321/321
f 321/321 314/314 316/316
f 321/321 316/316 322/322
f 317/317 323/323 324/324
f 317/317 324/324 318/318
f 318/318 324/324 325/325
f 318/318 325/325 319/319
f 326/326 327/327 328/328
f 326/326 328/328 329/329
f 326/326 329/329 330/330
f 326/326 330/330 331/331
f 326/326 331/331 332/332
f 326/326 332/332 333/333
f 326/326 333/333 334/334
f 326/326 334/334 335/335
f 323/323 336/336 337/337
f 323/323 337/337 324/324
f 324/324 337/337 338/338
f 324/324 338/338 325/325
f 339/339 340/340 341/341
f 339/339 341/341 342/342
f 339/339 342/342 343/343
f 339/339 343/343 344/344
f 310/310 309/309 345/345
f 310/310 345/345 346/346
f 346/346 345/345 347/347
f 346/346 347/347 348/348
f 348/348 347/347 349/349
f 348/348 349/349 350/350
f 350/350 349/349 351/351
f 350/350 351/351 352/352
f 352/352 351/351 353/353
f 352/352 353/353 354/354
f 309/309 319/319 355/355
f 309/309 355/355 345/345
f 345/345 355/355 356/356
f 345/345 356/356 347/347
f 347/347 356/356 357/357
f 347/347 357/357 349/349
f 349/349 357/357 358/358
f 349/349 358/358 351/351
f 351/351 358/358 359/359
f 351/351 359/359 353/353
f 322/322 316/316 360/360
f 322/322 360/360 361/361
f 361/361 360/360 362/362
f 361/361 362/362 363/363
f 364/364 363/363 362/362
f 364/364 362/362 365/365
f 364/364 365/365 366/366
f 364/364 366/366 367/367
f 367/367 366/366 368/368
f 367/367 368/368 369/369
f 369/369 368/368 370/370
f 369/369 370/370 371/371
f 372/372 320/320 321/321
f 372/372 321/321 373/373
f 373/373 321/321 322/322
f 373/373 322/322 374/374
f 374/374 322/322 361/361
f 374/374 361/361 375/375
f 375/375 361/361 363/363
f 375/375 363/363 376/376
f 377/377 376/376 363/363
f 377/377 363/363 364/364
f 377/377 364/364 367/367
f 377/377 367/367 378/378
f 378/378 367/367 369/369
f 378/378 369/369 379/379
f 379/379 369/369 371/371
f 379/379 371/371 380/380
f 381/381 372/372 373/373
f 381/381 373/373 382/382
f 382/382 373/373 374/374
f 382/382 374/374 383/383
f 383/383 374/374 375/375
f 383/383 375/375 384/384
f 384/384 375/375 376/376
f 384/384 376/376 385/385
f 386/386 385/385 376/376
f 386/386 376/376 377/377
f 386/386 377/377 378/378
f 386/386 378/378 387/387
f 387/387 378/378 379/379
f 387/387 379/379 388/388
f 388/388 379/379 380/380
f 388/388 380/380 389/389
f 319/319 325/325 390/390
f 319/319 390/390 355/355
f 355/355 390/390 391/391
f 355/355 391/391 356/356
f 356/356 391/391 392/392
f 356/356 392/392 357/357
f 357/357 392/392 393/393
f 357/357 393/393 358/358
f 358/358 393/393 394/394
f 358/358 394/394 359/359
f 301/301 300/300 395/395
f 301/301 395/395 396/396
f 396/396 395/395 397/397
f 396/396 397/397 398/398
f 399/399 398/398 397/397
f 399/399 397/397 400/400
f 399/399 400/400 401/401
f 399/399 401/401 402/402
f 402/402 401/401 403/403
f 402/402 403/403 404/404
f 404/404 403/403 405/405
f 404/404 405/405 406/406
f 325/325 338/338 407/407
f 325/325 407/407 390/390
f 390/390 407/407 408/408
f 390/390 408/408 391/391
f 391/391 408/408 409/409
f 391/391 409/409 392/392
f 392/392 409/409 410/410
f 392/392 410/410 393/393
f 393/393 410/410 411/411
f 393/393 411/411 394/394
f 304/304 301/301 396/396
f 304/304 396/396 412/412
f 412/412 396/396 398/398
f 412/412 398/398 413/413
f 414/414 413/413 398/398
f 414/414 398/398 399/399
f 414/414 399/399 402/402
f 414/414 402/402 415/415
f 415/415 402/402 404/404
f 415/415 404/404 416/416
f 416/416 404/404 406/406
f 416/416 406/406 417/417
f 418/418 419/419 420/420
f 418/418 420/420 421/421
f 421/421 420/420 422/422
f 421/421 422/422 423/423
f 423/423 422/422 424/424
f 423/423 424/424 425/425
f 426/426 427/427 428/428
f 427/427 426/426 429/429
f 427/427 429/429 430/430
f 431/431 430/430 429/429
f 431/431 429/429 432/432
f 431/431 432/432 433/433
f 431/431 433/433 434/434
f 435/435 434/434 433/433
f 433/433 9/9 435/435
f 435/435 9/9 436/436
f 435/435 436/436 437/437
f 419/419 438/438 439/439
f 419/419 439/439 420/420
f 420/420 439/439 440/440
f 420/420 440/440 422/422
f 441/441 442/442 443/443
f 441/441 443/443 444/444
f 441/441 444/444 445/445
f 441/441 445/445 446/446
f 441/441 446/446 447/447
f 448/448 449/449 450/450
f 448/448 450/450 451/451
f 451/451 450/450 452/452
f 451/451 452/452 453/453
f 454/454 455/455 456/456
f 455/455 454/454 457/457
f 455/455 457/457 458/458
f 459/459 458/458 457/457
f 459/459 457/457 460/460
f 459/459 460/460 461/461
f 459/459 461/461 462/462
f 462/462 461/461 463/463
f 462/462 463/463 10/10
f 10/10 463/463 464/464
f 10/10 464/464 465/465
f 439/439 451/451 453/453
f 439/439 453/453 440/440
f 440/440 453/453 466/466
f 440/440 466/466 467/467
f 468/468 469/469 470/470
f 468/468 470/470 471/471
f 468/468 471/471 472/472
f 473/473 474/474 475/475
f 473/473 475/475 476/476
f 473/473 476/476 477/477
f 473/473 477/477 478/478
f 473/473 478/478 479/479
f 9/9 11/11 436/436
f 11/11 465/465 436/436
f 10/10 465/465 11/11
f 480/480 481/481 482/482
f 480/480 482/482 483/483
f 483/483 482/482 484/484
f 483/483 484/484 485/485
f 486/486 487/487 488/488
f 486/486 488/488 489/489
f 489/489 490/490 486/486
f 489/489 491/491 490/490
f 492/492 490/490 491/491
f 492/492 493/493 490/490
f 494/494 495/495 496/496
f 494/494 496/496 497/497
f 497/497 496/496 498/498
f 497/497 498/498 499/499
f 500/500 501/501 502/502
f 503/503 500/500 502/502
f 504/504 505/505 506/506
f 507/507 504/504 506/506
f 508/508 509/509 510/510
f 511/511 508/508 510/510
f 512/512 513/513 514/514
f 512/512 515/515 513/513
f 513/513 515/515 516/516
f 513/513 516/516 517/517
f 518/518 519/519 520/520
f 518/518 520/520 521/521
f 518/518 521/521 522/522
f 523/523 524/524 525/525
f 523/523 525/525 526/526
f 523/523 526/526 527/527
f 523/523 527/527 528/528
f 523/523 528/528 529/529
f 523/523 529/529 530/530
f 531/531 532/532 533/533
f 531/531 533/533 534/534
f 534/534 533/533 535/535
f 534/534 535/535 536/536
f 536/536 535/535 537/537
f 536/536 537/537 538/538
f 538/538 537/537 539/539
f 538/538 539/539 540/540
f 541/541 542/542 543/543
f 541/541 543/543 544/544
f 544/544 543/543 545/545
f 544/544 545/545 546/546
f 546/546 545/545 547/547
f 546/546 547/547 539/539
f 548/548 539/539 547/547
f 548/548 540/540 539/539
f 549/549 540/540 548/548
f 549/549 550/550 540/540
f 551/551 550/550 549/549
f 551/551 552/552 550/550
f 553/553 552/552 551/551
f 553/553 554/554 552/552
f 555/555 556/556 557/557
f 555/555 557/557 558/558
f 555/555 558/558 559/559
f 560/560 561/561 562/562
f 563/563 564/564 565/565
f 563/563 565/565 566/566
f 563/563 566/566 567/567
f 568/568 569/569 570/570
f 571/571 572/572 573/573
f 571/571 573/573 574/574
f 571/571 574/574 575/575
f 571/571 575/575 576/576
f 571/571 576/576 577/577
f 571/571 577/577 578/578
f 571/571 578/578 579/579
f 571/571 579/579 580/580
f 581/581 582/582 583/583
f 581/581 583/583 584/584
f 584/584 583/583 585/585
f 584/584 585/585 586/586
f 582/582 587/587 588/588
f 582/582 588/588 583/583
f 583/583 588/588 589/589
f 583/583 589/589 585/585
f 590/590 591/591 592/592
f 590/590 592/592 593/593
f 590/590 593/593 594/594
f 590/590 594/594 595/595
f 596/596 597/597 598/598
f 596/596 598/598 599/599
f 599/599 598/598 600/600
f 599/599 600/600 601/601
f 602/602 581/581 584/584
f 602/602 584/584 603/603
f 603/603 584/584 586/586
f 603/603 586/586 604/604
f 605/605 606/606 607/607
f 605/605 607/607 608/608
f 605/605 608/608 609/609
f 605/605 609/609 610/610
f 611/611 612/612 613/613
f 611/611 613/613 614/614
f 614/614 613/613 615/615
f 614/614 615/615 616/616
f 617/617 618/618 619/619
f 620/620 621/621 622/622
f 620/620 622/622 617/617
f 617/617 623/623 620/620
f 617/617 619/619 623/623
f 623/623 619/619 624/624
f 619/619 625/625 624/624
f 618/618 625/625 619/619
f 626/626 627/627 628/628
f 629/629 630/630 631/631
f 629/629 631/631 626/626
f 626/626 632/632 629/629
f 626/626 628/628 632/632
f 632/632 628/628 633/633
f 628/628 634/634 633/633
f 627/627 634/634 628/628
f 635/635 636/636 637/637
f 635/635 637/637 638/638
f 638/638 637/637 639/639
f 638/638 639/639 640/640
f 641/641 642/642 643/643
f 641/641 644/644 642/642
f 644/644 645/645 642/642
f 644/644 646/646 645/645
f 646/646 647/647 645/645
f 646/646 648/648 647/647
f 648/648 649/649 647/647
f 648/648 650/650 649/649
f 650/650 651/651 649/649
f 650/650 652/652 651/651
f 652/652 653/653 651/651
f 652/652 654/654 653/653
f 654/654 655/655 653/653
f 654/654 656/656 655/655
f 656/656 643/643 655/655
f 656/656 641/641 643/643
f 641/641 656/656 657/657
f 641/641 657/657 658/658
f 597/597 635/635 638/638
f 597/597 638/638 598/598
f 598/598 638/638 640/640
f 598/598 640/640 600/600
f 659/659 660/660 661/661
f 659/659 662/662 660/660
f 662/662 663/663 660/660
f 662/662 664/664 663/663
f 664/664 665/665 663/663
f 664/664 666/666 665/665
f 666/666 667/667 665/665
f 666/666 668/668 667/667
f 668/668 669/669 667/667
f 668/668 670/670 669/669
f 670/670 671/671 669/669
f 670/670 672/672 671/671
f 672/672 673/673 671/671
f 672/672 674/674 673/673
f 674/674 661/661 673/673
f 674/674 659/659 661/661
f 659/659 674/674 675/675
f 659/659 675/675 676/676
f 677/677 678/678 679/679
f 677/677 679/679 680/680
f 681/681 677/677 680/680
f 681/681 682/682 677/677
f 683/683 684/684 685/685
f 683/683 685/685 686/686
f 683/683 686/686 687/687
f 683/683 687/687 688/688
f 683/683 688/688 689/689
f 683/683 689/689 690/690
f 691/691 692/692 693/693
f 694/694 693/693 692/692
f 694/694 692/692 681/681
f 682/682 681/681 692/692
f 682/682 692/692 695/695
f 691/691 695/695 692/692
f 691/691 696/696 695/695
f 691/691 697/697 696/696
f 698/698 696/696 697/697
f 698/698 699/699 696/696
f 682/682 696/696 699/699
f 698/698 682/682 699/699
f 698/698 700/700 682/682
f 700/700 698/698 701/701
f 700/700 701/701 702/702
f 682/682 695/695 696/696
f 703/703 704/704 705/705
f 706/706 703/703 705/705
f 707/707 708/708 709/709
f 707/707 709/709 710/710
f 707/707 710/710 711/711
f 707/707 711/711 712/712
f 707/707 712/712 713/713
f 707/707 713/713 714/714
f 715/715 716/716 717/717
f 715/715 717/717 718/718
f 718/718 717/717 719/719
f 718/718 719/719 720/720
f 26/26 720/720 719/719
f 26/26 719/719 721/721
f 721/721 24/24 26/26
f 721/721 722/722 24/24
f 721/721 723/723 722/722
f 723/723 721/721 724/724
f 723/723 724/724 725/725
f 726/726 727/727 728/728
f 726/726 728/728 729/729
f 726/726 729/729 730/730
f 731/731 732/732 733/733
f 731/731 733/733 734/734
f 734/734 735/735 731/731
f 734/734 736/736 735/735
f 736/736 737/737 735/735
f 736/736 738/738 737/737
f 737/737 738/738 739/739
f 737/737 739/739 740/740
f 740/740 741/741 737/737
f 741/741 740/740 742/742
f 742/742 743/743 741/741
f 743/743 742/742 732/732
f 744/744 743/743 732/732
f 732/732 731/731 744/744
f 731/731 745/745 744/744
f 731/731 746/746 745/745
f 746/746 747/747 745/745
f 746/746 748/748 747/747
f 746/746 749/749 748/748
f 746/746 750/750 749/749
f 751/751 749/749 750/750
f 751/751 750/750 741/741
f 751/751 741/741 752/752
f 743/743 752/752 741/741
f 753/753 754/754 755/755
f 753/753 755/755 756/756
f 753/753 756/756 757/757
f 758/758 759/759 760/760
f 758/758 760/760 761/761
f 758/758 761/761 762/762
f 758/758 762/762 763/763
f 758/758 763/763 764/764
f 758/758 764/764 765/765
f 766/766 767/767 768/768
f 766/766 769/769 767/767
f 769/769 770/770 767/767
f 769/769 771/771 770/770
f 772/772 770/770 771/771
f 772/772 773/773 770/770
f 774/774 773/773 772/772
f 774/774 775/775 773/773
f 775/775 774/774 776/776
f 775/775 776/776 777/777
f 777/777 776/776 778/778
f 777/777 778/778 779/779
f 780/780 781/781 782/782
f 780/780 782/782 783/783
f 783/783 782/782 784/784
f 783/783 784/784 785/785
f 786/786 787/787 788/788
f 786/786 788/788 789/789
f 786/786 789/789 790/790
f 786/786 790/790 791/791
f 792/792 793/793 794/794
f 792/792 794/794 795/795
f 792/792 795/795 796/796
f 792/792 796/796 797/797
f 798/798 799/799 800/800
f 798/798 800/800 801/801
f 798/798 801/801 802/802
f 798/798 802/802 803/803
f 798/798 803/803 804/804
f 798/798 804/804 805/805
f 798/798 805/805 806/806
f 798/798 806/806 807/807
f 798/798 807/807 808/808
f 798/798 808/808 809/809
f 798/798 809/809 810/810
f 811/811 812/812 813/813
f 811/811 813/813 814/814
f 811/811 814/814 815/815
f 811/811 815/815 816/816
f 817/817 818/818 819/819
f 817/817 819/819 820/820
f 817/817 820/820 821/821
f 817/817 821/821 822/822
f 823/823 824/824 825/825
f 826/826 827/827 823/823
f 825/825 826/826 823/823
f 825/825 828/828 826/826
f 829/829 830/830 831/831
f 829/829 831/831 832/832
f 832/832 831/831 833/833
f 832/832 833/833 834/834
f 834/834 833/833 835/835
f 834/834 835/835 836/836
f 836/836 835/835 548/548
f 836/836 548/548 547/547
f 837/837 838/838 839/839
f 837/837 840/840 838/838
f 838/838 840/840 841/841
f 838/838 841/841 842/842
f 843/843 844/844 845/845
f 843/843 845/845 846/846
f 843/843 846/846 847/847
f 843/843 847/847 848/848
f 849/849 850/850 851/851
f 849/849 851/851 852/852
f 849/849 852/852 853/853
f 849/849 853/853 854/854
f 849/849 854/854 855/855
f 849/849 855/855 856/856
f 857/857 858/858 859/859
f 857/857 860/860 858/858
f 858/858 860/860 861/861
f 858/858 861/861 862/862
f 863/863 864/864 865/865
f 863/863 865/865 866/866
f 863/863 866/866 867/867
f 863/863 867/867 868/868
f 863/863 868/868 869/869
f 863/863 869/869 870/870
f 871/871 872/872 873/873
f 874/874 871/871 873/873
f 874/874 873/873 875/875
f 876/876 874/874 875/875
f 876/876 875/875 877/877
f 878/878 876/876 877/877
f 878/878 877/877 879/879
f 880/880 878/878 879/879
f 880/880 879/879 881/881
f 882/882 880/880 881/881
f 882/882 881/881 883/883
f 884/884 882/882 883/883
f 884/884 883/883 885/885
f 886/886 884/884 885/885
f 886/886 885/885 872/872
f 871/871 886/886 872/872
f 859/859 887/887 888/888
f 859/859 858/858 887/887
f 887/887 858/858 862/862
f 887/887 862/862 889/889
f 890/890 891/891 892/892
f 890/890 892/892 893/893
f 890/890 893/893 894/894
f 890/890 894/894 895/895
f 896/896 897/897 898/898
f 896/896 898/898 899/899
f 896/896 899/899 900/900
f 896/896 900/900 901/901
f 896/896 901/901 902/902
f 896/896 902/902 903/903
f 904/904 905/905 906/906
f 907/907 904/904 906/906
f 907/907 906/906 908/908
f 909/909 907/907 908/908
f 909/909 908/908 910/910
f 911/911 909/909 910/910
f 911/911 910/910 912/912
f 913/913 911/911 912/912
f 913/913 912/912 914/914
f 915/915 913/913 914/914
f 915/915 914/914 916/916
f 917/917 915/915 916/916
f 917/917 916/916 918/918
f 919/919 917/917 918/918
f 919/919 918/918 905/905
f 904/904 919/919 905/905
f 920/920 921/921 922/922
f 923/923 920/920 922/922
f 923/923 922/922 924/924
f 925/925 923/923 924/924
f 925/925 924/924 926/926
f 927/927 925/925 926/926
f 927/927 926/926 928/928
f 929/929 927/927 928/928
f 929/929 928/928 930/930
f 931/931 929/929 930/930
f 931/931 930/930 932/932
f 933/933 931/931 932/932
f 933/933 932/932 934/934
f 935/935 933/933 934/934
f 935/935 934/934 921/921
f 920/920 935/935 921/921
f 211/211 936/936 937/937
f 938/938 208/208 211/211
f 937/937 938/938 211/211
f 937/937 939/939 938/938
f 940/940 941/941 942/942
f 940/940 942/942 943/943
f 940/940 943/943 944/944
f 940/940 944/944 945/945
f 946/946 947/947 948/948
f 946/946 948/948 949/949
f 946/946 949/949 950/950
f 943/943 942/942 951/951
f 943/943 951/951 952/952
f 943/943 952/952 953/953
f 943/943 953/953 954/954
f 955/955 956/956 957/957
f 958/958 955/955 957/957
f 958/958 959/959 955/955
f 957/957 960/960 958/958
f 961/961 962/962 963/963
f 961/961 963/963 964/964
f 961/961 964/964 965/965
f 966/966 967/967 968/968
f 966/966 968/968 969/969
f 966/966 969/969 970/970
f 971/971 972/972 973/973
f 971/971 973/973 974/974
f 971/971 974/974 975/975
f 27/27 976/976 977/977
f 27/27 977/977 28/28
f 978/978 979/979 980/980
f 978/978 980/980 981/981
f 978/978 981/981 982/982
f 32/32 983/983 984/984
f 32/32 985/985 983/983
f 34/34 985/985 32/32
f 977/977 986/986 987/987
f 977/977 987/987 988/988
f 977/977 988/988 989/989
f 977/977 989/989 28/28
f 990/990 991/991 127/127
f 990/990 127/127 126/126
f 990/990 126/126 992/992
f 990/990 992/992 970/970
f 990/990 970/970 969/969
f 990/990 969/969 993/993
f 994/994 995/995 996/996
f 995/995 994/994 997/997
f 995/995 997/997 998/998
f 998/998 997/997 999/999
f 998/998 999/999 1000/1000
f 1001/1001 1002/1002 1003/1003
f 1001/1001 1003/1003 1004/1004
f 1004/1004 1003/1003 1005/1005
f 1004/1004 1005/1005 1006/1006
f 1002/1002 1007/1007 1008/1008
f 1002/1002 1008/1008 1003/1003
f 1003/1003 1008/1008 1009/1009
f 1003/1003 1009/1009 1005/1005
f 1007/1007 1010/1010 1011/1011
f 1007/1007 1011/1011 1008/1008
f 1008/1008 1011/1011 1012/1012
f 1008/1008 1012/1012 1009/1009
f 1010/1010 1013/1013 1014/1014
f 1010/1010 1014/1014 1011/1011
f 1011/1011 1014/1014 1015/1015
f 1011/1011 1015/1015 1012/1012
f 1016/1016 1017/1017 1018/1018
f 1016/1016 1018/1018 1019/1019
f 1019/1019 1018/1018 1020/1020
f 1019/1019 1020/1020 1021/1021
f 1021/1021 1020/1020 1022/1022
f 1021/1021 1022/1022 1023/1023
f 1023/1023 1022/1022 1024/1024
f 1023/1023 1024/1024 1025/1025
f 1025/1025 1024/1024 1002/1002
f 1025/1025 1002/1002 1001/1001
f 1017/1017 1026/1026 1027/1027
f 1017/1017 1027/1027 1018/1018
f 1018/1018 1027/1027 1028/1028
f 1018/1018 1028/1028 1020/1020
f 1020/1020 1028/1028 1029/1029
f 1020/1020 1029/1029 1022/1022
f 1022/1022 1029/1029 1030/1030
f 1022/1022 1030/1030 1024/1024
f 1024/1024 1030/1030 1007/1007
f 1024/1024 1007/1007 1002/1002
f 1026/1026 1031/1031 1032/1032
f 1026/1026 1032/1032 1027/1027
f 1027/1027 1032/1032 1033/1033
f 1027/1027 1033/1033 1028/1028
f 1028/1028 1033/1033 1034/1034
f 1028/1028 1034/1034 1029/1029
f 1029/1029 1034/1034 1035/1035
f 1029/1029 1035/1035 1030/1030
f 1030/1030 1035/1035 1010/1010
f 1030/1030 1010/1010 1007/1007
f 1031/1031 1036/1036 1037/1037
f 1031/1031 1037/1037 1032/1032
f 1032/1032 1037/1037 1038/1038
f 1032/1032 1038/1038 1033/1033
f 1033/1033 1038/1038 1039/1039
f 1033/1033 1039/1039 1034/1034
f 1034/1034 1039/1039 1040/1040
f 1034/1034 1040/1040 1035/1035
f 1035/1035 1040/1040 1013/1013
f 1035/1035 1013/1013 1010/1010
f 1041/1041 1042/1042 1043/1043
f 1041/1041 1043/1043 1044/1044
f 1045/1045 1041/1041 1044/1044
f 1045/1045 1044/1044 1046/1046
f 1045/1045 1046/1046 1047/1047
f 1048/1048 1049/1049 1050/1050
f 1048/1048 1050/1050 1051/1051
f 1048/1048 1051/1051 1052/1052
f 1048/1048 1052/1052 1053/1053
f 1054/1054 1055/1055 1056/1056
f 1057/1057 1055/1055 1054/1054
f 1058/1058 1059/1059 1055/1055
f 1057/1057 1058/1058 1055/1055
f 1060/1060 1058/1058 1057/1057
f 1061/1061 1062/1062 1063/1063
f 1060/1060 1061/1061 1058/1058
f 1061/1061 1063/1063 1058/1058
f 1058/1058 1063/1063 1059/1059
f 1063/1063 1064/1064 1059/1059
f 1063/1063 1065/1065 1064/1064
f 1062/1062 1065/1065 1063/1063
f 1062/1062 1066/1066 1065/1065
f 1067/1067 1068/1068 1069/1069
f 1067/1067 1069/1069 1070/1070
f 1067/1067 1070/1070 1071/1071
f 1067/1067 1071/1071 1072/1072
f 1073/1073 1074/1074 1075/1075
f 1073/1073 1075/1075 1076/1076
f 1076/1076 1075/1075 1077/1077
f 1076/1076 1077/1077 1078/1078
f 1078/1078 1077/1077 1079/1079
f 1078/1078 1079/1079 1080/1080
f 1075/1075 1081/1081 1082/1082
f 1075/1075 1082/1082 1077/1077
f 1077/1077 1082/1082 1083/1083
f 1077/1077 1083/1083 1079/1079
f 1084/1084 1085/1085 1086/1086
f 1084/1084 1086/1086 1081/1081
f 1081/1081 1086/1086 1087/1087
f 1081/1081 1087/1087 1082/1082
f 1082/1082 1087/1087 1088/1088
f 1082/1082 1088/1088 1083/1083
f 1086/1086 1089/1089 1090/1090
f 1086/1086 1090/1090 1087/1087
f 1087/1087 1090/1090 1091/1091
f 1087/1087 1091/1091 1088/1088
f 1074/1074 1092/1092 1093/1093
f 1073/1073 1092/1092 1074/1074
f 1094/1094 1095/1095 1096/1096
f 1097/1097 1098/1098 1095/1095
f 1094/1094 1097/1097 1095/1095
f 1099/1099 1097/1097 1094/1094
f 1100/1100 1101/1101 1102/1102
f 1099/1099 1103/1103 1100/1100
f 1099/1099 1100/1100 1097/1097
f 1100/1100 1102/1102 1097/1097
f 1097/1097 1102/1102 1098/1098
f 1102/1102 1104/1104 1098/1098
f 1102/1102 1105/1105 1104/1104
f 1101/1101 1105/1105 1102/1102
f 1101/1101 1106/1106 1105/1105
f 1107/1107 1108/1108 1109/1109
f 1110/1110 1111/1111 1112/1112
f 1110/1110 1112/1112 1113/1113
f 1109/1109 1110/1110 1113/1113
f 1109/1109 1113/1113 1107/1107
f 1113/1113 1114/1114 1107/1107
f 1115/1115 1107/1107 1114/1114
f 1115/1115 1114/1114 1116/1116
f 1115/1115 1116/1116 1117/1117
f 1118/1118 1117/1117 1116/1116
f 1118/1118 1116/1116 1119/1119
f 1120/1120 1118/1118 1119/1119
f 1120/1120 1119/1119 1111/1111
f 1110/1110 1120/1120 1111/1111
f 1110/1110 1121/1121 1120/1120
f 1122/1122 1123/1123 1124/1124
f 1122/1122 1124/1124 1125/1125
f 1122/1122 1125/1125 1126/1126
f 1122/1122 1126/1126 1127/1127
f 1128/1128 1129/1129 1130/1130
f 1128/1128 1130/1130 1131/1131
f 1128/1128 1131/1131 1132/1132
f 1133/1133 1134/1134 1135/1135
f 1133/1133 1135/1135 1136/1136
f 1133/1133 1136/1136 1137/1137
f 1133/1133 1137/1137 1138/1138
f 1139/1139 1140/1140 1141/1141
f 1139/1139 1141/1141 1142/1142
f 1139/1139 1142/1142 1143/1143
f 1144/1144 1145/1145 1146/1146
f 1144/1144 1146/1146 1147/1147
f 1144/1144 1147/1147 1148/1148
f 1149/1149 1150/1150 1151/1151
f 1149/1149 1151/1151 1152/1152
f 1149/1149 1152/1152 1153/1153
f 1154/1154 1155/1155 1156/1156
f 1154/1154 1156/1156 1157/1157
f 1154/1154 1157/1157 1158/1158
f 1159/1159 1160/1160 1161/1161
f 1159/1159 1161/1161 1162/1162
f 1159/1159 1162/1162 1163/1163
f 1159/1159 1163/1163 1164/1164
f 1159/1159 1164/1164 1165/1165
f 1166/1166 1167/1167 1168/1168
f 1166/1166 1169/1169 1167/1167
f 1170/1170 1169/1169 1166/1166
f 1170/1170 1166/1166 1171/1171
f 1172/1172 1170/1170 1171/1171
f 1172/1172 1173/1173 1170/1170
f 1174/1174 1175/1175 1176/1176
f 1174/1174 1176/1176 1177/1177
f 1174/1174 1177/1177 1178/1178
f 1174/1174 1178/1178 1179/1179
f 1174/1174 1179/1179 1180/1180
f 1174/1174 1180/1180 1181/1181
f 1174/1174 1181/1181 1182/1182
f 1174/1174 1182/1182 1183/1183
f 1174/1174 1183/1183 1184/1184
f 1174/1174 1184/1184 1185/1185
f 1186/1186 1187/1187 1188/1188
f 1186/1186 1188/1188 1189/1189
f 1189/1189 1190/1190 1186/1186
f 1189/1189 1191/1191 1190/1190
f 1190/1190 1191/1191 1192/1192
f 1190/1190 1192/1192 1193/1193
f 1194/1194 1172/1172 1171/1171
f 1194/1194 1171/1171 1195/1195
f 1196/1196 1195/1195 1171/1171
f 1196/1196 1171/1171 1166/1166
f 1196/1196 1166/1166 1168/1168
f 1196/1196 1168/1168 1197/1197
f 1198/1198 1199/1199 1200/1200
f 1198/1198 1200/1200 1129/1129
f 1198/1198 1129/1129 1128/1128
f 1198/1198 1128/1128 1201/1201
f 1194/1194 1202/1202 1203/1203
f 1194/1194 1195/1195 1202/1202
f 1204/1204 1202/1202 1195/1195
f 1204/1204 1195/1195 1196/1196
f 1204/1204 1196/1196 1197/1197
f 1204/1204 1197/1197 1205/1205
f 1206/1206 1207/1207 1208/1208
f 1206/1206 1208/1208 1209/1209
f 1206/1206 1209/1209 1210/1210
f 1206/1206 1210/1210 1211/1211
f 1206/1206 1211/1211 1212/1212
f 1206/1206 1212/1212 1213/1213
f 1206/1206 1213/1213 1214/1214
f 1206/1206 1214/1214 1215/1215
f 1206/1206 1215/1215 1216/1216
f 1206/1206 1216/1216 1217/1217
f 1218/1218 1219/1219 1220/1220
f 1218/1218 1220/1220 1221/1221
f 1218/1218 1221/1221 1222/1222
f 1218/1218 1222/1222 1223/1223
f 1218/1218 1223/1223 1224/1224
f 1218/1218 1224/1224 1225/1225
f 1226/1226 1227/1227 1228/1228
f 1226/1226 1228/1228 1229/1229
f 1230/1230 1229/1229 1228/1228
f 1231/1231 1229/1229 1230/1230
f 1231/1231 1232/1232 1229/1229
f 1233/1233 1234/1234 1235/1235
f 1236/1236 1235/1235 1234/1234
f 1235/1235 1236/1236 1237/1237
f 1237/1237 1238/1238 1235/1235
f 1233/1233 1235/1235 1238/1238
f 1238/1238 1239/1239 1233/1233
f 1240/1240 1233/1233 1239/1239
f 1240/1240 1239/1239 1241/1241
f 1241/1241 1242/1242 1240/1240
f 1241/1241 1243/1243 1242/1242
f 1243/1243 1244/1244 1242/1242
f 1243/1243 1245/1245 1244/1244
f 1245/1245 1246/1246 1244/1244
f 1245/1245 1247/1247 1246/1246
f 1248/1248 1246/1246 1247/1247
f 1248/1248 1249/1249 1246/1246
f 1250/1250 1251/1251 1252/1252
f 1250/1250 1253/1253 1251/1251
f 1254/1254 1253/1253 1250/1250
f 1254/1254 1250/1250 1255/1255
f 1250/1250 1256/1256 1255/1255
f 1250/1250 1252/1252 1256/1256
f 1252/1252 1257/1257 1256/1256
f 1252/1252 1258/1258 1257/1257
f 1259/1259 1257/1257 1258/1258
f 1259/1259 1258/1258 1260/1260
f 1260/1260 1261/1261 1259/1259
f 1260/1260 1262/1262 1261/1261
f 1262/1262 1263/1263 1261/1261
f 1262/1262 1264/1264 1263/1263
f 1263/1263 1264/1264 1265/1265
f 1263/1263 1265/1265 1248/1248
f 1266/1266 1267/1267 1268/1268
f 1266/1266 1268/1268 1269/1269
f 1266/1266 1269/1269 1270/1270
f 1266/1266 1270/1270 1271/1271
f 1266/1266 1271/1271 1272/1272
f 1266/1266 1272/1272 1273/1273
f 1274/1274 1275/1275 1276/1276
f 1274/1274 1276/1276 1277/1277
f 1277/1277 1278/1278 1274/1274
f 1277/1277 1279/1279 1278/1278
f 1278/1278 1279/1279 1280/1280
f 1278/1278 1280/1280 1281/1281
f 1282/1282 1283/1283 1284/1284
f 1282/1282 1284/1284 1285/1285
f 1282/1282 1285/1285 1286/1286
f 1282/1282 1286/1286 1287/1287
f 1282/1282 1287/1287 1288/1288
f 1282/1282 1288/1288 1289/1289
f 1290/1290 1291/1291 1292/1292
f 1290/1290 1293/1293 1291/1291
f 1294/1294 1291/1291 1293/1293
f 1294/1294 1293/1293 1295/1295
f 1294/1294 1295/1295 1296/1296
f 1294/1294 1296/1296 1297/1297
f 1298/1298 1299/1299 1300/1300
f 1298/1298 1300/1300 1301/1301
f 1301/1301 1300/1300 1302/1302
f 1301/1301 1302/1302 1303/1303
f 1303/1303 1302/1302 1304/1304
f 1303/1303 1304/1304 1305/1305
f 1305/1305 1304/1304 1306/1306
f 1305/1305 1306/1306 1307/1307
f 1307/1307 1306/1306 1308/1308
f 1307/1307 1308/1308 1309/1309
f 1309/1309 1308/1308 1310/1310
f 1309/1309 1310/1310 1311/1311
f 1312/1312 1311/1311 1310/1310
f 1313/1313 1314/1314 1315/1315
f 1313/1313 1315/1315 1316/1316
f 1313/1313 1316/1316 1317/1317
f 1313/1313 1317/1317 1318/1318
f 1313/1313 1318/1318 1319/1319
f 1313/1313 1319/1319 1320/1320
f 1321/1321 1322/1322 1323/1323
f 1321/1321 1323/1323 1324/1324
f 1321/1321 1324/1324 1325/1325
f 1326/1326 1327/1327 1328/1328
f 1326/1326 1328/1328 1329/1329
f 1326/1326 1329/1329 1330/1330
f 1326/1326 1330/1330 1331/1331
f 1332/1332 1333/1333 1334/1334
f 1332/1332 1334/1334 1335/1335
f 1332/1332 1335/1335 1336/1336
f 1337/1337 1338/1338 1339/1339
f 1337/1337 1339/1339 1340/1340
f 1337/1337 1340/1340 1341/1341
f 1337/1337 1341/1341 1342/1342
f 51/51 1337/1337 1342/1342
f 51/51 1342/1342 1343/1343
f 51/51 1343/1343 52/52
f 1344/1344 1345/1345 1346/1346
f 1344/1344 1346/1346 1347/1347
f 1344/1344 1347/1347 1348/1348
f 1349/1349 1350/1350 1351/1351
f 1352/1352 1350/1350 1349/1349
f 1352/1352 1353/1353 1350/1350
f 1354/1354 1353/1353 1352/1352
f 1354/1354 1355/1355 1353/1353
f 1356/1356 1355/1355 1354/1354
f 1356/1356 1357/1357 1355/1355
f 1358/1358 1357/1357 1356/1356
f 1358/1358 1359/1359 1357/1357
f 1360/1360 1359/1359 1358/1358
f 1360/1360 1361/1361 1359/1359
f 1362/1362 1361/1361 1360/1360
f 1362/1362 1363/1363 1361/1361
f 1364/1364 1363/1363 1362/1362
f 1364/1364 1351/1351 1363/1363
f 1349/1349 1351/1351 1364/1364
f 1365/1365 1366/1366 1367/1367
f 1368/1368 1365/1365 1367/1367
f 1368/1368 1367/1367 1369/1369
f 1370/1370 1368/1368 1369/1369
f 1370/1370 1369/1369 1371/1371
f 1372/1372 1370/1370 1371/1371
f 1373/1373 1374/1374 1375/1375
f 1373/1373 1375/1375 1376/1376
f 1373/1373 1376/1376 1377/1377
f 1373/1373 1377/1377 1378/1378
f 1373/1373 1378/1378 1365/1365
f 1373/1373 1365/1365 1368/1368
f 1373/1373 1368/1368 1370/1370
f 1373/1373 1370/1370 1372/1372
f 1373/1373 1372/1372 1379/1379
f 1373/1373 1379/1379 1380/1380
f 1372/1372 1371/1371 1381/1381
f 1379/1379 1372/1372 1381/1381
f 1379/1379 1381/1381 1382/1382
f 1380/1380 1379/1379 1382/1382
f 1380/1380 1382/1382 1383/1383
f 1373/1373 1380/1380 1383/1383
f 1373/1373 1383/1383 1384/1384
f 1374/1374 1373/1373 1384/1384
f 1374/1374 1384/1384 1385/1385
f 1375/1375 1374/1374 1385/1385
f 1375/1375 1385/1385 1386/1386
f 1376/1376 1375/1375 1386/1386
f 1376/1376 1386/1386 1387/1387
f 1377/1377 1376/1376 1387/1387
f 1377/1377 1387/1387 1388/1388
f 1378/1378 1377/1377 1388/1388
f 1378/1378 1388/1388 1366/1366
f 1365/1365 1378/1378 1366/1366
f 1389/1389 1390/1390 1391/1391
f 1389/1389 1391/1391 1392/1392
f 1392/1392 1391/1391 1393/1393
f 1392/1392 1393/1393 1394/1394
f 1394/1394 1393/1393 1395/1395
f 1394/1394 1395/1395 1396/1396
f 1396/1396 1395/1395 1397/1397
f 1396/1396 1397/1397 1398/1398
f 1398/1398 1397/1397 1399/1399
f 1398/1398 1399/1399 1400/1400
f 1400/1400 1399/1399 1401/1401
f 1400/1400 1401/1401 1402/1402
f 1402/1402 1401/1401 1403/1403
f 1402/1402 1403/1403 1404/1404
f 1404/1404 1403/1403 1405/1405
f 1404/1404 1405/1405 1406/1406
f 1406/1406 1405/1405 1407/1407
f 1406/1406 1407/1407 1408/1408
f 1408/1408 1407/1407 1409/1409
f 1408/1408 1409/1409 1410/1410
f 1410/1410 1409/1409 1411/1411
f 1410/1410 1411/1411 1412/1412
f 1412/1412 1411/1411 1413/1413
f 1412/1412 1413/1413 1414/1414
f 1415/1415 1416/1416 1417/1417
f 1415/1415 1417/1417 1418/1418
f 1418/1418 1417/1417 1419/1419
f 1418/1418 1419/1419 1420/1420
f 1420/1420 1419/1419 1421/1421
f 1420/1420 1421/1421 1422/1422
f 1422/1422 1421/1421 1423/1423
f 1422/1422 1423/1423 1424/1424
f 1424/1424 1423/1423 1425/1425
f 1424/1424 1425/1425 1426/1426
f 1426/1426 1425/1425 1427/1427
f 1426/1426 1427/1427 1428/1428
f 1428/1428 1427/1427 1429/1429
f 1428/1428 1429/1429 1430/1430
f 1430/1430 1429/1429 1431/1431
f 1430/1430 1431/1431 1432/1432
f 1432/1432 1431/1431 1433/1433
f 1432/1432 1433/1433 1434/1434
f 1434/1434 1433/1433 1435/1435
f 1434/1434 1435/1435 1436/1436
f 1436/1436 1435/1435 1437/1437
f 1436/1436 1437/1437 1438/1438
f 1438/1438 1437/1437 1439/1439
f 1438/1438 1439/1439 1440/1440
f 171/171 170/170 1441/1441
f 171/171 1441/1441 1442/1442
f 1442/1442 1441/1441 1443/1443
f 1442/1442 1443/1443 1444/1444
f 1444/1444 1443/1443 1445/1445
f 1444/1444 1445/1445 1446/1446
f 1446/1446 1445/1445 1447/1447
f 1446/1446 1447/1447 1448/1448
f 1448/1448 1447/1447 1449/1449
f 1448/1448 1449/1449 1450/1450
f 1451/1451 1452/1452 1453/1453
f 1454/1454 1452/1452 1451/1451
f 1455/1455 1456/1456 1457/1457
f 1458/1458 1456/1456 1455/1455
f 160/160 159/159 1459/1459
f 160/160 1459/1459 1460/1460
f 1460/1460 1459/1459 1461/1461
f 1460/1460 1461/1461 1462/1462
f 1462/1462 1461/1461 1463/1463
f 1462/1462 1463/1463 1464/1464
f 1464/1464 1463/1463 1465/1465
f 1464/1464 1465/1465 1466/1466
f 1466/1466 1465/1465 1467/1467
f 1466/1466 1467/1467 1468/1468
f 1469/1469 1470/1470 1471/1471
f 1472/1472 1470/1470 1469/1469
f 1472/1472 1473/1473 1470/1470
f 1474/1474 1473/1473 1472/1472
f 1474/1474 1475/1475 1473/1473
f 1476/1476 1475/1475 1474/1474
f 1476/1476 1477/1477 1475/1475
f 1478/1478 1477/1477 1476/1476
f 1478/1478 1479/1479 1477/1477
f 1480/1480 1479/1479 1478/1478
f 1480/1480 1481/1481 1479/1479
f 1482/1482 1481/1481 1480/1480
f 1482/1482 1483/1483 1481/1481
f 1484/1484 1483/1483 1482/1482
f 1484/1484 1471/1471 1483/1483
f 1469/1469 1471/1471 1484/1484
f 1485/1485 1486/1486 1487/1487
f 1485/1485 1488/1488 1486/1486
f 1489/1489 1486/1486 1488/1488
f 1490/1490 1489/1489 1488/1488
f 1491/1491 1490/1490 1488/1488
f 1492/1492 1491/1491 1488/1488
f 1492/1492 1488/1488 1485/1485
f 1493/1493 1494/1494 1495/1495
f 1493/1493 1496/1496 1494/1494
f 1497/1497 1494/1494 1496/1496
f 1489/1489 1497/1497 1496/1496
f 1486/1486 1489/1489 1496/1496
f 1487/1487 1486/1486 1496/1496
f 1487/1487 1496/1496 1493/1493
f 1498/1498 1499/1499 1500/1500
f 1498/1498 1501/1501 1499/1499
f 1502/1502 1499/1499 1501/1501
f 1497/1497 1502/1502 1501/1501
f 1494/1494 1497/1497 1501/1501
f 1495/1495 1494/1494 1501/1501
f 1495/1495 1501/1501 1498/1498
f 1503/1503 1504/1504 1505/1505
f 1503/1503 1505/1505 1506/1506
f 1503/1503 1506/1506 1507/1507
f 1508/1508 1509/1509 1510/1510
f 1508/1508 1510/1510 1511/1511
f 1512/1512 1508/1508 1511/1511
f 1512/1512 1511/1511 1513/1513
f 1513/1513 1514/1514 1512/1512
f 1513/1513 1515/1515 1514/1514
f 1515/1515 1516/1516 1514/1514
f 1515/1515 1517/1517 1516/1516
f 1518/1518 1516/1516 1517/1517
f 1518/1518 1519/1519 1516/1516
f 1520/1520 1519/1519 1518/1518
f 1520/1520 1521/1521 1519/1519
f 1522/1522 1523/1523 1524/1524
f 1522/1522 1525/1525 1523/1523
f 1526/1526 1525/1525 1522/1522
f 1526/1526 1527/1527 1525/1525
f 1528/1528 1527/1527 1526/1526
f 1528/1528 1526/1526 1529/1529
f 1530/1530 1528/1528 1529/1529
f 1530/1530 1529/1529 1531/1531
f 1531/1531 1532/1532 1530/1530
f 1531/1531 1533/1533 1532/1532
f 1533/1533 1534/1534 1532/1532
f 1533/1533 1535/1535 1534/1534
f 1536/1536 1534/1534 1535/1535
f 1536/1536 1537/1537 1534/1534
f 1538/1538 1537/1537 1536/1536
f 1538/1538 1539/1539 1537/1537
f 1540/1540 1541/1541 1542/1542
f 1540/1540 1542/1542 1543/1543
f 1540/1540 1543/1543 1544/1544
f 1545/1545 1546/1546 1547/1547
f 1545/1545 1547/1547 1548/1548
f 1545/1545 1548/1548 1549/1549
f 1545/1545 1549/1549 1550/1550
f 1545/1545 1550/1550 1551/1551
f 1545/1545 1551/1551 1552/1552
f 1545/1545 1552/1552 1553/1553
f 1545/1545 1553/1553 1554/1554
f 1545/1545 1554/1554 1555/1555
f 1545/1545 1555/1555 1556/1556
f 1557/1557 1558/1558 1559/1559
f 1557/1557 1559/1559 1560/1560
f 1557/1557 1560/1560 1561/1561
f 1562/1562 1563/1563 1564/1564
f 1562/1562 1564/1564 1565/1565
f 1565/1565 1564/1564 1566/1566
f 1565/1565 1566/1566 1567/1567
f 1568/1568 1569/1569 1570/1570
f 1568/1568 1570/1570 1571/1571
f 1571/1571 1570/1570 1572/1572
f 1571/1571 1572/1572 1573/1573
f 1574/1574 1575/1575 1576/1576
f 1574/1574 1576/1576 1577/1577
f 1574/1574 1577/1577 1578/1578
f 1574/1574 1578/1578 1579/1579
f 1574/1574 1579/1579 1580/1580
f 1574/1574 1580/1580 1581/1581
f 1574/1574 1581/1581 1582/1582
f 1574/1574 1582/1582 1583/1583
f 1574/1574 1583/1583 1584/1584
f 1574/1574 1584/1584 1585/1585
f 1574/1574 1585/1585 1586/1586
f 1574/1574 1586/1586 1587/1587
f 1574/1574 1587/1587 1588/1588
f 1574/1574 1588/1588 1589/1589
f 1590/1590 1591/1591 1592/1592
f 1590/1590 1592/1592 1593/1593
f 1590/1590 1593/1593 1594/1594
f 1590/1590 1594/1594 1595/1595
f 1590/1590 1595/1595 1596/1596
f 1590/1590 1596/1596 1597/1597
f 1598/1598 1599/1599 1600/1600
f 1598/1598 1600/1600 1601/1601
f 1598/1598 1601/1601 1602/1602
f 1598/1598 1602/1602 1603/1603
f 1598/1598 1603/1603 1604/1604
f 1598/1598 1604/1604 1605/1605
f 1606/1606 1607/1607 1608/1608
f 1606/1606 1608/1608 1609/1609
f 1606/1606 1609/1609 1610/1610
f 1606/1606 1610/1610 1611/1611
f 1606/1606 1611/1611 1612/1612
f 1606/1606 1612/1612 1613/1613
f 1614/1614 1615/1615 1616/1616
f 1617/1617 1614/1614 1616/1616
f 1617/1617 1616/1616 1618/1618
f 1619/1619 1617/1617 1618/1618
f 1619/1619 1618/1618 1620/1620
f 1621/1621 1619/1619 1620/1620
f 1621/1621 1620/1620 1622/1622
f 1623/1623 1621/1621 1622/1622
f 1623/1623 1622/1622 1624/1624
f 1625/1625 1623/1623 1624/1624
f 1625/1625 1624/1624 1626/1626
f 1627/1627 1625/1625 1626/1626
f 1627/1627 1626/1626 1628/1628
f 1629/1629 1627/1627 1628/1628
f 1629/1629 1628/1628 1630/1630
f 1631/1631 1629/1629 1630/1630
f 1631/1631 1630/1630 1632/1632
f 1633/1633 1631/1631 1632/1632
f 1633/1633 1632/1632 1615/1615
f 1614/1614 1633/1633 1615/1615
f 1634/1634 1635/1635 1636/1636
f 1634/1634 1636/1636 1637/1637
f 1637/1637 1636/1636 105/105
f 1637/1637 105/105 104/104
f 1638/1638 1639/1639 1640/1640
f 1638/1638 1640/1640 1641/1641
f 1638/1638 1641/1641 1642/1642
f 1581/1581 1643/1643 1644/1644
f 1582/1582 1581/1581 1644/1644
f 1582/1582 1644/1644 1645/1645
f 1583/1583 1582/1582 1645/1645
f 1583/1583 1645/1645 1646/1646
f 1584/1584 1583/1583 1646/1646
f 1584/1584 1646/1646 1647/1647
f 1585/1585 1584/1584 1647/1647
f 1585/1585 1647/1647 1648/1648
f 1586/1586 1585/1585 1648/1648
f 1586/1586 1648/1648 1649/1649
f 1587/1587 1586/1586 1649/1649
f 1587/1587 1649/1649 1650/1650
f 1588/1588 1587/1587 1650/1650
f 1588/1588 1650/1650 1651/1651
f 1589/1589 1588/1588 1651/1651
f 1589/1589 1651/1651 1652/1652
f 1574/1574 1589/1589 1652/1652
f 1574/1574 1652/1652 1653/1653
f 1575/1575 1574/1574 1653/1653
f 1575/1575 1653/1653 1654/1654
f 1576/1576 1575/1575 1654/1654
f 1576/1576 1654/1654 1655/1655
f 1577/1577 1576/1576 1655/1655
f 1577/1577 1655/1655 1656/1656
f 1578/1578 1577/1577 1656/1656
f 1578/1578 1656/1656 1657/1657
f 1579/1579 1578/1578 1657/1657
f 1579/1579 1657/1657 1658/1658
f 1580/1580 1579/1579 1658/1658
f 1580/1580 1658/1658 1643/1643
f 1581/1581 1580/1580 1643/1643
f 1659/1659 1660/1660 1661/1661
f 1659/1659 1661/1661 1662/1662
f 1659/1659 1662/1662 1663/1663
f 1659/1659 1663/1663 1664/1664
f 1665/1665 1666/1666 1667/1667
f 1665/1665 1667/1667 1668/1668
f 1665/1665 1668/1668 1669/1669
f 1670/1670 1671/1671 1672/1672
f 1670/1670 1672/1672 1673/1673
f 1670/1670 1673/1673 1674/1674
f 1670/1670 1674/1674 1675/1675
f 1676/1676 1677/1677 1678/1678
f 1676/1676 1678/1678 1679/1679
f 1676/1676 1679/1679 1680/1680
f 1681/1681 888/888 887/887
f 1681/1681 887/887 1682/1682
f 1682/1682 887/887 1683/1683
f 1682/1682 1683/1683 1684/1684
f 1685/1685 51/51 1686/1686
f 88/88 1687/1687 1685/1685
f 88/88 1685/1685 1686/1686
f 88/88 1686/1686 99/99
f 1688/1688 1689/1689 1690/1690
f 1688/1688 1690/1690 1691/1691
f 1688/1688 1691/1691 1692/1692
f 1693/1693 1694/1694 1695/1695
f 1693/1693 1695/1695 1696/1696
f 1693/1693 1696/1696 1697/1697
f 1698/1698 1699/1699 1700/1700
f 1698/1698 1700/1700 1701/1701
f 1698/1698 1701/1701 1702/1702
f 1703/1703 1704/1704 1705/1705
f 1703/1703 1705/1705 1706/1706
f 1703/1703 1706/1706 1707/1707
f 1510/1510 1509/1509 1708/1708
f 1510/1510 1708/1708 1709/1709
f 1709/1709 1708/1708 1710/1710
f 1709/1709 1710/1710 1711/1711
f 1712/1712 302/302 303/303
f 1712/1712 303/303 1713/1713
f 1713/1713 303/303 304/304
f 1713/1713 304/304 1714/1714
f 1714/1714 304/304 412/412
f 1714/1714 412/412 1715/1715
f 1715/1715 412/412 413/413
f 1715/1715 413/413 1716/1716
f 1717/1717 1716/1716 413/413
f 1717/1717 413/413 414/414
f 1717/1717 414/414 415/415
f 1717/1717 415/415 1718/1718
f 1718/1718 415/415 416/416
f 1718/1718 416/416 1719/1719
f 1719/1719 416/416 417/417
f 1719/1719 417/417 1720/1720
f 312/312 1712/1712 1713/1713
f 312/312 1713/1713 313/313
f 313/313 1713/1713 1714/1714
f 313/313 1714/1714 315/315
f 315/315 1714/1714 1715/1715
f 315/315 1715/1715 1721/1721
f 1721/1721 1715/1715 1716/1716
f 1721/1721 1716/1716 1722/1722
f 1723/1723 1722/1722 1716/1716
f 1723/1723 1716/1716 1717/1717
f 1723/1723 1717/1717 1718/1718
f 1723/1723 1718/1718 1724/1724
f 1724/1724 1718/1718 1719/1719
f 1724/1724 1719/1719 1725/1725
f 1725/1725 1719/1719 1720/1720
f 1725/1725 1720/1720 1726/1726
f 1727/1727 1728/1728 1729/1729
f 1727/1727 1730/1730 1728/1728
f 1727/1727 1731/1731 1730/1730
f 1732/1732 1730/1730 1731/1731
f 1732/1732 1733/1733 1730/1730
f 1732/1732 1734/1734 1733/1733
f 1735/1735 1734/1734 1732/1732
f 1735/1735 1732/1732 1736/1736
f 1735/1735 1736/1736 1737/1737
f 1738/1738 1735/1735 1737/1737
f 1738/1738 1739/1739 1735/1735
f 1738/1738 1740/1740 1739/1739
f 1741/1741 1740/1740 1738/1738
f 1742/1742 1740/1740 1741/1741
f 1742/1742 1743/1743 1740/1740
f 1742/1742 1728/1728 1743/1743
f 1729/1729 1728/1728 1742/1742
f 1744/1744 1745/1745 1746/1746
f 1746/1746 1747/1747 1744/1744
f 1747/1747 1746/1746 1748/1748
f 1748/1748 1749/1749 1747/1747
f 1749/1749 1748/1748 1750/1750
f 1750/1750 1751/1751 1749/1749
f 1752/1752 1751/1751 1750/1750
f 1750/1750 1753/1753 1752/1752
f 1752/1752 1753/1753 1754/1754
f 1754/1754 1755/1755 1752/1752
f 1755/1755 1754/1754 1756/1756
f 1756/1756 1757/1757 1755/1755
f 1758/1758 1757/1757 1756/1756
f 1756/1756 1759/1759 1758/1758
f 1760/1760 1758/1758 1759/1759
f 1759/1759 1761/1761 1760/1760
f 1760/1760 1761/1761 1762/1762
f 1762/1762 1763/1763 1760/1760
f 1763/1763 1762/1762 1764/1764
f 1764/1764 1765/1765 1763/1763
f 1765/1765 1764/1764 1766/1766
f 1766/1766 1767/1767 1765/1765
f 1767/1767 1766/1766 1768/1768
f 1768/1768 1769/1769 1767/1767
f 1769/1769 1768/1768 1770/1770
f 1770/1770 1771/1771 1769/1769
f 1771/1771 1770/1770 1772/1772
f 1772/1772 1773/1773 1771/1771
f 1774/1774 1775/1775 1776/1776
f 1776/1776 1777/1777 1774/1774
f 1777/1777 1776/1776 1744/1744
f 1744/1744 1778/1778 1777/1777
f 1778/1778 1744/1744 1747/1747
f 1747/1747 1779/1779 1778/1778
f 1779/1779 1747/1747 1749/1749
f 1749/1749 1780/1780 1779/1779
f 1780/1780 1749/1749 1751/1751
f 1751/1751 1781/1781 1780/1780
f 1781/1781 1751/1751 1752/1752
f 1752/1752 1782/1782 1781/1781
f 1782/1782 1752/1752 1755/1755
f 1755/1755 1783/1783 1782/1782
f 1783/1783 1755/1755 1757/1757
f 1757/1757 1784/1784 1783/1783
f 1784/1784 1757/1757 1758/1758
f 1758/1758 1785/1785 1784/1784
f 1785/1785 1758/1758 1760/1760
f 1760/1760 1786/1786 1785/1785
f 1786/1786 1760/1760 1763/1763
f 1763/1763 1787/1787 1786/1786
f 1787/1787 1763/1763 1765/1765
f 1765/1765 1788/1788 1787/1787
f 1788/1788 1765/1765 1767/1767
f 1767/1767 1789/1789 1788/1788
f 1790/1790 1789/1789 1767/1767
f 1767/1767 1769/1769 1790/1790
f 1791/1791 1790/1790 1769/1769
f 1769/1769 1771/1771 1791/1791
f 1791/1791 1771/1771 1773/1773
f 1773/1773 1792/1792 1791/1791
f 1792/1792 1773/1773 1793/1793
f 1793/1793 1794/1794 1792/1792
f 1795/1795 1796/1796 1797/1797
f 1795/1795 1797/1797 1798/1798
f 1795/1795 1798/1798 1799/1799
f 1800/1800 1801/1801 1802/1802
f 1801/1801 1800/1800 1803/1803
f 1803/1803 1804/1804 1801/1801
f 1804/1804 1803/1803 1805/1805
f 1805/1805 1806/1806 1804/1804
f 1806/1806 1805/1805 1807/1807
f 1807/1807 1808/1808 1806/1806
f 1809/1809 1806/1806 1808/1808
f 1808/1808 1810/1810 1809/1809
f 1811/1811 1809/1809 1810/1810
f 1810/1810 1812/1812 1811/1811
f 1813/1813 1811/1811 1812/1812
f 1812/1812 1814/1814 1813/1813
f 1815/1815 1813/1813 1814/1814
f 1814/1814 1816/1816 1815/1815
f 1817/1817 1815/1815 1816/1816
f 1816/1816 1818/1818 1817/1817
f 1819/1819 1817/1817 1818/1818
f 1820/1820 1821/1821 1822/1822
f 1823/1823 1822/1822 1821/1821
f 1821/1821 1824/1824 1823/1823
f 1825/1825 1823/1823 1824/1824
f 1824/1824 1826/1826 1825/1825
f 1827/1827 1825/1825 1826/1826
f 1826/1826 1828/1828 1827/1827
f 1829/1829 1827/1827 1828/1828
f 1828/1828 1830/1830 1829/1829
f 1831/1831 1829/1829 1830/1830
f 1830/1830 1832/1832 1831/1831
f 1833/1833 1831/1831 1832/1832
f 1832/1832 1834/1834 1833/1833
f 1835/1835 1833/1833 1834/1834
f 1834/1834 1836/1836 1835/1835
f 1837/1837 1835/1835 1836/1836
f 1836/1836 1838/1838 1837/1837
f 1839/1839 1837/1837 1838/1838
f 1840/1840 1841/1841 1842/1842
f 1842/1842 1843/1843 1840/1840
f 1843/1843 1842/1842 1844/1844
f 1844/1844 1845/1845 1843/1843
f 1845/1845 1844/1844 1846/1846
f 1846/1846 1847/1847 1845/1845
f 1847/1847 1846/1846 1848/1848
f 1848/1848 1849/1849 1847/1847
f 1849/1849 1848/1848 1850/1850
f 1850/1850 1851/1851 1849/1849
f 1851/1851 1850/1850 1852/1852
f 1852/1852 1853/1853 1851/1851
f 1853/1853 1852/1852 1854/1854
f 1854/1854 1855/1855 1853/1853
f 1855/1855 1854/1854 1856/1856
f 1856/1856 1857/1857 1855/1855
f 1857/1857 1856/1856 1858/1858
f 1858/1858 1859/1859 1857/1857
f 1859/1859 1860/1860 1861/1861
f 1861/1861 1857/1857 1859/1859
f 1857/1857 1861/1861 1862/1862
f 1862/1862 1855/1855 1857/1857
f 1855/1855 1862/1862 1863/1863
f 1863/1863 1853/1853 1855/1855
f 1853/1853 1863/1863 1864/1864
f 1864/1864 1851/1851 1853/1853
f 1851/1851 1864/1864 1865/1865
f 1865/1865 1849/1849 1851/1851
f 1849/1849 1865/1865 1866/1866
f 1866/1866 1847/1847 1849/1849
f 1847/1847 1866/1866 1867/1867
f 1867/1867 1845/1845 1847/1847
f 1868/1868 1869/1869 1870/1870
f 1870/1870 1871/1871 1868/1868
f 1871/1871 1870/1870 1867/1867
f 1867/1867 1872/1872 1871/1871
f 1872/1872 1867/1867 1866/1866
f 1866/1866 1873/1873 1872/1872
f 1873/1873 1866/1866 1865/1865
f 1865/1865 1874/1874 1873/1873
f 1874/1874 1865/1865 1864/1864
f 1864/1864 1875/1875 1874/1874
f 1875/1875 1864/1864 1863/1863
f 1863/1863 1876/1876 1875/1875
f 1876/1876 1863/1863 1862/1862
f 1862/1862 1877/1877 1876/1876
f 1877/1877 1862/1862 1861/1861
f 1861/1861 1878/1878 1877/1877
f 1878/1878 1861/1861 1860/1860
f 1860/1860 1879/1879 1878/1878
f 1880/1880 1868/1868 1871/1871
f 1871/1871 1881/1881 1880/1880
f 1881/1881 1871/1871 1872/1872
f 1872/1872 1882/1882 1881/1881
f 1882/1882 1872/1872 1873/1873
f 1873/1873 1883/1883 1882/1882
f 1883/1883 1873/1873 1874/1874
f 1874/1874 1884/1884 1883/1883
f 1884/1884 1874/1874 1875/1875
f 1875/1875 1885/1885 1884/1884
f 1885/1885 1875/1875 1876/1876
f 1876/1876 1886/1886 1885/1885
f 1886/1886 1876/1876 1877/1877
f 1877/1877 1887/1887 1886/1886
f 1887/1887 1877/1877 1878/1878
f 1878/1878 1888/1888 1887/1887
f 1888/1888 1878/1878 1879/1879
f 1879/1879 1889/1889 1888/1888
f 1890/1890 1880/1880 1881/1881
f 1881/1881 1891/1891 1890/1890
f 1891/1891 1881/1881 1882/1882
f 1882/1882 1892/1892 1891/1891
f 1892/1892 1882/1882 1883/1883
f 1883/1883 1893/1893 1892/1892
f 1893/1893 1883/1883 1884/1884
f 1884/1884 1894/1894 1893/1893
f 1894/1894 1884/1884 1885/1885
f 1885/1885 1895/1895 1894/1894
f 1895/1895 1885/1885 1886/1886
f 1886/1886 1896/1896 1895/1895
f 1896/1896 1886/1886 1887/1887
f 1887/1887 1897/1897 1896/1896
f 1897/1897 1887/1887 1888/1888
f 1888/1888 1898/1898 1897/1897
f 1898/1898 1888/1888 1889/1889
f 1889/1889 1899/1899 1898/1898
f 1900/1900 1890/1890 1891/1891
f 1891/1891 1901/1901 1900/1900
f 1901/1901 1891/1891 1892/1892
f 1892/1892 1902/1902 1901/1901
f 1902/1902 1892/1892 1893/1893
f 1893/1893 1903/1903 1902/1902
f 1903/1903 1893/1893 1894/1894
f 1894/1894 1904/1904 1903/1903
f 1904/1904 1894/1894 1895/1895
f 1895/1895 1905/1905 1904/1904
f 1905/1905 1895/1895 1896/1896
f 1896/1896 1906/1906 1905/1905
f 1906/1906 1896/1896 1897/1897
f 1897/1897 1907/1907 1906/1906
f 1907/1907 1897/1897 1898/1898
f 1898/1898 1908/1908 1907/1907
f 1908/1908 1898/1898 1899/1899
f 1899/1899 1909/1909 1908/1908
f 1909/1909 1910/1910 1911/1911
f 1911/1911 1908/1908 1909/1909
f 1908/1908 1911/1911 1912/1912
f 1912/1912 1907/1907 1908/1908
f 1907/1907 1912/1912 1913/1913
f 1913/1913 1906/1906 1907/1907
f 1906/1906 1913/1913 1914/1914
f 1914/1914 1905/1905 1906/1906
f 1905/1905 1914/1914 1915/1915
f 1915/1915 1904/1904 1905/1905
f 1904/1904 1915/1915 1916/1916
f 1916/1916 1903/1903 1904/1904
f 1903/1903 1916/1916 1917/1917
f 1917/1917 1902/1902 1903/1903
f 1902/1902 1917/1917 1918/1918
f 1918/1918 1901/1901 1902/1902
f 1919/1919 1920/1920 1921/1921
f 1919/1919 1921/1921 1922/1922
f 1923/1923 1919/1919 1922/1922
f 1923/1923 1924/1924 1919/1919
f 1923/1923 1925/1925 1924/1924
f 1926/1926 1925/1925 1923/1923
f 1926/1926 1923/1923 1927/1927
f 1926/1926 1927/1927 1928/1928
f 1929/1929 1926/1926 1928/1928
f 1930/1930 1929/1929 1928/1928
f 1930/1930 1928/1928 1931/1931
f 1930/1930 1931/1931 1932/1932
f 1933/1933 1930/1930 1932/1932
f 1934/1934 1933/1933 1932/1932
f 1934/1934 1932/1932 1920/1920
f 1934/1934 1920/1920 1935/1935
f 1919/1919 1935/1935 1920/1920
f 1936/1936 1937/1937 1938/1938
f 1938/1938 1939/1939 1936/1936
f 1939/1939 1938/1938 1940/1940
f 1940/1940 1941/1941 1939/1939
f 1941/1941 1940/1940 1942/1942
f 1942/1942 1943/1943 1941/1941
f 1943/1943 1942/1942 1944/1944
f 1944/1944 1945/1945 1943/1943
f 1945/1945 1944/1944 1946/1946
f 1946/1946 1947/1947 1945/1945
f 1947/1947 1946/1946 1948/1948
f 1948/1948 1949/1949 1947/1947
f 1949/1949 1948/1948 1950/1950
f 1950/1950 1951/1951 1949/1949
f 1951/1951 1950/1950 1952/1952
f 1952/1952 1953/1953 1951/1951
f 1953/1953 1952/1952 1954/1954
f 1954/1954 1955/1955 1953/1953
f 1956/1956 1957/1957 1958/1958
f 1958/1958 1959/1959 1956/1956
f 1959/1959 1958/1958 1960/1960
f 1960/1960 1961/1961 1959/1959
f 1961/1961 1960/1960 1962/1962
f 1962/1962 1963/1963 1961/1961
f 1963/1963 1962/1962 1937/1937
f 1937/1937 1936/1936 1963/1963
f 1957/1957 1964/1964 1965/1965
f 1965/1965 1958/1958 1957/1957
f 1958/1958 1965/1965 1966/1966
f 1966/1966 1960/1960 1958/1958
f 1960/1960 1966/1966 1967/1967
f 1967/1967 1962/1962 1960/1960
f 1962/1962 1967/1967 1968/1968
f 1968/1968 1937/1937 1962/1962
f 1937/1937 1968/1968 1969/1969
f 1969/1969 1938/1938 1937/1937
f 1938/1938 1969/1969 1970/1970
f 1970/1970 1940/1940 1938/1938
f 1964/1964 1971/1971 1972/1972
f 1972/1972 1965/1965 1964/1964
f 1965/1965 1972/1972 1973/1973
f 1973/1973 1966/1966 1965/1965
f 1966/1966 1973/1973 1974/1974
f 1974/1974 1967/1967 1966/1966
f 1967/1967 1974/1974 1975/1975
f 1975/1975 1968/1968 1967/1967
f 1968/1968 1975/1975 1976/1976
f 1976/1976 1969/1969 1968/1968
f 1969/1969 1976/1976 1977/1977
f 1977/1977 1970/1970 1969/1969
f 1970/1970 1977/1977 1978/1978
f 1978/1978 1979/1979 1970/1970
f 1979/1979 1978/1978 1980/1980
f 1980/1980 1981/1981 1979/1979
f 1982/1982 1858/1858 1856/1856
f 1856/1856 1983/1983 1982/1982
f 1983/1983 1856/1856 1854/1854
f 1854/1854 1984/1984 1983/1983
f 1984/1984 1854/1854 1852/1852
f 1852/1852 1985/1985 1984/1984
f 1971/1971 1982/1982 1983/1983
f 1983/1983 1972/1972 1971/1971
f 1972/1972 1983/1983 1984/1984
f 1984/1984 1973/1973 1972/1972
f 1973/1973 1984/1984 1985/1985
f 1985/1985 1974/1974 1973/1973
f 1974/1974 1985/1985 1986/1986
f 1986/1986 1975/1975 1974/1974
f 1975/1975 1986/1986 1987/1987
f 1987/1987 1976/1976 1975/1975
f 1976/1976 1987/1987 1988/1988
f 1988/1988 1977/1977 1976/1976
f 1977/1977 1988/1988 1989/1989
f 1989/1989 1978/1978 1977/1977
f 1978/1978 1989/1989 1990/1990
f 1990/1990 1980/1980 1978/1978
f 1980/1980 1990/1990 1991/1991
f 1991/1991 1992/1992 1980/1980
f 1992/1992 1991/1991 1993/1993
f 1993/1993 1994/1994 1992/1992
f 1985/1985 1852/1852 1850/1850
f 1850/1850 1986/1986 1985/1985
f 1986/1986 1850/1850 1848/1848
f 1848/1848 1987/1987 1986/1986
f 1987/1987 1848/1848 1846/1846
f 1846/1846 1988/1988 1987/1987
f 1988/1988 1846/1846 1844/1844
f 1844/1844 1989/1989 1988/1988
f 1989/1989 1844/1844 1842/1842
f 1842/1842 1990/1990 1989/1989
f 1990/1990 1842/1842 1841/1841
f 1841/1841 1991/1991 1990/1990
f 1991/1991 1841/1841 1995/1995
f 1995/1995 1993/1993 1991/1991
f 1993/1993 1995/1995 1996/1996
f 1996/1996 1997/1997 1993/1993
f 1997/1997 1996/1996 1998/1998
f 1998/1998 1999/1999 1997/1997
f 2000/2000 2001/2001 2002/2002
f 2002/2002 2003/2003 2000/2000
f 2003/2003 2002/2002 2004/2004
f 2004/2004 2005/2005 2003/2003
f 2005/2005 2004/2004 2006/2006
f 2006/2006 2007/2007 2005/2005
f 2007/2007 2006/2006 2008/2008
f 2008/2008 2009/2009 2007/2007
f 2009/2009 2008/2008 2010/2010
f 2010/2010 2011/2011 2009/2009
f 2011/2011 2010/2010 1998/1998
f 1998/1998 2012/2012 2011/2011
f 2012/2012 1998/1998 1996/1996
f 1996/1996 2013/2013 2012/2012
f 2013/2013 1996/1996 1995/1995
f 1995/1995 2014/2014 2013/2013
f 2014/2014 1995/1995 1841/1841
f 1841/1841 1840/1840 2014/2014
f 1845/1845 1867/1867 1870/1870
f 1870/1870 1843/1843 1845/1845
f 1843/1843 1870/1870 1869/1869
f 1869/1869 1840/1840 1843/1843
f 1840/1840 1869/1869 2015/2015
f 2015/2015 2014/2014 1840/1840
f 2014/2014 2015/2015 2016/2016
f 2016/2016 2013/2013 2014/2014
f 2013/2013 2016/2016 2017/2017
f 2017/2017 2012/2012 2013/2013
f 2012/2012 2017/2017 2018/2018
f 2018/2018 2011/2011 2012/2012
f 2011/2011 2018/2018 2019/2019
f 2019/2019 2009/2009 2011/2011
f 2009/2009 2019/2019 2020/2020
f 2020/2020 2007/2007 2009/2009
f 2007/2007 2020/2020 2021/2021
f 2021/2021 2005/2005 2007/2007
f 2022/2022 2023/2023 2024/2024
f 2024/2024 2025/2025 2022/2022
f 2025/2025 2024/2024 2021/2021
f 2021/2021 2026/2026 2025/2025
f 2026/2026 2021/2021 2020/2020
f 2020/2020 2027/2027 2026/2026
f 2027/2027 2020/2020 2019/2019
f 2019/2019 2028/2028 2027/2027
f 2028/2028 2019/2019 2018/2018
f 2018/2018 2029/2029 2028/2028
f 2029/2029 2018/2018 2017/2017
f 2017/2017 2030/2030 2029/2029
f 2030/2030 2017/2017 2016/2016
f 2016/2016 2031/2031 2030/2030
f 2031/2031 2016/2016 2015/2015
f 2015/2015 2032/2032 2031/2031
f 2032/2032 2015/2015 1869/1869
f 1869/1869 1868/1868 2032/2032
f 2033/2033 2022/2022 2025/2025
f 2025/2025 2034/2034 2033/2033
f 2034/2034 2025/2025 2026/2026
f 2026/2026 2035/2035 2034/2034
f 2035/2035 2026/2026 2027/2027
f 2027/2027 2036/2036 2035/2035
f 2036/2036 2027/2027 2028/2028
f 2028/2028 2037/2037 2036/2036
f 2037/2037 2028/2028 2029/2029
f 2029/2029 2038/2038 2037/2037
f 2038/2038 2029/2029 2030/2030
f 2030/2030 2039/2039 2038/2038
f 2039/2039 2030/2030 2031/2031
f 2031/2031 2040/2040 2039/2039
f 2040/2040 2031/2031 2032/2032
f 2032/2032 2041/2041 2040/2040
f 2041/2041 2032/2032 1868/1868
f 1868/1868 1880/1880 2041/2041
f 2042/2042 2033/2033 2034/2034
f 2034/2034 2043/2043 2042/2042
f 2043/2043 2034/2034 2035/2035
f 2035/2035 2044/2044 2043/2043
f 2044/2044 2035/2035 2036/2036
f 2036/2036 2045/2045 2044/2044
f 2045/2045 2036/2036 2037/2037
f 2037/2037 2046/2046 2045/2045
f 2046/2046 2037/2037 2038/2038
f 2038/2038 2047/2047 2046/2046
f 2047/2047 2038/2038 2039/2039
f 2039/2039 2048/2048 2047/2047
f 2048/2048 2039/2039 2040/2040
f 2040/2040 2049/2049 2048/2048
f 2049/2049 2040/2040 2041/2041
f 2041/2041 2050/2050 2049/2049
f 2050/2050 2041/2041 1880/1880
f 1880/1880 1890/1890 2050/2050
f 2051/2051 2042/2042 2043/2043
f 2043/2043 2052/2052 2051/2051
f 2052/2052 2043/2043 2044/2044
f 2044/2044 2053/2053 2052/2052
f 2053/2053 2044/2044 2045/2045
f 2045/2045 2054/2054 2053/2053
f 2054/2054 2045/2045 2046/2046
f 2046/2046 2055/2055 2054/2054
f 2055/2055 2046/2046 2047/2047
f 2047/2047 2056/2056 2055/2055
f 2056/2056 2047/2047 2048/2048
f 2048/2048 2057/2057 2056/2056
f 2057/2057 2048/2048 2049/2049
f 2049/2049 2058/2058 2057/2057
f 2058/2058 2049/2049 2050/2050
f 2050/2050 2059/2059 2058/2058
f 2059/2059 2050/2050 1890/1890
f 1890/1890 1900/1900 2059/2059
f 1901/1901 1918/1918 2060/2060
f 2060/2060 1900/1900 1901/1901
f 1900/1900 2060/2060 2061/2061
f 2061/2061 2059/2059 1900/1900
f 2059/2059 2061/2061 2062/2062
f 2062/2062 2058/2058 2059/2059
f 2058/2058 2062/2062 2063/2063
f 2063/2063 2057/2057 2058/2058
f 2057/2057 2063/2063 2064/2064
f 2064/2064 2056/2056 2057/2057
f 2056/2056 2064/2064 2065/2065
f 2065/2065 2055/2055 2056/2056
f 2055/2055 2065/2065 2066/2066
f 2066/2066 2054/2054 2055/2055
f 2054/2054 2066/2066 2067/2067
f 2067/2067 2053/2053 2054/2054
f 2053/2053 2067/2067 2068/2068
f 2068/2068 2052/2052 2053/2053
f 2069/2069 2070/2070 2071/2071
f 2071/2071 2072/2072 2069/2069
f 2072/2072 2071/2071 2073/2073
f 2073/2073 2074/2074 2072/2072
f 2074/2074 2073/2073 2075/2075
f 2075/2075 2076/2076 2074/2074
f 2076/2076 2075/2075 2077/2077
f 2077/2077 2078/2078 2076/2076
f 2078/2078 2077/2077 2079/2079
f 2079/2079 2080/2080 2078/2078
f 2080/2080 2079/2079 2081/2081
f 2081/2081 2082/2082 2080/2080
f 2082/2082 2081/2081 2083/2083
f 2083/2083 2084/2084 2082/2082
f 2084/2084 2083/2083 2085/2085
f 2085/2085 2086/2086 2084/2084
f 2086/2086 2085/2085 2087/2087
f 2087/2087 2088/2088 2086/2086
f 2089/2089 2090/2090 2091/2091
f 2091/2091 2092/2092 2089/2089
f 2092/2092 2091/2091 2087/2087
f 2087/2087 2093/2093 2092/2092
f 2093/2093 2087/2087 2085/2085
f 2085/2085 2094/2094 2093/2093
f 2094/2094 2085/2085 2083/2083
f 2083/2083 2095/2095 2094/2094
f 2095/2095 2083/2083 2081/2081
f 2081/2081 2096/2096 2095/2095
f 2096/2096 2081/2081 2079/2079
f 2079/2079 2097/2097 2096/2096
f 2097/2097 2079/2079 2077/2077
f 2077/2077 2098/2098 2097/2097
f 2098/2098 2077/2077 2075/2075
f 2075/2075 2099/2099 2098/2098
f 2099/2099 2075/2075 2073/2073
f 2073/2073 2100/2100 2099/2099
f 2101/2101 2102/2102 2103/2103
f 2101/2101 2103/2103 2104/2104
f 2101/2101 2104/2104 2105/2105
f 2106/2106 2107/2107 2108/2108
f 2107/2107 2106/2106 2109/2109
f 2110/2110 2109/2109 2106/2106
f 2109/2109 2110/2110 2111/2111
f 2112/2112 2111/2111 2110/2110
f 2110/2110 2113/2113 2112/2112
f 2114/2114 2112/2112 2113/2113
f 2113/2113 2115/2115 2114/2114
f 2116/2116 2114/2114 2115/2115
f 2115/2115 2117/2117 2116/2116
f 2118/2118 2116/2116 2117/2117
f 2117/2117 2119/2119 2118/2118
f 2120/2120 2118/2118 2119/2119
f 2119/2119 2121/2121 2120/2120
f 2122/2122 2120/2120 2121/2121
f 2121/2121 2123/2123 2122/2122
f 2124/2124 2122/2122 2123/2123
f 2123/2123 2125/2125 2124/2124
f 2126/2126 2127/2127 2128/2128
f 2126/2126 2128/2128 2129/2129
f 2126/2126 2129/2129 2130/2130
f 2131/2131 2132/2132 2133/2133
f 2134/2134 2133/2133 2132/2132
f 2132/2132 2135/2135 2134/2134
f 2136/2136 2134/2134 2135/2135
f 2135/2135 2137/2137 2136/2136
f 2138/2138 2136/2136 2137/2137
f 2136/2136 2138/2138 2139/2139
f 2140/2140 2139/2139 2138/2138
f 2139/2139 2140/2140 2141/2141
f 2142/2142 2141/2141 2140/2140
f 2141/2141 2142/2142 2143/2143
f 2144/2144 2143/2143 2142/2142
f 2143/2143 2144/2144 2145/2145
f 2146/2146 2145/2145 2144/2144
f 2145/2145 2146/2146 2147/2147
f 2148/2148 2147/2147 2146/2146
f 2147/2147 2148/2148 2149/2149
f 2149/2149 2150/2150 2147/2147
f 2144/2144 2151/2151 2146/2146
f 2151/2151 2144/2144 2152/2152
f 2142/2142 2152/2152 2144/2144
f 2152/2152 2142/2142 2153/2153
f 2140/2140 2153/2153 2142/2142
f 2153/2153 2140/2140 2108/2108
f 2138/2138 2108/2108 2140/2140
f 2108/2108 2138/2138 2106/2106
f 2137/2137 2106/2106 2138/2138
f 2106/2106 2137/2137 2110/2110
f 2113/2113 2110/2110 2137/2137
f 2137/2137 2135/2135 2113/2113
f 2115/2115 2113/2113 2135/2135
f 2135/2135 2132/2132 2115/2115
f 2117/2117 2115/2115 2132/2132
f 2132/2132 2131/2131 2117/2117
f 2119/2119 2117/2117 2131/2131
f 2131/2131 2154/2154 2119/2119
f 2155/2155 2156/2156 2157/2157
f 2157/2157 2158/2158 2155/2155
f 2159/2159 2155/2155 2158/2158
f 2158/2158 2160/2160 2159/2159
f 2161/2161 2159/2159 2160/2160
f 2160/2160 2162/2162 2161/2161
f 2163/2163 2161/2161 2162/2162
f 2162/2162 2164/2164 2163/2163
f 2165/2165 2166/2166 2156/2156
f 2156/2156 2155/2155 2165/2165
f 2167/2167 2165/2165 2155/2155
f 2155/2155 2159/2159 2167/2167
f 2168/2168 2167/2167 2159/2159
f 2159/2159 2161/2161 2168/2168
f 2169/2169 2168/2168 2161/2161
f 2161/2161 2163/2163 2169/2169
f 2170/2170 2169/2169 2163/2163
f 2163/2163 2171/2171 2170/2170
f 2172/2172 2170/2170 2171/2171
f 2171/2171 2173/2173 2172/2172
f 2174/2174 2175/2175 2176/2176
f 2176/2176 2177/2177 2174/2174
f 2178/2178 2174/2174 2177/2177
f 2177/2177 2179/2179 2178/2178
f 2172/2172 2178/2178 2179/2179
f 2179/2179 2180/2180 2172/2172
f 2170/2170 2172/2172 2180/2180
f 2180/2180 2181/2181 2170/2170
f 2169/2169 2170/2170 2181/2181
f 2181/2181 2182/2182 2169/2169
f 2168/2168 2169/2169 2182/2182
f 2182/2182 2183/2183 2168/2168
f 2167/2167 2168/2168 2183/2183
f 2183/2183 2184/2184 2167/2167
f 2165/2165 2167/2167 2184/2184
f 2184/2184 2185/2185 2165/2165
f 2166/2166 2165/2165 2185/2185
f 2185/2185 2186/2186 2166/2166
f 2052/2052 2068/2068 2187/2187
f 2187/2187 2051/2051 2052/2052
f 2051/2051 2187/2187 2188/2188
f 2188/2188 2189/2189 2051/2051
f 2189/2189 2188/2188 2190/2190
f 2190/2190 2191/2191 2189/2189
f 2191/2191 2190/2190 2192/2192
f 2192/2192 2193/2193 2191/2191
f 2193/2193 2192/2192 2194/2194
f 2194/2194 2195/2195 2193/2193
f 2195/2195 2194/2194 2196/2196
f 2196/2196 2197/2197 2195/2195
f 2197/2197 2196/2196 2198/2198
f 2198/2198 2199/2199 2197/2197
f 2200/2200 2197/2197 2199/2199
f 2199/2199 2201/2201 2200/2200
f 2175/2175 2200/2200 2201/2201
f 2201/2201 2176/2176 2175/2175
f 2178/2178 2172/2172 2173/2173
f 2173/2173 2202/2202 2178/2178
f 2174/2174 2178/2178 2202/2202
f 2202/2202 2203/2203 2174/2174
f 2175/2175 2174/2174 2203/2203
f 2203/2203 2204/2204 2175/2175
f 2200/2200 2175/2175 2204/2204
f 2204/2204 2205/2205 2200/2200
f 2197/2197 2200/2200 2205/2205
f 2205/2205 2195/2195 2197/2197
f 2195/2195 2205/2205 2206/2206
f 2206/2206 2193/2193 2195/2195
f 2193/2193 2206/2206 2207/2207
f 2207/2207 2191/2191 2193/2193
f 2191/2191 2207/2207 2208/2208
f 2208/2208 2189/2189 2191/2191
f 2189/2189 2208/2208 2042/2042
f 2042/2042 2051/2051 2189/2189
f 2171/2171 2163/2163 2164/2164
f 2164/2164 2209/2209 2171/2171
f 2173/2173 2171/2171 2209/2209
f 2209/2209 2210/2210 2173/2173
f 2202/2202 2173/2173 2210/2210
f 2210/2210 2211/2211 2202/2202
f 2203/2203 2202/2202 2211/2211
f 2211/2211 2212/2212 2203/2203
f 2204/2204 2203/2203 2212/2212
f 2212/2212 2213/2213 2204/2204
f 2205/2205 2204/2204 2213/2213
f 2213/2213 2206/2206 2205/2205
f 2206/2206 2213/2213 2214/2214
f 2214/2214 2207/2207 2206/2206
f 2207/2207 2214/2214 2215/2215
f 2215/2215 2208/2208 2207/2207
f 2208/2208 2215/2215 2033/2033
f 2033/2033 2042/2042 2208/2208
f 2162/2162 2160/2160 2216/2216
f 2216/2216 2217/2217 2162/2162
f 2164/2164 2162/2162 2217/2217
f 2217/2217 2218/2218 2164/2164
f 2209/2209 2164/2164 2218/2218
f 2218/2218 2219/2219 2209/2209
f 2210/2210 2209/2209 2219/2219
f 2219/2219 2220/2220 2210/2210
f 2211/2211 2210/2210 2220/2220
f 2220/2220 2221/2221 2211/2211
f 2212/2212 2211/2211 2221/2221
f 2221/2221 2222/2222 2212/2212
f 2213/2213 2212/2212 2222/2222
f 2222/2222 2214/2214 2213/2213
f 2214/2214 2222/2222 2223/2223
f 2223/2223 2215/2215 2214/2214
f 2215/2215 2223/2223 2022/2022
f 2022/2022 2033/2033 2215/2215
f 2158/2158 2157/2157 2224/2224
f 2224/2224 2225/2225 2158/2158
f 2160/2160 2158/2158 2225/2225
f 2225/2225 2216/2216 2160/2160
f 2225/2225 2224/2224 2226/2226
f 2226/2226 2227/2227 2225/2225
f 2216/2216 2225/2225 2227/2227
f 2227/2227 2228/2228 2216/2216
f 2217/2217 2216/2216 2228/2228
f 2228/2228 2229/2229 2217/2217
f 2218/2218 2217/2217 2229/2229
f 2229/2229 2230/2230 2218/2218
f 2219/2219 2218/2218 2230/2230
f 2230/2230 2231/2231 2219/2219
f 2220/2220 2219/2219 2231/2231
f 2231/2231 2232/2232 2220/2220
f 2221/2221 2220/2220 2232/2232
f 2232/2232 2233/2233 2221/2221
f 2222/2222 2221/2221 2233/2233
f 2233/2233 2223/2223 2222/2222
f 2223/2223 2233/2233 2023/2023
f 2023/2023 2022/2022 2223/2223
f 2005/2005 2021/2021 2024/2024
f 2024/2024 2003/2003 2005/2005
f 2003/2003 2024/2024 2023/2023
f 2023/2023 2000/2000 2003/2003
f 2000/2000 2023/2023 2233/2233
f 2233/2233 2232/2232 2000/2000
f 2001/2001 2000/2000 2232/2232
f 2232/2232 2231/2231 2001/2001
f 2234/2234 2001/2001 2231/2231
f 2231/2231 2230/2230 2234/2234
f 2235/2235 2234/2234 2230/2230
f 2230/2230 2229/2229 2235/2235
f 2236/2236 2235/2235 2229/2229
f 2229/2229 2228/2228 2236/2236
f 2237/2237 2236/2236 2228/2228
f 2228/2228 2227/2227 2237/2237
f 2238/2238 2237/2237 2227/2227
f 2227/2227 2226/2226 2238/2238
f 2237/2237 2238/2238 2239/2239
f 2239/2239 2240/2240 2237/2237
f 2236/2236 2237/2237 2240/2240
f 2240/2240 2241/2241 2236/2236
f 2235/2235 2236/2236 2241/2241
f 2241/2241 2242/2242 2235/2235
f 2234/2234 2235/2235 2242/2242
f 2242/2242 2243/2243 2234/2234
f 2001/2001 2234/2234 2243/2243
f 2243/2243 2002/2002 2001/2001
f 1999/1999 1998/1998 2010/2010
f 2010/2010 2244/2244 1999/1999
f 2244/2244 2010/2010 2008/2008
f 2008/2008 2245/2245 2244/2244
f 2245/2245 2008/2008 2006/2006
f 2006/2006 2246/2246 2245/2245
f 2246/2246 2006/2006 2004/2004
f 2004/2004 2247/2247 2246/2246
f 2247/2247 2004/2004 2002/2002
f 2002/2002 2243/2243 2247/2247
f 2248/2248 2247/2247 2243/2243
f 2243/2243 2242/2242 2248/2248
f 2249/2249 2248/2248 2242/2242
f 2242/2242 2241/2241 2249/2249
f 2250/2250 2249/2249 2241/2241
f 2241/2241 2240/2240 2250/2250
f 2251/2251 2250/2250 2240/2240
f 2240/2240 2239/2239 2251/2251
f 1994/1994 1993/1993 1997/1997
f 1997/1997 2252/2252 1994/1994
f 2252/2252 1997/1997 1999/1999
f 1999/1999 2253/2253 2252/2252
f 2253/2253 1999/1999 2244/2244
f 2244/2244 2254/2254 2253/2253
f 2254/2254 2244/2244 2245/2245
f 2245/2245 2255/2255 2254/2254
f 2255/2255 2245/2245 2246/2246
f 2246/2246 2256/2256 2255/2255
f 2256/2256 2246/2246 2247/2247
f 2247/2247 2248/2248 2256/2256
f 2257/2257 2256/2256 2248/2248
f 2248/2248 2249/2249 2257/2257
f 2258/2258 2257/2257 2249/2249
f 2249/2249 2250/2250 2258/2258
f 2259/2259 2258/2258 2250/2250
f 2250/2250 2251/2251 2259/2259
f 1981/1981 1980/1980 1992/1992
f 1992/1992 2260/2260 1981/1981
f 2260/2260 1992/1992 1994/1994
f 1994/1994 2261/2261 2260/2260
f 2261/2261 1994/1994 2252/2252
f 2252/2252 2262/2262 2261/2261
f 2262/2262 2252/2252 2253/2253
f 2253/2253 2263/2263 2262/2262
f 2263/2263 2253/2253 2254/2254
f 2254/2254 2264/2264 2263/2263
f 2264/2264 2254/2254 2255/2255
f 2255/2255 2265/2265 2264/2264
f 2265/2265 2255/2255 2256/2256
f 2256/2256 2257/2257 2265/2265
f 2266/2266 2265/2265 2257/2257
f 2257/2257 2258/2258 2266/2266
f 2267/2267 2266/2266 2258/2258
f 2258/2258 2259/2259 2267/2267
f 1940/1940 1970/1970 1979/1979
f 1979/1979 1942/1942 1940/1940
f 1942/1942 1979/1979 1981/1981
f 1981/1981 1944/1944 1942/1942
f 1944/1944 1981/1981 2260/2260
f 2260/2260 1946/1946 1944/1944
f 1946/1946 2260/2260 2261/2261
f 2261/2261 1948/1948 1946/1946
f 1948/1948 2261/2261 2262/2262
f 2262/2262 1950/1950 1948/1948
f 1950/1950 2262/2262 2263/2263
f 2263/2263 1952/1952 1950/1950
f 1952/1952 2263/2263 2264/2264
f 2264/2264 1954/1954 1952/1952
f 1954/1954 2264/2264 2265/2265
f 2265/2265 2266/2266 1954/1954
f 1955/1955 1954/1954 2266/2266
f 2266/2266 2267/2267 1955/1955
f 2268/2268 2269/2269 2270/2270
f 2268/2268 2270/2270 2271/2271
f 2268/2268 2271/2271 2272/2272
f 2273/2273 2274/2274 2275/2275
f 2273/2273 2276/2276 2274/2274
f 2276/2276 2273/2273 2277/2277
f 2276/2276 2277/2277 2278/2278
f 2279/2279 2278/2278 2277/2277
f 2279/2279 2277/2277 2280/2280
f 2281/2281 2279/2279 2280/2280
f 2281/2281 2280/2280 2282/2282
f 2283/2283 2281/2281 2282/2282
f 2283/2283 2282/2282 2284/2284
f 2285/2285 2283/2283 2284/2284
f 2285/2285 2284/2284 2286/2286
f 2287/2287 2285/2285 2286/2286
f 2287/2287 2286/2286 2288/2288
f 2289/2289 2287/2287 2288/2288
f 2289/2289 2288/2288 2290/2290
f 2276/2276 2289/2289 2290/2290
f 2276/2276 2291/2291 2289/2289
f 2276/2276 2278/2278 2291/2291
f 2292/2292 2293/2293 2294/2294
f 2295/2295 2294/2294 2293/2293
f 2293/2293 2296/2296 2295/2295
f 2297/2297 2295/2295 2296/2296
f 2296/2296 2298/2298 2297/2297
f 2299/2299 2297/2297 2298/2298
f 2298/2298 2300/2300 2299/2299
f 2301/2301 2299/2299 2300/2300
f 2300/2300 2302/2302 2301/2301
f 2303/2303 2301/2301 2302/2302
f 2302/2302 2304/2304 2303/2303
f 2305/2305 2303/2303 2304/2304
f 2304/2304 2306/2306 2305/2305
f 2306/2306 2307/2307 2305/2305
f 2306/2306 2308/2308 2307/2307
f 2306/2306 2309/2309 2308/2308
f 2308/2308 2309/2309 2310/2310
f 2310/2310 2311/2311 2308/2308
f 2312/2312 2313/2313 2314/2314
f 2314/2314 2315/2315 2312/2312
f 2316/2316 2315/2315 2314/2314
f 2314/2314 2317/2317 2316/2316
f 2318/2318 2316/2316 2317/2317
f 2317/2317 2319/2319 2318/2318
f 2320/2320 2318/2318 2319/2319
f 2319/2319 2321/2321 2320/2320
f 2322/2322 2320/2320 2321/2321
f 2321/2321 2323/2323 2322/2322
f 2324/2324 2322/2322 2323/2323
f 2323/2323 2325/2325 2324/2324
f 2326/2326 2324/2324 2325/2325
f 2325/2325 2292/2292 2326/2326
f 2294/2294 2326/2326 2292/2292
f 2327/2327 2328/2328 2329/2329
f 2329/2329 2330/2330 2327/2327
f 2331/2331 2330/2330 2329/2329
f 2331/2331 2332/2332 2330/2330
f 2331/2331 2333/2333 2332/2332
f 2331/2331 2334/2334 2333/2333
f 2334/2334 2331/2331 2335/2335
f 2336/2336 2334/2334 2335/2335
f 2337/2337 2336/2336 2335/2335
f 2338/2338 2337/2337 2335/2335
f 2339/2339 2338/2338 2335/2335
f 2340/2340 2339/2339 2335/2335
f 2341/2341 2340/2340 2335/2335
f 2342/2342 2341/2341 2335/2335
f 2342/2342 2335/2335 2343/2343
f 2344/2344 2342/2342 2343/2343
f 2345/2345 2344/2344 2343/2343
f 2345/2345 2343/2343 2346/2346
f 2347/2347 2348/2348 2349/2349
f 2349/2349 2350/2350 2347/2347
f 2351/2351 2347/2347 2350/2350
f 2351/2351 1745/1745 2347/2347
f 2351/2351 1746/1746 1745/1745
f 1746/1746 2351/2351 2352/2352
f 2352/2352 1748/1748 1746/1746
f 1748/1748 2352/2352 2353/2353
f 2353/2353 1750/1750 1748/1748
f 1750/1750 2353/2353 2354/2354
f 2354/2354 1753/1753 1750/1750
f 1753/1753 2354/2354 2355/2355
f 2355/2355 1754/1754 1753/1753
f 1754/1754 2355/2355 2356/2356
f 2356/2356 1756/1756 1754/1754
f 1756/1756 2356/2356 2357/2357
f 2357/2357 1759/1759 1756/1756
f 1759/1759 2357/2357 2358/2358
f 2358/2358 1761/1761 1759/1759
f 1761/1761 2358/2358 2359/2359
f 2359/2359 1762/1762 1761/1761
f 1762/1762 2359/2359 2360/2360
f 2360/2360 1764/1764 1762/1762
f 1764/1764 2360/2360 2361/2361
f 2361/2361 1766/1766 1764/1764
f 1766/1766 2361/2361 2362/2362
f 2362/2362 1768/1768 1766/1766
f 1768/1768 2362/2362 2363/2363
f 2363/2363 1770/1770 1768/1768
f 1770/1770 2363/2363 2364/2364
f 2364/2364 1772/1772 1770/1770
f 1773/1773 1772/1772 2364/2364
f 2364/2364 2365/2365 1773/1773
f 2366/2366 2367/2367 2368/2368
f 2366/2366 2368/2368 2369/2369
f 2366/2366 2369/2369 2370/2370
f 2366/2366 2370/2370 2371/2371
f 316/316 315/315 1721/1721
f 316/316 1721/1721 360/360
f 360/360 1721/1721 1722/1722
f 360/360 1722/1722 362/362
f 365/365 362/362 1722/1722
f 365/365 1722/1722 1723/1723
f 365/365 1723/1723 1724/1724
f 365/365 1724/1724 366/366
f 366/366 1724/1724 1725/1725
f 366/366 1725/1725 368/368
f 368/368 1725/1725 1726/1726
f 368/368 1726/1726 370/370
f 2372/2372 2373/2373 2374/2374
f 2372/2372 2374/2374 2375/2375
f 2372/2372 2375/2375 2376/2376
f 2377/2377 2378/2378 2379/2379
f 2377/2377 2379/2379 2380/2380
f 2381/2381 2382/2382 2378/2378
f 2381/2381 2378/2378 2377/2377
f 2383/2383 2384/2384 2381/2381
f 2383/2383 2381/2381 2377/2377
f 2385/2385 2383/2383 2377/2377
f 2385/2385 2377/2377 2380/2380
f 2386/2386 2387/2387 2382/2382
f 2386/2386 2382/2382 2381/2381
f 2384/2384 2388/2388 2386/2386
f 2384/2384 2386/2386 2381/2381
f 2389/2389 2390/2390 2387/2387
f 2389/2389 2387/2387 2386/2386
f 2391/2391 2392/2392 2385/2385
f 2391/2391 2385/2385 2380/2380
f 2388/2388 2393/2393 2389/2389
f 2388/2388 2389/2389 2386/2386
f 2390/2390 2389/2389 2391/2391
f 2390/2390 2391/2391 2394/2394
f 2392/2392 2391/2391 2389/2389
f 2392/2392 2389/2389 2393/2393
f 74/74 71/71 81/81
f 74/74 81/81 75/75
f 57/57 60/60 76/76
f 57/57 76/76 77/77
f 76/76 75/75 81/81
f 76/76 81/81 77/77
f 1707/1707 1706/1706 2395/2395
f 1707/1707 2395/2395 2396/2396
f 1704/1704 2397/2397 2398/2398
f 1704/1704 2398/2398 1705/1705
f 1705/1705 2399/2399 2395/2395
f 1705/1705 2395/2395 1706/1706
f 74/74 73/73 72/72
f 74/74 72/72 71/71
f 2400/2400 2401/2401 2402/2402
f 2400/2400 2402/2402 2403/2403
f 2403/2403 2402/2402 2404/2404
f 2403/2403 2404/2404 2405/2405
f 2401/2401 2400/2400 2275/2275
f 2401/2401 2275/2275 2274/2274
f 2406/2406 2407/2407 889/889
f 2406/2406 889/889 862/862
f 2408/2408 2409/2409 2410/2410
f 2408/2408 2410/2410 2411/2411
f 2412/2412 2408/2408 2411/2411
f 2412/2412 2411/2411 2413/2413
f 2414/2414 2412/2412 2413/2413
f 2414/2414 2413/2413 2415/2415
f 2416/2416 2414/2414 2415/2415
f 2416/2416 2415/2415 2417/2417
f 2418/2418 2416/2416 2417/2417
f 2418/2418 2417/2417 2419/2419
f 2420/2420 2418/2418 2419/2419
f 2420/2420 2419/2419 2421/2421
f 101/101 2422/2422 2423/2423
f 101/101 2423/2423 2424/2424
f 2425/2425 2426/2426 2423/2423
f 2425/2425 2423/2423 2422/2422
f 102/102 101/101 2424/2424
f 102/102 2424/2424 103/103
f 2427/2427 2428/2428 2429/2429
f 2427/2427 2429/2429 2430/2430
f 106/106 2430/2430 2429/2429
f 106/106 2429/2429 108/108
f 1635/1635 2431/2431 2430/2430
f 1635/1635 2430/2430 1636/1636
f 105/105 1636/1636 2430/2430
f 105/105 2430/2430 106/106
f 2431/2431 1635/1635 2432/2432
f 2431/2431 2432/2432 2433/2433
f 2434/2434 2435/2435 2436/2436
f 2434/2434 2436/2436 2437/2437
f 2438/2438 2439/2439 2440/2440
f 2438/2438 2440/2440 2441/2441
f 2438/2438 2441/2441 2442/2442
f 2438/2438 2442/2442 2443/2443
f 2444/2444 2445/2445 2446/2446
f 2447/2447 2448/2448 487/487
f 2447/2447 487/487 486/486
f 486/486 2449/2449 2447/2447
f 486/486 490/490 2449/2449
f 493/493 2449/2449 490/490
f 493/493 2445/2445 2449/2449
f 2444/2444 2449/2449 2445/2445
f 2447/2447 2449/2449 2444/2444
f 2447/2447 2444/2444 2450/2450
f 2450/2450 2448/2448 2447/2447
f 2450/2450 2451/2451 2448/2448
f 2452/2452 2453/2453 2454/2454
f 2452/2452 2454/2454 2455/2455
f 2453/2453 2456/2456 2457/2457
f 2453/2453 2457/2457 2454/2454
f 2458/2458 2459/2459 2460/2460
f 2458/2458 2460/2460 2461/2461
f 2462/2462 2452/2452 2455/2455
f 2462/2462 2455/2455 2463/2463
f 2464/2464 2462/2462 2463/2463
f 2464/2464 2463/2463 2465/2465
f 277/277 2466/2466 2467/2467
f 277/277 2467/2467 276/276
f 2468/2468 2469/2469 2470/2470
f 2468/2468 2470/2470 2471/2471
f 2472/2472 2473/2473 2474/2474
f 2472/2472 2474/2474 2475/2475
f 2476/2476 2472/2472 2475/2475
f 2476/2476 2475/2475 2477/2477
f 2478/2478 2476/2476 2477/2477
f 2478/2478 2477/2477 2479/2479
f 2480/2480 2478/2478 2479/2479
f 2480/2480 2479/2479 2481/2481
f 2482/2482 2480/2480 2481/2481
f 2482/2482 2481/2481 2483/2483
f 2484/2484 2482/2482 2483/2483
f 2484/2484 2483/2483 2485/2485
f 2486/2486 2484/2484 2485/2485
f 2486/2486 2485/2485 2487/2487
f 2488/2488 2489/2489 2490/2490
f 2488/2488 2490/2490 2491/2491
f 2491/2491 2490/2490 2487/2487
f 2491/2491 2487/2487 2485/2485
f 2492/2492 2491/2491 2485/2485
f 2492/2492 2485/2485 2483/2483
f 2493/2493 2492/2492 2483/2483
f 2493/2493 2483/2483 2481/2481
f 2494/2494 2493/2493 2481/2481
f 2494/2494 2481/2481 2479/2479
f 2495/2495 2494/2494 2479/2479
f 2495/2495 2479/2479 2477/2477
f 2496/2496 2495/2495 2477/2477
f 2496/2496 2477/2477 2475/2475
f 2497/2497 2496/2496 2475/2475
f 2497/2497 2475/2475 2474/2474
f 2498/2498 2497/2497 2474/2474
f 2498/2498 2474/2474 2499/2499
f 2473/2473 2499/2499 2474/2474
f 2473/2473 2500/2500 2499/2499
f 2501/2501 2488/2488 2491/2491
f 2501/2501 2491/2491 2492/2492
f 2502/2502 2501/2501 2492/2492
f 2502/2502 2492/2492 2493/2493
f 2503/2503 2502/2502 2493/2493
f 2503/2503 2493/2493 2494/2494
f 2504/2504 2503/2503 2494/2494
f 2504/2504 2494/2494 2495/2495
f 2505/2505 2504/2504 2495/2495
f 2505/2505 2495/2495 2496/2496
f 2506/2506 2505/2505 2496/2496
f 2506/2506 2496/2496 2497/2497
f 2507/2507 2506/2506 2497/2497
f 2507/2507 2497/2497 2498/2498
f 2508/2508 2509/2509 2510/2510
f 2508/2508 2510/2510 2511/2511
f 2512/2512 2513/2513 2514/2514
f 2512/2512 2514/2514 2515/2515
f 2516/2516 2508/2508 2511/2511
f 2516/2516 2511/2511 2517/2517
f 2518/2518 2512/2512 2515/2515
f 2518/2518 2515/2515 2519/2519
f 2513/2513 2520/2520 2521/2521
f 2513/2513 2521/2521 2514/2514
f 2522/2522 2516/2516 2517/2517
f 2522/2522 2517/2517 2523/2523
f 2524/2524 2518/2518 2519/2519
f 2524/2524 2519/2519 2525/2525
f 2520/2520 2522/2522 2523/2523
f 2520/2520 2523/2523 2521/2521
f 2526/2526 2527/2527 2528/2528
f 2528/2528 2529/2529 2526/2526
f 2530/2530 2526/2526 2529/2529
f 2531/2531 2532/2532 822/822
f 821/821 790/790 789/789
f 822/822 821/821 789/789
f 822/822 789/789 2533/2533
f 2531/2531 822/822 2533/2533
f 2531/2531 2533/2533 2534/2534
f 2534/2534 797/797 2531/2531
f 797/797 814/814 2531/2531
f 797/797 2535/2535 814/814
f 797/797 796/796 2535/2535
f 2536/2536 2537/2537 2538/2538
f 2536/2536 2538/2538 2539/2539
f 2540/2540 2541/2541 2542/2542
f 2543/2543 2544/2544 2545/2545
f 2543/2543 2546/2546 2544/2544
f 2543/2543 2547/2547 2546/2546
f 2548/2548 2546/2546 2547/2547
f 2548/2548 2547/2547 2549/2549
f 2550/2550 2548/2548 2549/2549
f 2550/2550 2551/2551 2548/2548
f 2551/2551 2550/2550 2552/2552
f 2551/2551 2552/2552 2542/2542
f 2540/2540 2542/2542 2552/2552
f 2540/2540 2552/2552 2553/2553
f 2540/2540 2553/2553 2554/2554
f 2554/2554 2553/2553 2555/2555
f 2545/2545 2554/2554 2555/2555
f 2545/2545 2555/2555 2543/2543
f 1117/1117 270/270 275/275
f 1117/1117 275/275 1115/1115
f 14/14 13/13 17/17
f 14/14 17/17 16/16
f 2556/2556 2557/2557 2558/2558
f 2556/2556 2558/2558 2559/2559
f 1117/1117 1118/1118 2560/2560
f 1117/1117 2560/2560 270/270
f 560/560 2561/2561 2562/2562
f 560/560 2562/2562 2563/2563
f 569/569 2564/2564 2556/2556
f 569/569 2556/2556 2559/2559
f 2565/2565 14/14 16/16
f 2565/2565 16/16 2566/2566
f 2567/2567 2568/2568 2569/2569
f 2567/2567 2569/2569 2570/2570
f 2568/2568 2571/2571 2572/2572
f 2568/2568 2572/2572 2569/2569
f 2571/2571 2573/2573 2574/2574
f 2571/2571 2574/2574 2572/2572
f 2573/2573 2575/2575 2576/2576
f 2573/2573 2576/2576 2574/2574
f 2577/2577 2578/2578 2579/2579
f 2577/2577 2579/2579 2580/2580
f 2581/2581 1571/1571 1573/1573
f 2581/2581 1573/1573 2582/2582
f 1570/1570 1565/1565 1567/1567
f 1570/1570 1567/1567 1572/1572
f 2583/2583 1568/1568 1571/1571
f 2583/2583 1571/1571 2581/2581
f 1569/1569 1562/1562 1565/1565
f 1569/1569 1565/1565 1570/1570
f 2584/2584 2585/2585 2586/2586
f 2584/2584 2586/2586 2587/2587
f 2588/2588 2589/2589 2590/2590
f 2588/2588 2590/2590 2586/2586
f 2591/2591 2588/2588 2586/2586
f 2591/2591 2586/2586 2585/2585
f 2592/2592 2593/2593 2588/2588
f 2592/2592 2588/2588 2591/2591
f 2594/2594 2595/2595 2591/2591
f 2594/2594 2591/2591 2585/2585
f 2596/2596 2597/2597 2598/2598
f 2596/2596 2598/2598 2599/2599
f 2600/2600 2601/2601 2602/2602
f 2600/2600 2602/2602 2598/2598
f 2603/2603 2600/2600 2598/2598
f 2603/2603 2598/2598 2597/2597
f 2604/2604 2605/2605 2600/2600
f 2604/2604 2600/2600 2603/2603
f 2606/2606 2607/2607 2603/2603
f 2606/2606 2603/2603 2597/2597
f 2608/2608 2609/2609 2610/2610
f 2608/2608 2610/2610 2611/2611
f 2609/2609 2612/2612 2613/2613
f 2609/2609 2613/2613 2610/2610
f 1559/1559 2608/2608 2611/2611
f 1559/1559 2611/2611 2614/2614
f 2615/2615 1559/1559 2614/2614
f 2615/2615 2614/2614 2616/2616
f 2617/2617 2618/2618 2619/2619
f 2617/2617 2619/2619 2620/2620
f 2621/2621 2622/2622 2623/2623
f 2621/2621 2623/2623 2624/2624
f 2625/2625 2626/2626 2627/2627
f 2625/2625 2627/2627 2628/2628
f 2617/2617 2620/2620 2625/2625
f 2617/2617 2625/2625 2628/2628
f 2629/2629 2630/2630 2631/2631
f 2629/2629 2631/2631 2632/2632
f 2632/2632 2631/2631 2623/2623
f 2632/2632 2623/2623 2633/2633
f 2634/2634 2633/2633 2623/2623
f 2634/2634 2623/2623 2622/2622
f 2635/2635 2631/2631 2630/2630
f 2635/2635 2630/2630 2636/2636
f 2619/2619 2621/2621 2624/2624
f 2619/2619 2624/2624 2620/2620
f 2624/2624 2623/2623 2631/2631
f 2624/2624 2631/2631 2635/2635
f 2625/2625 2635/2635 2636/2636
f 2625/2625 2636/2636 2626/2626
f 2620/2620 2624/2624 2635/2635
f 2620/2620 2635/2635 2625/2625
f 61/61 157/157 2637/2637
f 61/61 2637/2637 62/62
f 155/155 2637/2637 157/157
f 155/155 157/157 156/156
f 62/62 38/38 37/37
f 62/62 37/37 63/63
f 1711/1711 1710/1710 2638/2638
f 1711/1711 2638/2638 2639/2639
f 2640/2640 2641/2641 1462/1462
f 2640/2640 1462/1462 1464/1464
f 2640/2640 1464/1464 2642/2642
f 2640/2640 2642/2642 2643/2643
f 2644/2644 2645/2645 162/162
f 2644/2644 162/162 173/173
f 2646/2646 2647/2647 162/162
f 2646/2646 162/162 2645/2645
f 164/164 2648/2648 2644/2644
f 164/164 2644/2644 173/173
f 2649/2649 2650/2650 2651/2651
f 2649/2649 2651/2651 2652/2652
f 2652/2652 2647/2647 2646/2646
f 2652/2652 2646/2646 2649/2649
f 163/163 2653/2653 2654/2654
f 163/163 2654/2654 2646/2646
f 163/163 2646/2646 2645/2645
f 163/163 2645/2645 2655/2655
f 1465/1465 1463/1463 2656/2656
f 1465/1465 2656/2656 2657/2657
f 1459/1459 161/161 2658/2658
f 1459/1459 2658/2658 1461/1461
f 1461/1461 2658/2658 2656/2656
f 1461/1461 2656/2656 1463/1463
f 1467/1467 1465/1465 2657/2657
f 1467/1467 2657/2657 2659/2659
f 1459/1459 159/159 158/158
f 1459/1459 158/158 161/161
f 2660/2660 2661/2661 2662/2662
f 2660/2660 2662/2662 1456/1456
f 2663/2663 2664/2664 2665/2665
f 2665/2665 2664/2664 2666/2666
f 2667/2667 2668/2668 2661/2661
f 2667/2667 2661/2661 2660/2660
f 2669/2669 2670/2670 2668/2668
f 2669/2669 2668/2668 2667/2667
f 2671/2671 2672/2672 2673/2673
f 2671/2671 2673/2673 1452/1452
f 2674/2674 2675/2675 2676/2676
f 2676/2676 2675/2675 2677/2677
f 2678/2678 2679/2679 2672/2672
f 2678/2678 2672/2672 2671/2671
f 2680/2680 2681/2681 2679/2679
f 2680/2680 2679/2679 2678/2678
f 2682/2682 2683/2683 2684/2684
f 2684/2684 2683/2683 2685/2685
f 2686/2686 2687/2687 2688/2688
f 2686/2686 2688/2688 2689/2689
f 2690/2690 2691/2691 2692/2692
f 2690/2690 2692/2692 2693/2693
f 2690/2690 2693/2693 2694/2694
f 2695/2695 2696/2696 2697/2697
f 2698/2698 2695/2695 2697/2697
f 2697/2697 2699/2699 2698/2698
f 2700/2700 2698/2698 2699/2699
f 2699/2699 2701/2701 2700/2700
f 2700/2700 2701/2701 2702/2702
f 2702/2702 2703/2703 2700/2700
f 2704/2704 2703/2703 2702/2702
f 2702/2702 2705/2705 2704/2704
f 2704/2704 2705/2705 2706/2706
f 2706/2706 2707/2707 2704/2704
f 2708/2708 2707/2707 2706/2706
f 2706/2706 2709/2709 2708/2708
f 2708/2708 2709/2709 2710/2710
f 2710/2710 2711/2711 2708/2708
f 2711/2711 2710/2710 2712/2712
f 2712/2712 2713/2713 2711/2711
f 2714/2714 2715/2715 2716/2716
f 2717/2717 2718/2718 2719/2719
f 2720/2720 2719/2719 2718/2718
f 2720/2720 2721/2721 2719/2719
f 2714/2714 2719/2719 2721/2721
f 2714/2714 2716/2716 2719/2719
f 2717/2717 2719/2719 2716/2716
f 2717/2717 2716/2716 2715/2715
f 2717/2717 2715/2715 2722/2722
f 2723/2723 2722/2722 2715/2715
f 2723/2723 2715/2715 2724/2724
f 2714/2714 2724/2724 2715/2715
f 2723/2723 2724/2724 2714/2714
f 2723/2723 2714/2714 2725/2725
f 2725/2725 2726/2726 2723/2723
f 2725/2725 2727/2727 2726/2726
f 2721/2721 2728/2728 2714/2714
f 2721/2721 2729/2729 2728/2728
f 2728/2728 2729/2729 2730/2730
f 2728/2728 2730/2730 2731/2731
f 2331/2331 2732/2732 2733/2733
f 2733/2733 2335/2335 2331/2331
f 1745/1745 1744/1744 2348/2348
f 2348/2348 2347/2347 1745/1745
f 2335/2335 2733/2733 2734/2734
f 2734/2734 2343/2343 2335/2335
f 2735/2735 2736/2736 1444/1444
f 2735/2735 1444/1444 1446/1446
f 2735/2735 1446/1446 2737/2737
f 2735/2735 2737/2737 2738/2738
f 2739/2739 2740/2740 174/174
f 2739/2739 174/174 180/180
f 2741/2741 2742/2742 174/174
f 2741/2741 174/174 2740/2740
f 176/176 2743/2743 2739/2739
f 176/176 2739/2739 180/180
f 2744/2744 2745/2745 2746/2746
f 2744/2744 2746/2746 2747/2747
f 2747/2747 2742/2742 2741/2741
f 2747/2747 2741/2741 2744/2744
f 175/175 2748/2748 2749/2749
f 175/175 2749/2749 2741/2741
f 175/175 2741/2741 2740/2740
f 175/175 2740/2740 2750/2750
f 1447/1447 1445/1445 2751/2751
f 1447/1447 2751/2751 2752/2752
f 1441/1441 172/172 2753/2753
f 1441/1441 2753/2753 1443/1443
f 1443/1443 2753/2753 2751/2751
f 1443/1443 2751/2751 1445/1445
f 1449/1449 1447/1447 2752/2752
f 1449/1449 2752/2752 2754/2754
f 1441/1441 170/170 169/169
f 1441/1441 169/169 172/172
f 2755/2755 2756/2756 2757/2757
f 2757/2757 2758/2758 2755/2755
f 2759/2759 2755/2755 2758/2758
f 2758/2758 2760/2760 2759/2759
f 2759/2759 2760/2760 2761/2761
f 2761/2761 2762/2762 2759/2759
f 2763/2763 2762/2762 2761/2761
f 2761/2761 2764/2764 2763/2763
f 2763/2763 2764/2764 2765/2765
f 2765/2765 2766/2766 2763/2763
f 2767/2767 2766/2766 2765/2765
f 2765/2765 2768/2768 2767/2767
f 2767/2767 2768/2768 2769/2769
f 2769/2769 2770/2770 2767/2767
f 2770/2770 2769/2769 2771/2771
f 2771/2771 2772/2772 2770/2770
f 2773/2773 2774/2774 2775/2775
f 2775/2775 2776/2776 2773/2773
f 2777/2777 2773/2773 2776/2776
f 2776/2776 2778/2778 2777/2777
f 2779/2779 2777/2777 2778/2778
f 2778/2778 2780/2780 2779/2779
f 2781/2781 2779/2779 2780/2780
f 2780/2780 2782/2782 2781/2781
f 2783/2783 2781/2781 2782/2782
f 2782/2782 2784/2784 2783/2783
f 2785/2785 2783/2783 2784/2784
f 2784/2784 2786/2786 2785/2785
f 2787/2787 2785/2785 2786/2786
f 2786/2786 2788/2788 2787/2787
f 2788/2788 2786/2786 2789/2789
f 2789/2789 2790/2790 2788/2788
f 2776/2776 2775/2775 2791/2791
f 2791/2791 2792/2792 2776/2776
f 2778/2778 2776/2776 2792/2792
f 2792/2792 2793/2793 2778/2778
f 2780/2780 2778/2778 2793/2793
f 2793/2793 2794/2794 2780/2780
f 2782/2782 2780/2780 2794/2794
f 2794/2794 2795/2795 2782/2782
f 2784/2784 2782/2782 2795/2795
f 2795/2795 2796/2796 2784/2784
f 2786/2786 2784/2784 2796/2796
f 2796/2796 2789/2789 2786/2786
f 2789/2789 2796/2796 2797/2797
f 2798/2798 2799/2799 2800/2800
f 2800/2800 2801/2801 2798/2798
f 2802/2802 2798/2798 2801/2801
f 2803/2803 2804/2804 2805/2805
f 2804/2804 2803/2803 2806/2806
f 2806/2806 2807/2807 2804/2804
f 2807/2807 2806/2806 2808/2808
f 2809/2809 2808/2808 2806/2806
f 2808/2808 2809/2809 2810/2810
f 2811/2811 2810/2810 2809/2809
f 2809/2809 2812/2812 2811/2811
f 2813/2813 2811/2811 2812/2812
f 2812/2812 2814/2814 2813/2813
f 2815/2815 2813/2813 2814/2814
f 2814/2814 2816/2816 2815/2815
f 2817/2817 2815/2815 2816/2816
f 2816/2816 2818/2818 2817/2817
f 2818/2818 2816/2816 2819/2819
f 2819/2819 2820/2820 2818/2818
f 2820/2820 2819/2819 2821/2821
f 2821/2821 2822/2822 2820/2820
f 2823/2823 2824/2824 2825/2825
f 2825/2825 2826/2826 2823/2823
f 2827/2827 2823/2823 2826/2826
f 2826/2826 2828/2828 2827/2827
f 2828/2828 2826/2826 2829/2829
f 2829/2829 2830/2830 2828/2828
f 2831/2831 2830/2830 2832/2832
f 2830/2830 2831/2831 2821/2821
f 2821/2821 2828/2828 2830/2830
f 2828/2828 2821/2821 2819/2819
f 2819/2819 2827/2827 2828/2828
f 2827/2827 2819/2819 2816/2816
f 2816/2816 2814/2814 2827/2827
f 2823/2823 2827/2827 2814/2814
f 2814/2814 2812/2812 2823/2823
f 2824/2824 2823/2823 2812/2812
f 2812/2812 2809/2809 2824/2824
f 2806/2806 2824/2824 2809/2809
f 2824/2824 2806/2806 2803/2803
f 2803/2803 2825/2825 2824/2824
f 2825/2825 2803/2803 2833/2833
f 2833/2833 2834/2834 2825/2825
f 2834/2834 2833/2833 2835/2835
f 2835/2835 2836/2836 2834/2834
f 2836/2836 2835/2835 2837/2837
f 2837/2837 2838/2838 2836/2836
f 2838/2838 2837/2837 2839/2839
f 2839/2839 2840/2840 2838/2838
f 2840/2840 2839/2839 2841/2841
f 2841/2841 2842/2842 2840/2840
f 2842/2842 2841/2841 2843/2843
f 2843/2843 2844/2844 2842/2842
f 2844/2844 2843/2843 2845/2845
f 2845/2845 2846/2846 2844/2844
f 2846/2846 2845/2845 2847/2847
f 2847/2847 2848/2848 2846/2846
f 2848/2848 2847/2847 2849/2849
f 2849/2849 2850/2850 2848/2848
f 2850/2850 2849/2849 2851/2851
f 2851/2851 2852/2852 2850/2850
f 2852/2852 2851/2851 2853/2853
f 2853/2853 2854/2854 2852/2852
f 2849/2849 2855/2855 2856/2856
f 2855/2855 2849/2849 2847/2847
f 2847/2847 2857/2857 2855/2855
f 2857/2857 2847/2847 2845/2845
f 2845/2845 2858/2858 2857/2857
f 2858/2858 2845/2845 2843/2843
f 2843/2843 2859/2859 2858/2858
f 2859/2859 2843/2843 2841/2841
f 2841/2841 2860/2860 2859/2859
f 2860/2860 2841/2841 2839/2839
f 2839/2839 2861/2861 2860/2860
f 2861/2861 2839/2839 2837/2837
f 2837/2837 2862/2862 2861/2861
f 2862/2862 2837/2837 2835/2835
f 2835/2835 2863/2863 2862/2862
f 2863/2863 2835/2835 2833/2833
f 2833/2833 2805/2805 2863/2863
f 2805/2805 2833/2833 2803/2803
f 2098/2098 2856/2856 2855/2855
f 2855/2855 2097/2097 2098/2098
f 2097/2097 2855/2855 2857/2857
f 2857/2857 2096/2096 2097/2097
f 2096/2096 2857/2857 2858/2858
f 2858/2858 2095/2095 2096/2096
f 2095/2095 2858/2858 2859/2859
f 2859/2859 2094/2094 2095/2095
f 2094/2094 2859/2859 2860/2860
f 2860/2860 2093/2093 2094/2094
f 2093/2093 2860/2860 2861/2861
f 2861/2861 2092/2092 2093/2093
f 2092/2092 2861/2861 2862/2862
f 2862/2862 2089/2089 2092/2092
f 2089/2089 2862/2862 2863/2863
f 2863/2863 2864/2864 2089/2089
f 2864/2864 2863/2863 2805/2805
f 2805/2805 2865/2865 2864/2864
f 2866/2866 2867/2867 2868/2868
f 2868/2868 2869/2869 2866/2866
f 2870/2870 2866/2866 2869/2869
f 2869/2869 2871/2871 2870/2870
f 2872/2872 2870/2870 2871/2871
f 2871/2871 2873/2873 2872/2872
f 2874/2874 2872/2872 2873/2873
f 2873/2873 2875/2875 2874/2874
f 2876/2876 2874/2874 2875/2875
f 2875/2875 2877/2877 2876/2876
f 2877/2877 2875/2875 2878/2878
f 2878/2878 2879/2879 2877/2877
f 2879/2879 2878/2878 2880/2880
f 2880/2880 2865/2865 2879/2879
f 2865/2865 2880/2880 2881/2881
f 2881/2881 2864/2864 2865/2865
f 2864/2864 2881/2881 2090/2090
f 2090/2090 2089/2089 2864/2864
f 2865/2865 2805/2805 2804/2804
f 2804/2804 2879/2879 2865/2865
f 2879/2879 2804/2804 2807/2807
f 2807/2807 2877/2877 2879/2879
f 2877/2877 2807/2807 2882/2882
f 2882/2882 2876/2876 2877/2877
f 2876/2876 2882/2882 2883/2883
f 2883/2883 2884/2884 2876/2876
f 2874/2874 2876/2876 2884/2884
f 2884/2884 2885/2885 2874/2874
f 2872/2872 2874/2874 2885/2885
f 2885/2885 2886/2886 2872/2872
f 2870/2870 2872/2872 2886/2886
f 2886/2886 2887/2887 2870/2870
f 2866/2866 2870/2870 2887/2887
f 2887/2887 2888/2888 2866/2866
f 2867/2867 2866/2866 2888/2888
f 2888/2888 2889/2889 2867/2867
f 2810/2810 2890/2890 2808/2808
f 2890/2890 2883/2883 2882/2882
f 2882/2882 2808/2808 2890/2890
f 2808/2808 2882/2882 2807/2807
f 2891/2891 2892/2892 2893/2893
f 2893/2893 2894/2894 2891/2891
f 2894/2894 2893/2893 2895/2895
f 2895/2895 2896/2896 2894/2894
f 2896/2896 2895/2895 2897/2897
f 2897/2897 2898/2898 2896/2896
f 2898/2898 2897/2897 2899/2899
f 2899/2899 2900/2900 2898/2898
f 2900/2900 2899/2899 2901/2901
f 2901/2901 2902/2902 2900/2900
f 2902/2902 2901/2901 2903/2903
f 2903/2903 2904/2904 2902/2902
f 2904/2904 2903/2903 2905/2905
f 2905/2905 2906/2906 2904/2904
f 2906/2906 2905/2905 2907/2907
f 2907/2907 2908/2908 2906/2906
f 2908/2908 2907/2907 2909/2909
f 2909/2909 2910/2910 2908/2908
f 2911/2911 2891/2891 2894/2894
f 2894/2894 2912/2912 2911/2911
f 2912/2912 2894/2894 2896/2896
f 2896/2896 2913/2913 2912/2912
f 2913/2913 2896/2896 2898/2898
f 2898/2898 2914/2914 2913/2913
f 2914/2914 2898/2898 2900/2900
f 2900/2900 2915/2915 2914/2914
f 2915/2915 2900/2900 2902/2902
f 2902/2902 2916/2916 2915/2915
f 2916/2916 2902/2902 2904/2904
f 2904/2904 2917/2917 2916/2916
f 2917/2917 2904/2904 2906/2906
f 2906/2906 2918/2918 2917/2917
f 2918/2918 2906/2906 2908/2908
f 2908/2908 2919/2919 2918/2918
f 2919/2919 2908/2908 2910/2910
f 2910/2910 2920/2920 2919/2919
f 2074/2074 2911/2911 2912/2912
f 2912/2912 2072/2072 2074/2074
f 2072/2072 2912/2912 2913/2913
f 2913/2913 2069/2069 2072/2072
f 2069/2069 2913/2913 2914/2914
f 2914/2914 2921/2921 2069/2069
f 2921/2921 2914/2914 2915/2915
f 2915/2915 2922/2922 2921/2921
f 2922/2922 2915/2915 2916/2916
f 2916/2916 2923/2923 2922/2922
f 2923/2923 2916/2916 2917/2917
f 2917/2917 2924/2924 2923/2923
f 2924/2924 2917/2917 2918/2918
f 2918/2918 2925/2925 2924/2924
f 2925/2925 2918/2918 2919/2919
f 2919/2919 2926/2926 2925/2925
f 2926/2926 2919/2919 2920/2920
f 2920/2920 2927/2927 2926/2926
f 2927/2927 2928/2928 2929/2929
f 2929/2929 2926/2926 2927/2927
f 2926/2926 2929/2929 2930/2930
f 2930/2930 2925/2925 2926/2926
f 2925/2925 2930/2930 2931/2931
f 2931/2931 2924/2924 2925/2925
f 2924/2924 2931/2931 2932/2932
f 2932/2932 2923/2923 2924/2924
f 2923/2923 2932/2932 2933/2933
f 2933/2933 2922/2922 2923/2923
f 2922/2922 2933/2933 2934/2934
f 2934/2934 2921/2921 2922/2922
f 2921/2921 2934/2934 2070/2070
f 2070/2070 2069/2069 2921/2921
f 2100/2100 2073/2073 2071/2071
f 2071/2071 2935/2935 2100/2100
f 2935/2935 2071/2071 2070/2070
f 2070/2070 2936/2936 2935/2935
f 2936/2936 2070/2070 2934/2934
f 2934/2934 2937/2937 2936/2936
f 2937/2937 2934/2934 2933/2933
f 2933/2933 2938/2938 2937/2937
f 2938/2938 2933/2933 2932/2932
f 2932/2932 2939/2939 2938/2938
f 2939/2939 2932/2932 2931/2931
f 2931/2931 2940/2940 2939/2939
f 2940/2940 2931/2931 2930/2930
f 2930/2930 2790/2790 2940/2940
f 2790/2790 2930/2930 2929/2929
f 2929/2929 2788/2788 2790/2790
f 2788/2788 2929/2929 2928/2928
f 2928/2928 2787/2787 2788/2788
f 2790/2790 2789/2789 2941/2941
f 2941/2941 2940/2940 2790/2790
f 2940/2940 2941/2941 2942/2942
f 2942/2942 2939/2939 2940/2940
f 2939/2939 2942/2942 2943/2943
f 2943/2943 2938/2938 2939/2939
f 2938/2938 2943/2943 2944/2944
f 2944/2944 2937/2937 2938/2938
f 2937/2937 2944/2944 2945/2945
f 2945/2945 2936/2936 2937/2937
f 2936/2936 2945/2945 2946/2946
f 2946/2946 2935/2935 2936/2936
f 2935/2935 2946/2946 2947/2947
f 2947/2947 2100/2100 2935/2935
f 2100/2100 2947/2947 2948/2948
f 2948/2948 2099/2099 2100/2100
f 2099/2099 2948/2948 2856/2856
f 2856/2856 2098/2098 2099/2099
f 2797/2797 2941/2941 2789/2789
f 2941/2941 2797/2797 2949/2949
f 2949/2949 2942/2942 2941/2941
f 2942/2942 2949/2949 2950/2950
f 2950/2950 2943/2943 2942/2942
f 2943/2943 2950/2950 2951/2951
f 2951/2951 2944/2944 2943/2943
f 2944/2944 2951/2951 2952/2952
f 2952/2952 2945/2945 2944/2944
f 2945/2945 2952/2952 2953/2953
f 2953/2953 2946/2946 2945/2945
f 2946/2946 2953/2953 2954/2954
f 2954/2954 2947/2947 2946/2946
f 2947/2947 2954/2954 2853/2853
f 2853/2853 2948/2948 2947/2947
f 2948/2948 2853/2853 2851/2851
f 2851/2851 2856/2856 2948/2948
f 2856/2856 2851/2851 2849/2849
f 2854/2854 2853/2853 2954/2954
f 2954/2954 2955/2955 2854/2854
f 2955/2955 2954/2954 2953/2953
f 2953/2953 2956/2956 2955/2955
f 2956/2956 2953/2953 2952/2952
f 2952/2952 2957/2957 2956/2956
f 2957/2957 2952/2952 2951/2951
f 2951/2951 2958/2958 2957/2957
f 2958/2958 2951/2951 2950/2950
f 2950/2950 2959/2959 2958/2958
f 2959/2959 2950/2950 2949/2949
f 2949/2949 2960/2960 2959/2959
f 2960/2960 2949/2949 2797/2797
f 2797/2797 2961/2961 2960/2960
f 2961/2961 2797/2797 2796/2796
f 2796/2796 2795/2795 2961/2961
f 2962/2962 2961/2961 2795/2795
f 2795/2795 2794/2794 2962/2962
f 2961/2961 2962/2962 2963/2963
f 2963/2963 2960/2960 2961/2961
f 2960/2960 2963/2963 2964/2964
f 2964/2964 2959/2959 2960/2960
f 2959/2959 2964/2964 2965/2965
f 2965/2965 2958/2958 2959/2959
f 2958/2958 2965/2965 2966/2966
f 2966/2966 2957/2957 2958/2958
f 2957/2957 2966/2966 2967/2967
f 2967/2967 2956/2956 2957/2957
f 2956/2956 2967/2967 2968/2968
f 2968/2968 2955/2955 2956/2956
f 2955/2955 2968/2968 2969/2969
f 2969/2969 2854/2854 2955/2955
f 2854/2854 2969/2969 2970/2970
f 2970/2970 2852/2852 2854/2854
f 2852/2852 2970/2970 2971/2971
f 2971/2971 2850/2850 2852/2852
f 2972/2972 2970/2970 2969/2969
f 2969/2969 2973/2973 2972/2972
f 2973/2973 2969/2969 2968/2968
f 2968/2968 2974/2974 2973/2973
f 2974/2974 2968/2968 2967/2967
f 2967/2967 2975/2975 2974/2974
f 2975/2975 2967/2967 2966/2966
f 2966/2966 2976/2976 2975/2975
f 2976/2976 2966/2966 2965/2965
f 2965/2965 2977/2977 2976/2976
f 2977/2977 2965/2965 2964/2964
f 2964/2964 2978/2978 2977/2977
f 2978/2978 2964/2964 2963/2963
f 2963/2963 2979/2979 2978/2978
f 2979/2979 2963/2963 2962/2962
f 2962/2962 2980/2980 2979/2979
f 2980/2980 2962/2962 2794/2794
f 2794/2794 2793/2793 2980/2980
f 2792/2792 2791/2791 2981/2981
f 2981/2981 2982/2982 2792/2792
f 2793/2793 2792/2792 2982/2982
f 2982/2982 2980/2980 2793/2793
f 2980/2980 2982/2982 2983/2983
f 2983/2983 2979/2979 2980/2980
f 2979/2979 2983/2983 2984/2984
f 2984/2984 2978/2978 2979/2979
f 2978/2978 2984/2984 2985/2985
f 2985/2985 2977/2977 2978/2978
f 2977/2977 2985/2985 2986/2986
f 2986/2986 2976/2976 2977/2977
f 2976/2976 2986/2986 2987/2987
f 2987/2987 2975/2975 2976/2976
f 2975/2975 2987/2987 2988/2988
f 2988/2988 2974/2974 2975/2975
f 2974/2974 2988/2988 2989/2989
f 2989/2989 2973/2973 2974/2974
f 2973/2973 2989/2989 2990/2990
f 2991/2991 2992/2992 2990/2990
f 2990/2990 2993/2993 2991/2991
f 2993/2993 2990/2990 2989/2989
f 2989/2989 2994/2994 2993/2993
f 2994/2994 2989/2989 2988/2988
f 2988/2988 2995/2995 2994/2994
f 2995/2995 2988/2988 2987/2987
f 2987/2987 2996/2996 2995/2995
f 2996/2996 2987/2987 2986/2986
f 2986/2986 2997/2997 2996/2996
f 2997/2997 2986/2986 2985/2985
f 2985/2985 2998/2998 2997/2997
f 2998/2998 2985/2985 2984/2984
f 2984/2984 2999/2999 2998/2998
f 2999/2999 2984/2984 2983/2983
f 2983/2983 3000/3000 2999/2999
f 3000/3000 2983/2983 2982/2982
f 2982/2982 2981/2981 3000/3000
f 2822/2822 2821/2821 2831/2831
f 2831/2831 3001/3001 2822/2822
f 3001/3001 2831/2831 3002/3002
f 3002/3002 3003/3003 3001/3001
f 3003/3003 3002/3002 3004/3004
f 3004/3004 3005/3005 3003/3003
f 3005/3005 3004/3004 3006/3006
f 3006/3006 3007/3007 3005/3005
f 3007/3007 3006/3006 3008/3008
f 3008/3008 3009/3009 3007/3007
f 3009/3009 3008/3008 3010/3010
f 3010/3010 3011/3011 3009/3009
f 3011/3011 3010/3010 3012/3012
f 3012/3012 3013/3013 3011/3011
f 3013/3013 3012/3012 3014/3014
f 3014/3014 3015/3015 3013/3013
f 3015/3015 3014/3014 2992/2992
f 2992/2992 2991/2991 3015/3015
f 2990/2990 2972/2972 2973/2973
f 2972/2972 2990/2990 2992/2992
f 2992/2992 3016/3016 2972/2972
f 3016/3016 2992/2992 3014/3014
f 3014/3014 3017/3017 3016/3016
f 3017/3017 3014/3014 3012/3012
f 3012/3012 3018/3018 3017/3017
f 3018/3018 3012/3012 3010/3010
f 3010/3010 3019/3019 3018/3018
f 3019/3019 3010/3010 3008/3008
f 3008/3008 3020/3020 3019/3019
f 3020/3020 3008/3008 3006/3006
f 3006/3006 3021/3021 3020/3020
f 3021/3021 3006/3006 3004/3004
f 3004/3004 3022/3022 3021/3021
f 3022/3022 3004/3004 3002/3002
f 3002/3002 2832/2832 3022/3022
f 2832/2832 3002/3002 2831/2831
f 2830/2830 2829/2829 3023/3023
f 3023/3023 2832/2832 2830/2830
f 2832/2832 3023/3023 3024/3024
f 3024/3024 3022/3022 2832/2832
f 3022/3022 3024/3024 3025/3025
f 3025/3025 3021/3021 3022/3022
f 3021/3021 3025/3025 3026/3026
f 3026/3026 3020/3020 3021/3021
f 3020/3020 3026/3026 3027/3027
f 3027/3027 3019/3019 3020/3020
f 3019/3019 3027/3027 3028/3028
f 3028/3028 3018/3018 3019/3019
f 3018/3018 3028/3028 3029/3029
f 3029/3029 3017/3017 3018/3018
f 3017/3017 3029/3029 2971/2971
f 2971/2971 3016/3016 3017/3017
f 3016/3016 2971/2971 2970/2970
f 2970/2970 2972/2972 3016/3016
f 2850/2850 2971/2971 3029/3029
f 3029/3029 2848/2848 2850/2850
f 2848/2848 3029/3029 3028/3028
f 3028/3028 2846/2846 2848/2848
f 2846/2846 3028/3028 3027/3027
f 3027/3027 2844/2844 2846/2846
f 2844/2844 3027/3027 3026/3026
f 3026/3026 2842/2842 2844/2844
f 2842/2842 3026/3026 3025/3025
f 3025/3025 2840/2840 2842/2842
f 2840/2840 3025/3025 3024/3024
f 3024/3024 2838/2838 2840/2840
f 2838/2838 3024/3024 3023/3023
f 3023/3023 2836/2836 2838/2838
f 2836/2836 3023/3023 2829/2829
f 2829/2829 2834/2834 2836/2836
f 2834/2834 2829/2829 2826/2826
f 2826/2826 2825/2825 2834/2834
f 3030/3030 3031/3031 3032/3032
f 3032/3032 3033/3033 3030/3030
f 3033/3033 3032/3032 3034/3034
f 3034/3034 3035/3035 3033/3033
f 3035/3035 3034/3034 3036/3036
f 3036/3036 3037/3037 3035/3035
f 3037/3037 3036/3036 3038/3038
f 3038/3038 3039/3039 3037/3037
f 3039/3039 3038/3038 3040/3040
f 3040/3040 3041/3041 3039/3039
f 3041/3041 3040/3040 3042/3042
f 3042/3042 3043/3043 3041/3041
f 3043/3043 3042/3042 3044/3044
f 3044/3044 3045/3045 3043/3043
f 3045/3045 3044/3044 3046/3046
f 3046/3046 3047/3047 3045/3045
f 3047/3047 3046/3046 3048/3048
f 3048/3048 3049/3049 3047/3047
f 3049/3049 3048/3048 2892/2892
f 2892/2892 2891/2891 3049/3049
f 3050/3050 3033/3033 3035/3035
f 3035/3035 3051/3051 3050/3050
f 3051/3051 3035/3035 3037/3037
f 3037/3037 3052/3052 3051/3051
f 3052/3052 3037/3037 3039/3039
f 3039/3039 3053/3053 3052/3052
f 3053/3053 3039/3039 3041/3041
f 3041/3041 3054/3054 3053/3053
f 3054/3054 3041/3041 3043/3043
f 3043/3043 3055/3055 3054/3054
f 3055/3055 3043/3043 3045/3045
f 3045/3045 3056/3056 3055/3055
f 3056/3056 3045/3045 3047/3047
f 3047/3047 3057/3057 3056/3056
f 3057/3057 3047/3047 3049/3049
f 3049/3049 3058/3058 3057/3057
f 3058/3058 3049/3049 2891/2891
f 2891/2891 2911/2911 3058/3058
f 3059/3059 3050/3050 3051/3051
f 3051/3051 3060/3060 3059/3059
f 3060/3060 3051/3051 3052/3052
f 3052/3052 2088/2088 3060/3060
f 2088/2088 3052/3052 3053/3053
f 3053/3053 2086/2086 2088/2088
f 2086/2086 3053/3053 3054/3054
f 3054/3054 2084/2084 2086/2086
f 2084/2084 3054/3054 3055/3055
f 3055/3055 2082/2082 2084/2084
f 2082/2082 3055/3055 3056/3056
f 3056/3056 2080/2080 2082/2082
f 2080/2080 3056/3056 3057/3057
f 3057/3057 2078/2078 2080/2080
f 2078/2078 3057/3057 3058/3058
f 3058/3058 2076/2076 2078/2078
f 2076/2076 3058/3058 2911/2911
f 2911/2911 2074/2074 2076/2076
f 3061/3061 3062/3062 3031/3031
f 3031/3031 3030/3030 3061/3061
f 3063/3063 3061/3061 3030/3030
f 3030/3030 3064/3064 3063/3063
f 3064/3064 3030/3030 3033/3033
f 3033/3033 3050/3050 3064/3064
f 3065/3065 3066/3066 3062/3062
f 3062/3062 3061/3061 3065/3065
f 3067/3067 3065/3065 3061/3061
f 3061/3061 3063/3063 3067/3067
f 3068/3068 3067/3067 3063/3063
f 3063/3063 3069/3069 3068/3068
f 3069/3069 3063/3063 3064/3064
f 3064/3064 3070/3070 3069/3069
f 3070/3070 3064/3064 3050/3050
f 3050/3050 3059/3059 3070/3070
f 2088/2088 2087/2087 2091/2091
f 2091/2091 3060/3060 2088/2088
f 3060/3060 2091/2091 2090/2090
f 2090/2090 3059/3059 3060/3060
f 3059/3059 2090/2090 2881/2881
f 2881/2881 3070/3070 3059/3059
f 3070/3070 2881/2881 2880/2880
f 2880/2880 3069/3069 3070/3070
f 3069/3069 2880/2880 2878/2878
f 2878/2878 3068/3068 3069/3069
f 3068/3068 2878/2878 2875/2875
f 2875/2875 2873/2873 3068/3068
f 3067/3067 3068/3068 2873/2873
f 2873/2873 2871/2871 3067/3067
f 3065/3065 3067/3067 2871/2871
f 2871/2871 2869/2869 3065/3065
f 3066/3066 3065/3065 2869/2869
f 2869/2869 2868/2868 3066/3066
f 2328/2328 3071/3071 3072/3072
f 3072/3072 2329/2329 2328/2328
f 2329/2329 3072/3072 2732/2732
f 2732/2732 2331/2331 2329/2329
f 3073/3073 3074/3074 3075/3075
f 3076/3076 3073/3073 3077/3077
f 3075/3075 3077/3077 3073/3073
f 3077/3077 3075/3075 3078/3078
f 3079/3079 3076/3076 3080/3080
f 3077/3077 3080/3080 3076/3076
f 3080/3080 3077/3077 3081/3081
f 3078/3078 3081/3081 3077/3077
f 3081/3081 3078/3078 3082/3082
f 3083/3083 3079/3079 3084/3084
f 3080/3080 3084/3084 3079/3079
f 3084/3084 3080/3080 3085/3085
f 3081/3081 3085/3085 3080/3080
f 3085/3085 3081/3081 3086/3086
f 3082/3082 3086/3086 3081/3081
f 3086/3086 3082/3082 3087/3087
f 3088/3088 3083/3083 3089/3089
f 3084/3084 3089/3089 3083/3083
f 3089/3089 3084/3084 3090/3090
f 3085/3085 3090/3090 3084/3084
f 3090/3090 3085/3085 3091/3091
f 3086/3086 3091/3091 3085/3085
f 3091/3091 3086/3086 3092/3092
f 3087/3087 3092/3092 3086/3086
f 3092/3092 3087/3087 3093/3093
f 3094/3094 3088/3088 3095/3095
f 3089/3089 3095/3095 3088/3088
f 3095/3095 3089/3089 3096/3096
f 3090/3090 3096/3096 3089/3089
f 3096/3096 3090/3090 3097/3097
f 3091/3091 3097/3097 3090/3090
f 3097/3097 3091/3091 3098/3098
f 3092/3092 3098/3098 3091/3091
f 3098/3098 3092/3092 3099/3099
f 3093/3093 3099/3099 3092/3092
f 3099/3099 3093/3093 3100/3100
f 3101/3101 3094/3094 3102/3102
f 3095/3095 3102/3102 3094/3094
f 3102/3102 3095/3095 3103/3103
f 3096/3096 3103/3103 3095/3095
f 3103/3103 3096/3096 3104/3104
f 3097/3097 3104/3104 3096/3096
f 3104/3104 3097/3097 3105/3105
f 3098/3098 3105/3105 3097/3097
f 3105/3105 3098/3098 3106/3106
f 3099/3099 3106/3106 3098/3098
f 3106/3106 3099/3099 3107/3107
f 3100/3100 3107/3107 3099/3099
f 3107/3107 3100/3100 3108/3108
f 2111/2111 3101/3101 2109/2109
f 3102/3102 2109/2109 3101/3101
f 2109/2109 3102/3102 2107/2107
f 3103/3103 2107/2107 3102/3102
f 2107/2107 3103/3103 3109/3109
f 3104/3104 3109/3109 3103/3103
f 3109/3109 3104/3104 3110/3110
f 3105/3105 3110/3110 3104/3104
f 3110/3110 3105/3105 3111/3111
f 3106/3106 3111/3111 3105/3105
f 3111/3111 3106/3106 3112/3112
f 3107/3107 3112/3112 3106/3106
f 3112/3112 3107/3107 3113/3113
f 3108/3108 3113/3113 3107/3107
f 3113/3113 3108/3108 3114/3114
f 1838/1838 3115/3115 1839/1839
f 3115/3115 1838/1838 3116/3116
f 3116/3116 3117/3117 3115/3115
f 3117/3117 3116/3116 3118/3118
f 3118/3118 3119/3119 3117/3117
f 3119/3119 3118/3118 3120/3120
f 3120/3120 3114/3114 3119/3119
f 3114/3114 3120/3120 3113/3113
f 3121/3121 3113/3113 3120/3120
f 3113/3113 3121/3121 3112/3112
f 2151/2151 3112/3112 3121/3121
f 3112/3112 2151/2151 3111/3111
f 2152/2152 3111/3111 2151/2151
f 3111/3111 2152/2152 3110/3110
f 2153/2153 3110/3110 2152/2152
f 3110/3110 2153/2153 3109/3109
f 2108/2108 3109/3109 2153/2153
f 3109/3109 2108/2108 2107/2107
f 3122/3122 3123/3123 1828/1828
f 1830/1830 1828/1828 3123/3123
f 3123/3123 3124/3124 1830/1830
f 1832/1832 1830/1830 3124/3124
f 3124/3124 3125/3125 1832/1832
f 1834/1834 1832/1832 3125/3125
f 3125/3125 3126/3126 1834/1834
f 1836/1836 1834/1834 3126/3126
f 3126/3126 3127/3127 1836/1836
f 1838/1838 1836/1836 3127/3127
f 3127/3127 3116/3116 1838/1838
f 3116/3116 3127/3127 2149/2149
f 2149/2149 3118/3118 3116/3116
f 3118/3118 2149/2149 2148/2148
f 2148/2148 3120/3120 3118/3118
f 3120/3120 2148/2148 3121/3121
f 2146/2146 3121/3121 2148/2148
f 3121/3121 2146/2146 2151/2151
f 2150/2150 2149/2149 3127/3127
f 3127/3127 3126/3126 2150/2150
f 3128/3128 2150/2150 3126/3126
f 3126/3126 3125/3125 3128/3128
f 3129/3129 3128/3128 3125/3125
f 3125/3125 3124/3124 3129/3129
f 3130/3130 3129/3129 3124/3124
f 3124/3124 3123/3123 3130/3130
f 3131/3131 3130/3130 3123/3123
f 3123/3123 3122/3122 3131/3131
f 3132/3132 3131/3131 3122/3122
f 3122/3122 3133/3133 3132/3132
f 3134/3134 3132/3132 3133/3133
f 3133/3133 3135/3135 3134/3134
f 3136/3136 3134/3134 3135/3135
f 3135/3135 3137/3137 3136/3136
f 3138/3138 3136/3136 3137/3137
f 3137/3137 3139/3139 3138/3138
f 3140/3140 2143/2143 3141/3141
f 2145/2145 3141/3141 2143/2143
f 3141/3141 2145/2145 3142/3142
f 2147/2147 3142/3142 2145/2145
f 3142/3142 2147/2147 2150/2150
f 2150/2150 3128/3128 3142/3142
f 3143/3143 3142/3142 3128/3128
f 3128/3128 3129/3129 3143/3143
f 3144/3144 3143/3143 3129/3129
f 3129/3129 3130/3130 3144/3144
f 3145/3145 3144/3144 3130/3130
f 3130/3130 3131/3131 3145/3145
f 3146/3146 3145/3145 3131/3131
f 3131/3131 3132/3132 3146/3146
f 3147/3147 3146/3146 3132/3132
f 3132/3132 3134/3134 3147/3147
f 3148/3148 3147/3147 3134/3134
f 3134/3134 3136/3136 3148/3148
f 3149/3149 3150/3150 3151/3151
f 3152/3152 3151/3151 3150/3150
f 3150/3150 3153/3153 3152/3152
f 3154/3154 3152/3152 3153/3153
f 3153/3153 3155/3155 3154/3154
f 3148/3148 3154/3154 3155/3155
f 3155/3155 3156/3156 3148/3148
f 3147/3147 3148/3148 3156/3156
f 3156/3156 3157/3157 3147/3147
f 3146/3146 3147/3147 3157/3157
f 3157/3157 3158/3158 3146/3146
f 3145/3145 3146/3146 3158/3158
f 3158/3158 3159/3159 3145/3145
f 3144/3144 3145/3145 3159/3159
f 3159/3159 3160/3160 3144/3144
f 3143/3143 3144/3144 3160/3160
f 3160/3160 3141/3141 3143/3143
f 3142/3142 3143/3143 3141/3141
f 3161/3161 3162/3162 3149/3149
f 3150/3150 3149/3149 3162/3162
f 3162/3162 3163/3163 3150/3150
f 3153/3153 3150/3150 3163/3163
f 3163/3163 3164/3164 3153/3153
f 3155/3155 3153/3153 3164/3164
f 3164/3164 3165/3165 3155/3155
f 3156/3156 3155/3155 3165/3165
f 3165/3165 3166/3166 3156/3156
f 3157/3157 3156/3156 3166/3166
f 3166/3166 3167/3167 3157/3157
f 3158/3158 3157/3157 3167/3167
f 3167/3167 3168/3168 3158/3158
f 3159/3159 3158/3158 3168/3168
f 3168/3168 3169/3169 3159/3159
f 3160/3160 3159/3159 3169/3169
f 3169/3169 3140/3140 3160/3160
f 3141/3141 3160/3160 3140/3140
f 3170/3170 3171/3171 3161/3161
f 3162/3162 3161/3161 3171/3171
f 3171/3171 3172/3172 3162/3162
f 3163/3163 3162/3162 3172/3172
f 3172/3172 3173/3173 3163/3163
f 3164/3164 3163/3163 3173/3173
f 3173/3173 3174/3174 3164/3164
f 3165/3165 3164/3164 3174/3174
f 3174/3174 3175/3175 3165/3165
f 3166/3166 3165/3165 3175/3175
f 3175/3175 3176/3176 3166/3166
f 3167/3167 3166/3166 3176/3176
f 3176/3176 3177/3177 3167/3167
f 3168/3168 3167/3167 3177/3177
f 3177/3177 3178/3178 3168/3168
f 3169/3169 3168/3168 3178/3178
f 3178/3178 3179/3179 3169/3169
f 3140/3140 3169/3169 3179/3179
f 1813/1813 1815/1815 3170/3170
f 3171/3171 3170/3170 1815/1815
f 1815/1815 1817/1817 3171/3171
f 3172/3172 3171/3171 1817/1817
f 1817/1817 1819/1819 3172/3172
f 3173/3173 3172/3172 1819/1819
f 1819/1819 3180/3180 3173/3173
f 3174/3174 3173/3173 3180/3180
f 3180/3180 3181/3181 3174/3174
f 3175/3175 3174/3174 3181/3181
f 3181/3181 3182/3182 3175/3175
f 3176/3176 3175/3175 3182/3182
f 3182/3182 3183/3183 3176/3176
f 3177/3177 3176/3176 3183/3183
f 3183/3183 3184/3184 3177/3177
f 3178/3178 3177/3177 3184/3184
f 3184/3184 3185/3185 3178/3178
f 3179/3179 3178/3178 3185/3185
f 1818/1818 3186/3186 1819/1819
f 3180/3180 1819/1819 3186/3186
f 3186/3186 3187/3187 3180/3180
f 3181/3181 3180/3180 3187/3187
f 3187/3187 3188/3188 3181/3181
f 3182/3182 3181/3181 3188/3188
f 3188/3188 3189/3189 3182/3182
f 3183/3183 3182/3182 3189/3189
f 3189/3189 2133/2133 3183/3183
f 3184/3184 3183/3183 2133/2133
f 2133/2133 2134/2134 3184/3184
f 3185/3185 3184/3184 2134/2134
f 2134/2134 2136/2136 3185/3185
f 2139/2139 3185/3185 2136/2136
f 3185/3185 2139/2139 3179/3179
f 2141/2141 3179/3179 2139/2139
f 3179/3179 2141/2141 3140/3140
f 2143/2143 3140/3140 2141/2141
f 3190/3190 3191/3191 1810/1810
f 1812/1812 1810/1810 3191/3191
f 3191/3191 3192/3192 1812/1812
f 1814/1814 1812/1812 3192/3192
f 3192/3192 3193/3193 1814/1814
f 1816/1816 1814/1814 3193/3193
f 3193/3193 3194/3194 1816/1816
f 1818/1818 1816/1816 3194/3194
f 3194/3194 3195/3195 1818/1818
f 3186/3186 1818/1818 3195/3195
f 3195/3195 3196/3196 3186/3186
f 3187/3187 3186/3186 3196/3196
f 3196/3196 3197/3197 3187/3187
f 3188/3188 3187/3187 3197/3197
f 3197/3197 2154/2154 3188/3188
f 3189/3189 3188/3188 2154/2154
f 2154/2154 2131/2131 3189/3189
f 2133/2133 3189/3189 2131/2131
f 2121/2121 2119/2119 2154/2154
f 2154/2154 3197/3197 2121/2121
f 2123/2123 2121/2121 3197/3197
f 3197/3197 3196/3196 2123/2123
f 2125/2125 2123/2123 3196/3196
f 3196/3196 3195/3195 2125/2125
f 3198/3198 2125/2125 3195/3195
f 3195/3195 3194/3194 3198/3198
f 3199/3199 3198/3198 3194/3194
f 3194/3194 3193/3193 3199/3199
f 3200/3200 3199/3199 3193/3193
f 3193/3193 3192/3192 3200/3200
f 3201/3201 3200/3200 3192/3192
f 3192/3192 3191/3191 3201/3201
f 3202/3202 3201/3201 3191/3191
f 3191/3191 3190/3190 3202/3202
f 3203/3203 3202/3202 3190/3190
f 3190/3190 3204/3204 3203/3203
f 3205/3205 2124/2124 2125/2125
f 2125/2125 3198/3198 3205/3205
f 3206/3206 3205/3205 3198/3198
f 3198/3198 3199/3199 3206/3206
f 3207/3207 3206/3206 3199/3199
f 3199/3199 3200/3200 3207/3207
f 3208/3208 3207/3207 3200/3200
f 3200/3200 3201/3201 3208/3208
f 3209/3209 3208/3208 3201/3201
f 3201/3201 3202/3202 3209/3209
f 3210/3210 3209/3209 3202/3202
f 3202/3202 3203/3203 3210/3210
f 3211/3211 3210/3210 3203/3203
f 3203/3203 3212/3212 3211/3211
f 3213/3213 3211/3211 3212/3212
f 3212/3212 3214/3214 3213/3213
f 3215/3215 3213/3213 3214/3214
f 3214/3214 3216/3216 3215/3215
f 3216/3216 3214/3214 3217/3217
f 3217/3217 3218/3218 3216/3216
f 3218/3218 3217/3217 3219/3219
f 3219/3219 3220/3220 3218/3218
f 3220/3220 3219/3219 3221/3221
f 3221/3221 3222/3222 3220/3220
f 3222/3222 3221/3221 3223/3223
f 3223/3223 3224/3224 3222/3222
f 3224/3224 3223/3223 3225/3225
f 3225/3225 3226/3226 3224/3224
f 3226/3226 3225/3225 3227/3227
f 3227/3227 3228/3228 3226/3226
f 3228/3228 3227/3227 3229/3229
f 3229/3229 3230/3230 3228/3228
f 3230/3230 3229/3229 3231/3231
f 3231/3231 3232/3232 3230/3230
f 3232/3232 3231/3231 3233/3233
f 3233/3233 3234/3234 3232/3232
f 3212/3212 3203/3203 3204/3204
f 3204/3204 3235/3235 3212/3212
f 3214/3214 3212/3212 3235/3235
f 3235/3235 3217/3217 3214/3214
f 3217/3217 3235/3235 3236/3236
f 3236/3236 3219/3219 3217/3217
f 3219/3219 3236/3236 3237/3237
f 3237/3237 3221/3221 3219/3219
f 3221/3221 3237/3237 3238/3238
f 3238/3238 3223/3223 3221/3221
f 3223/3223 3238/3238 3239/3239
f 3239/3239 3225/3225 3223/3223
f 3225/3225 3239/3239 3240/3240
f 3240/3240 3227/3227 3225/3225
f 3227/3227 3240/3240 3241/3241
f 3241/3241 3229/3229 3227/3227
f 3229/3229 3241/3241 3242/3242
f 3242/3242 3231/3231 3229/3229
f 3243/3243 3233/3233 3231/3231
f 3231/3231 3242/3242 3243/3243
f 3244/3244 3243/3243 3242/3242
f 3242/3242 3245/3245 3244/3244
f 3245/3245 3242/3242 3241/3241
f 3241/3241 3246/3246 3245/3245
f 3246/3246 3241/3241 3240/3240
f 3240/3240 3247/3247 3246/3246
f 3247/3247 3240/3240 3239/3239
f 3239/3239 1800/1800 3247/3247
f 1800/1800 3239/3239 3238/3238
f 3238/3238 1803/1803 1800/1800
f 1803/1803 3238/3238 3237/3237
f 3237/3237 1805/1805 1803/1803
f 1805/1805 3237/3237 3236/3236
f 3236/3236 1807/1807 1805/1805
f 1807/1807 3236/3236 3235/3235
f 3235/3235 3204/3204 1807/1807
f 1808/1808 1807/1807 3204/3204
f 3204/3204 3190/3190 1808/1808
f 1810/1810 1808/1808 3190/3190
f 3248/3248 3244/3244 3245/3245
f 3245/3245 3249/3249 3248/3248
f 3249/3249 3245/3245 3246/3246
f 3246/3246 3250/3250 3249/3249
f 3250/3250 3246/3246 3247/3247
f 3247/3247 1802/1802 3250/3250
f 1802/1802 3247/3247 1800/1800
f 3251/3251 3252/3252 3253/3253
f 3253/3253 3254/3254 3251/3251
f 3255/3255 3251/3251 3254/3254
f 3254/3254 3256/3256 3255/3255
f 3257/3257 3255/3255 3256/3256
f 3256/3256 3258/3258 3257/3257
f 3259/3259 3257/3257 3258/3258
f 3258/3258 3260/3260 3259/3259
f 3261/3261 3259/3259 3260/3260
f 3260/3260 3262/3262 3261/3261
f 3263/3263 3261/3261 3262/3262
f 3254/3254 3253/3253 3234/3234
f 3234/3234 3233/3233 3254/3254
f 3256/3256 3254/3254 3233/3233
f 3233/3233 3243/3243 3256/3256
f 3258/3258 3256/3256 3243/3243
f 3243/3243 3244/3244 3258/3258
f 3260/3260 3258/3258 3244/3244
f 3244/3244 3248/3248 3260/3260
f 3262/3262 3260/3260 3248/3248
f 3248/3248 3264/3264 3262/3262
f 3265/3265 3262/3262 3264/3264
f 3264/3264 3266/3266 3265/3265
f 3267/3267 3265/3265 3266/3266
f 3266/3266 3268/3268 3267/3267
f 3269/3269 3267/3267 3268/3268
f 3268/3268 3270/3270 3269/3269
f 3271/3271 3269/3269 3270/3270
f 3262/3262 3265/3265 3263/3263
f 3272/3272 3263/3263 3265/3265
f 3265/3265 3267/3267 3272/3272
f 3273/3273 3272/3272 3267/3267
f 3267/3267 3269/3269 3273/3273
f 3274/3274 3273/3273 3269/3269
f 3269/3269 3271/3271 3274/3274
f 3275/3275 3274/3274 3271/3271
f 3271/3271 3276/3276 3275/3275
f 3277/3277 3275/3275 3276/3276
f 3276/3276 3278/3278 3277/3277
f 3279/3279 3277/3277 3278/3278
f 3278/3278 3280/3280 3279/3279
f 3281/3281 3279/3279 3280/3280
f 3280/3280 3282/3282 3281/3281
f 3283/3283 3281/3281 3282/3282
f 3282/3282 1820/1820 3283/3283
f 1822/1822 3283/3283 1820/1820
f 3270/3270 3284/3284 3271/3271
f 3276/3276 3271/3271 3284/3284
f 3284/3284 3285/3285 3276/3276
f 3278/3278 3276/3276 3285/3285
f 3285/3285 3286/3286 3278/3278
f 3280/3280 3278/3278 3286/3286
f 3286/3286 3287/3287 3280/3280
f 3282/3282 3280/3280 3287/3287
f 3287/3287 3139/3139 3282/3282
f 1820/1820 3282/3282 3139/3139
f 3139/3139 3137/3137 1820/1820
f 1821/1821 1820/1820 3137/3137
f 3137/3137 3135/3135 1821/1821
f 1824/1824 1821/1821 3135/3135
f 3135/3135 3133/3133 1824/1824
f 1826/1826 1824/1824 3133/3133
f 3133/3133 3122/3122 1826/1826
f 1828/1828 1826/1826 3122/3122
f 3288/3288 3138/3138 3139/3139
f 3139/3139 3287/3287 3288/3288
f 3289/3289 3288/3288 3287/3287
f 3287/3287 3286/3286 3289/3289
f 3290/3290 3289/3289 3286/3286
f 3286/3286 3285/3285 3290/3290
f 3291/3291 3290/3290 3285/3285
f 3285/3285 3284/3284 3291/3291
f 3292/3292 3291/3291 3284/3284
f 3284/3284 3270/3270 3292/3292
f 3293/3293 3292/3292 3270/3270
f 3270/3270 3268/3268 3293/3293
f 3294/3294 3293/3293 3268/3268
f 3268/3268 3266/3266 3294/3294
f 3295/3295 3294/3294 3266/3266
f 3266/3266 3264/3264 3295/3295
f 3249/3249 3295/3295 3264/3264
f 3264/3264 3248/3248 3249/3249
f 3154/3154 3148/3148 3136/3136
f 3136/3136 3138/3138 3154/3154
f 3152/3152 3154/3154 3138/3138
f 3138/3138 3288/3288 3152/3152
f 3151/3151 3152/3152 3288/3288
f 3288/3288 3289/3289 3151/3151
f 3296/3296 3151/3151 3289/3289
f 3289/3289 3290/3290 3296/3296
f 3297/3297 3296/3296 3290/3290
f 3290/3290 3291/3291 3297/3297
f 3298/3298 3297/3297 3291/3291
f 3291/3291 3292/3292 3298/3298
f 3299/3299 3298/3298 3292/3292
f 3292/3292 3293/3293 3299/3299
f 3300/3300 3299/3299 3293/3293
f 3293/3293 3294/3294 3300/3300
f 3301/3301 3300/3300 3294/3294
f 3294/3294 3295/3295 3301/3301
f 3295/3295 3249/3249 3250/3250
f 3250/3250 3301/3301 3295/3295
f 3301/3301 3250/3250 1802/1802
f 1802/1802 3302/3302 3301/3301
f 3300/3300 3301/3301 3302/3302
f 3302/3302 3303/3303 3300/3300
f 3299/3299 3300/3300 3303/3303
f 3303/3303 3304/3304 3299/3299
f 3298/3298 3299/3299 3304/3304
f 3304/3304 3305/3305 3298/3298
f 3297/3297 3298/3298 3305/3305
f 3305/3305 3306/3306 3297/3297
f 3296/3296 3297/3297 3306/3306
f 3306/3306 3149/3149 3296/3296
f 3151/3151 3296/3296 3149/3149
f 3302/3302 1802/1802 1801/1801
f 1801/1801 3307/3307 3302/3302
f 3303/3303 3302/3302 3307/3307
f 3307/3307 3308/3308 3303/3303
f 3304/3304 3303/3303 3308/3308
f 3308/3308 3309/3309 3304/3304
f 3305/3305 3304/3304 3309/3309
f 3309/3309 3310/3310 3305/3305
f 3306/3306 3305/3305 3310/3310
f 3310/3310 3161/3161 3306/3306
f 3149/3149 3306/3306 3161/3161
f 3307/3307 1801/1801 1804/1804
f 1804/1804 3311/3311 3307/3307
f 3308/3308 3307/3307 3311/3311
f 3311/3311 3312/3312 3308/3308
f 3309/3309 3308/3308 3312/3312
f 3312/3312 3313/3313 3309/3309
f 3310/3310 3309/3309 3313/3313
f 3313/3313 3170/3170 3310/3310
f 3161/3161 3310/3310 3170/3170
f 3311/3311 1804/1804 1806/1806
f 1806/1806 1809/1809 3311/3311
f 3312/3312 3311/3311 1809/1809
f 1809/1809 1811/1811 3312/3312
f 3313/3313 3312/3312 1811/1811
f 1811/1811 1813/1813 3313/3313
f 3170/3170 3313/3313 1813/1813
f 3314/3314 3315/3315 3316/3316
f 3317/3317 3316/3316 3315/3315
f 3315/3315 3318/3318 3317/3317
f 3319/3319 3317/3317 3318/3318
f 3318/3318 3320/3320 3319/3319
f 3321/3321 3319/3319 3320/3320
f 3320/3320 3322/3322 3321/3321
f 3323/3323 3321/3321 3322/3322
f 3322/3322 3324/3324 3323/3323
f 3325/3325 3323/3323 3324/3324
f 3324/3324 3326/3326 3325/3325
f 3327/3327 3325/3325 3326/3326
f 3326/3326 3328/3328 3327/3327
f 3329/3329 3327/3327 3328/3328
f 3328/3328 3330/3330 3329/3329
f 3331/3331 3329/3329 3330/3330
f 3330/3330 3332/3332 3331/3331
f 3333/3333 3331/3331 3332/3332
f 3334/3334 3335/3335 3322/3322
f 3324/3324 3322/3322 3335/3335
f 3335/3335 3336/3336 3324/3324
f 3326/3326 3324/3324 3336/3336
f 3336/3336 3337/3337 3326/3326
f 3328/3328 3326/3326 3337/3337
f 3337/3337 3338/3338 3328/3328
f 3330/3330 3328/3328 3338/3338
f 3338/3338 3339/3339 3330/3330
f 3332/3332 3330/3330 3339/3339
f 3339/3339 3340/3340 3332/3332
f 3341/3341 3332/3332 3340/3340
f 3340/3340 3342/3342 3341/3341
f 3343/3343 3341/3341 3342/3342
f 3342/3342 3344/3344 3343/3343
f 3345/3345 3343/3343 3344/3344
f 3344/3344 3346/3346 3345/3345
f 3347/3347 3345/3345 3346/3346
f 3332/3332 3341/3341 3333/3333
f 3348/3348 3333/3333 3341/3341
f 3341/3341 3343/3343 3348/3348
f 3349/3349 3348/3348 3343/3343
f 3343/3343 3345/3345 3349/3349
f 3350/3350 3349/3349 3345/3345
f 3345/3345 3347/3347 3350/3350
f 3351/3351 3350/3350 3347/3347
f 3347/3347 3352/3352 3351/3351
f 3353/3353 3351/3351 3352/3352
f 3352/3352 3354/3354 3353/3353
f 3355/3355 3353/3353 3354/3354
f 3354/3354 3356/3356 3355/3355
f 3357/3357 3355/3355 3356/3356
f 3356/3356 3358/3358 3357/3357
f 3359/3359 3357/3357 3358/3358
f 3358/3358 3360/3360 3359/3359
f 3360/3360 3358/3358 3361/3361
f 3362/3362 3363/3363 3364/3364
f 3364/3364 3365/3365 3362/3362
f 3366/3366 3362/3362 3365/3365
f 3365/3365 3367/3367 3366/3366
f 3368/3368 3366/3366 3367/3367
f 3367/3367 3369/3369 3368/3368
f 3370/3370 3368/3368 3369/3369
f 3369/3369 3371/3371 3370/3370
f 3372/3372 3370/3370 3371/3371
f 3371/3371 3373/3373 3372/3372
f 3374/3374 3372/3372 3373/3373
f 3373/3373 3375/3375 3374/3374
f 3376/3376 3374/3374 3375/3375
f 3375/3375 3377/3377 3376/3376
f 3378/3378 3376/3376 3377/3377
f 3377/3377 3379/3379 3378/3378
f 3380/3380 3378/3378 3379/3379
f 3379/3379 3381/3381 3380/3380
f 3382/3382 3383/3383 3384/3384
f 3384/3384 3385/3385 3382/3382
f 3386/3386 3382/3382 3385/3385
f 3385/3385 3387/3387 3386/3386
f 3380/3380 3386/3386 3387/3387
f 3387/3387 3388/3388 3380/3380
f 3378/3378 3380/3380 3388/3388
f 3388/3388 3389/3389 3378/3378
f 3376/3376 3378/3378 3389/3389
f 3389/3389 3390/3390 3376/3376
f 3374/3374 3376/3376 3390/3390
f 3390/3390 3391/3391 3374/3374
f 3372/3372 3374/3374 3391/3391
f 3391/3391 3392/3392 3372/3372
f 3370/3370 3372/3372 3392/3392
f 3392/3392 3393/3393 3370/3370
f 3368/3368 3370/3370 3393/3393
f 3393/3393 3394/3394 3368/3368
f 3395/3395 3396/3396 3393/3393
f 3393/3393 3392/3392 3395/3395
f 3397/3397 3395/3395 3392/3392
f 3392/3392 3391/3391 3397/3397
f 3398/3398 3397/3397 3391/3391
f 3391/3391 3390/3390 3398/3398
f 3399/3399 3398/3398 3390/3390
f 3390/3390 3389/3389 3399/3399
f 3400/3400 3399/3399 3389/3389
f 3389/3389 3388/3388 3400/3400
f 3401/3401 3400/3400 3388/3388
f 3388/3388 3387/3387 3401/3401
f 3402/3402 3401/3401 3387/3387
f 3387/3387 3385/3385 3402/3402
f 3403/3403 3402/3402 3385/3385
f 3385/3385 3384/3384 3403/3403
f 3404/3404 3403/3403 3384/3384
f 3384/3384 3405/3405 3404/3404
f 3406/3406 3407/3407 3408/3408
f 3408/3408 3409/3409 3406/3406
f 3410/3410 3406/3406 3409/3409
f 3409/3409 3411/3411 3410/3410
f 3412/3412 3410/3410 3411/3411
f 3411/3411 3413/3413 3412/3412
f 3414/3414 3412/3412 3413/3413
f 3413/3413 3396/3396 3414/3414
f 3415/3415 3414/3414 3396/3396
f 3396/3396 3395/3395 3415/3415
f 3416/3416 3415/3415 3395/3395
f 3395/3395 3397/3397 3416/3416
f 3417/3417 3416/3416 3397/3397
f 3397/3397 3398/3398 3417/3417
f 3418/3418 3417/3417 3398/3398
f 3398/3398 3399/3399 3418/3418
f 3419/3419 3418/3418 3399/3399
f 3399/3399 3400/3400 3419/3419
f 3420/3420 3421/3421 3422/3422
f 3422/3422 3423/3423 3420/3420
f 3419/3419 3420/3420 3423/3423
f 3423/3423 3424/3424 3419/3419
f 3418/3418 3419/3419 3424/3424
f 3424/3424 3425/3425 3418/3418
f 3417/3417 3418/3418 3425/3425
f 3425/3425 3426/3426 3417/3417
f 3416/3416 3417/3417 3426/3426
f 3426/3426 3427/3427 3416/3416
f 3415/3415 3416/3416 3427/3427
f 3427/3427 3428/3428 3415/3415
f 3414/3414 3415/3415 3428/3428
f 3428/3428 3429/3429 3414/3414
f 3412/3412 3414/3414 3429/3429
f 3429/3429 3430/3430 3412/3412
f 3410/3410 3412/3412 3430/3430
f 3430/3430 3431/3431 3410/3410
f 3432/3432 3433/3433 3434/3434
f 3434/3434 3435/3435 3432/3432
f 3436/3436 3432/3432 3435/3435
f 3435/3435 3437/3437 3436/3436
f 3422/3422 3436/3436 3437/3437
f 3437/3437 3438/3438 3422/3422
f 3423/3423 3422/3422 3438/3438
f 3438/3438 3439/3439 3423/3423
f 3424/3424 3423/3423 3439/3439
f 3439/3439 3440/3440 3424/3424
f 3425/3425 3424/3424 3440/3440
f 3440/3440 3441/3441 3425/3425
f 3426/3426 3425/3425 3441/3441
f 3441/3441 3442/3442 3426/3426
f 3427/3427 3426/3426 3442/3442
f 3442/3442 3443/3443 3427/3427
f 3428/3428 3427/3427 3443/3443
f 3443/3443 3444/3444 3428/3428
f 3445/3445 3446/3446 3447/3447
f 3445/3445 3447/3447 3448/3448
f 3448/3448 3447/3447 3449/3449
f 3448/3448 3449/3449 3450/3450
f 3450/3450 3449/3449 3451/3451
f 3450/3450 3451/3451 3452/3452
f 3452/3452 3451/3451 3453/3453
f 3452/3452 3453/3453 3454/3454
f 3454/3454 3453/3453 3455/3455
f 3454/3454 3455/3455 3456/3456
f 3456/3456 3455/3455 3457/3457
f 3456/3456 3457/3457 3458/3458
f 3458/3458 3457/3457 3459/3459
f 3458/3458 3459/3459 3460/3460
f 3460/3460 3459/3459 3461/3461
f 3460/3460 3461/3461 3462/3462
f 3462/3462 3461/3461 3463/3463
f 3462/3462 3463/3463 3464/3464
f 3464/3464 3463/3463 3465/3465
f 3464/3464 3465/3465 3466/3466
f 3466/3466 3465/3465 3467/3467
f 3466/3466 3467/3467 3468/3468
f 3468/3468 3467/3467 3446/3446
f 3468/3468 3446/3446 3445/3445
f 3450/3450 3452/3452 3454/3454
f 3450/3450 3454/3454 3456/3456
f 3450/3450 3456/3456 3458/3458
f 3450/3450 3458/3458 3460/3460
f 3450/3450 3460/3460 3462/3462
f 3450/3450 3462/3462 3464/3464
f 3450/3450 3464/3464 3466/3466
f 3450/3450 3466/3466 3468/3468
f 3450/3450 3468/3468 3445/3445
f 3450/3450 3445/3445 3448/3448
f 3469/3469 3470/3470 3471/3471
f 3471/3471 3472/3472 3469/3469
f 3472/3472 3471/3471 3473/3473
f 3473/3473 3474/3474 3472/3472
f 3474/3474 3473/3473 3475/3475
f 3475/3475 3476/3476 3474/3474
f 3476/3476 3475/3475 3477/3477
f 3477/3477 3478/3478 3476/3476
f 3478/3478 3477/3477 3479/3479
f 3479/3479 3480/3480 3478/3478
f 3480/3480 3479/3479 3481/3481
f 3481/3481 3482/3482 3480/3480
f 3482/3482 3481/3481 3483/3483
f 3483/3483 3484/3484 3482/3482
f 3484/3484 3483/3483 3485/3485
f 3485/3485 3486/3486 3484/3484
f 3487/3487 3469/3469 3472/3472
f 3472/3472 3488/3488 3487/3487
f 3488/3488 3472/3472 3474/3474
f 3474/3474 3489/3489 3488/3488
f 3490/3490 3487/3487 3488/3488
f 3488/3488 3491/3491 3490/3490
f 3492/3492 3490/3490 3491/3491
f 3491/3491 3493/3493 3492/3492
f 3494/3494 3492/3492 3493/3493
f 3493/3493 3495/3495 3494/3494
f 3496/3496 3494/3494 3495/3495
f 3495/3495 3314/3314 3496/3496
f 3316/3316 3496/3496 3314/3314
f 3491/3491 3488/3488 3489/3489
f 3489/3489 3497/3497 3491/3491
f 3493/3493 3491/3491 3497/3497
f 3497/3497 3498/3498 3493/3493
f 3495/3495 3493/3493 3498/3498
f 3498/3498 3499/3499 3495/3495
f 3314/3314 3495/3495 3499/3499
f 3499/3499 3500/3500 3314/3314
f 3315/3315 3314/3314 3500/3500
f 3500/3500 3501/3501 3315/3315
f 3318/3318 3315/3315 3501/3501
f 3501/3501 3502/3502 3318/3318
f 3320/3320 3318/3318 3502/3502
f 3502/3502 3334/3334 3320/3320
f 3322/3322 3320/3320 3334/3334
f 3503/3503 3504/3504 3337/3337
f 3337/3337 3336/3336 3503/3503
f 3505/3505 3503/3503 3336/3336
f 3336/3336 3335/3335 3505/3505
f 3506/3506 3505/3505 3335/3335
f 3335/3335 3334/3334 3506/3506
f 3507/3507 3506/3506 3334/3334
f 3334/3334 3502/3502 3507/3507
f 3508/3508 3507/3507 3502/3502
f 3502/3502 3501/3501 3508/3508
f 3509/3509 3508/3508 3501/3501
f 3501/3501 3500/3500 3509/3509
f 3510/3510 3509/3509 3500/3500
f 3500/3500 3499/3499 3510/3510
f 3511/3511 3510/3510 3499/3499
f 3499/3499 3498/3498 3511/3511
f 3512/3512 3511/3511 3498/3498
f 3498/3498 3497/3497 3512/3512
f 3443/3443 3442/3442 3513/3513
f 3513/3513 3504/3504 3443/3443
f 3444/3444 3443/3443 3504/3504
f 3504/3504 3503/3503 3444/3444
f 3514/3514 3444/3444 3503/3503
f 3503/3503 3505/3505 3514/3514
f 3515/3515 3514/3514 3505/3505
f 3505/3505 3506/3506 3515/3515
f 3516/3516 3515/3515 3506/3506
f 3506/3506 3507/3507 3516/3516
f 3517/3517 3516/3516 3507/3507
f 3507/3507 3508/3508 3517/3517
f 3518/3518 3517/3517 3508/3508
f 3508/3508 3509/3509 3518/3518
f 3519/3519 3518/3518 3509/3509
f 3509/3509 3510/3510 3519/3519
f 3520/3520 3519/3519 3510/3510
f 3510/3510 3511/3511 3520/3520
f 3429/3429 3428/3428 3444/3444
f 3444/3444 3514/3514 3429/3429
f 3430/3430 3429/3429 3514/3514
f 3514/3514 3515/3515 3430/3430
f 3431/3431 3430/3430 3515/3515
f 3515/3515 3516/3516 3431/3431
f 3521/3521 3431/3431 3516/3516
f 3516/3516 3517/3517 3521/3521
f 3522/3522 3521/3521 3517/3517
f 3517/3517 3518/3518 3522/3522
f 3523/3523 3522/3522 3518/3518
f 3518/3518 3519/3519 3523/3523
f 3524/3524 3523/3523 3519/3519
f 3519/3519 3520/3520 3524/3524
f 3525/3525 3524/3524 3520/3520
f 3520/3520 3526/3526 3525/3525
f 3526/3526 3520/3520 3511/3511
f 3511/3511 3512/3512 3526/3526
f 3406/3406 3410/3410 3431/3431
f 3431/3431 3521/3521 3406/3406
f 3407/3407 3406/3406 3521/3521
f 3521/3521 3522/3522 3407/3407
f 3527/3527 3407/3407 3522/3522
f 3522/3522 3523/3523 3527/3527
f 3528/3528 3527/3527 3523/3523
f 3523/3523 3524/3524 3528/3528
f 3529/3529 3528/3528 3524/3524
f 3524/3524 3525/3525 3529/3529
f 3530/3530 3529/3529 3525/3525
f 3525/3525 3531/3531 3530/3530
f 3531/3531 3525/3525 3526/3526
f 3526/3526 3532/3532 3531/3531
f 3532/3532 3526/3526 3512/3512
f 3512/3512 3533/3533 3532/3532
f 3533/3533 3512/3512 3497/3497
f 3497/3497 3489/3489 3533/3533
f 3489/3489 3474/3474 3476/3476
f 3476/3476 3533/3533 3489/3489
f 3533/3533 3476/3476 3478/3478
f 3478/3478 3532/3532 3533/3533
f 3532/3532 3478/3478 3480/3480
f 3480/3480 3531/3531 3532/3532
f 3531/3531 3480/3480 3482/3482
f 3482/3482 3530/3530 3531/3531
f 3530/3530 3482/3482 3484/3484
f 3484/3484 3534/3534 3530/3530
f 3529/3529 3530/3530 3534/3534
f 3534/3534 3535/3535 3529/3529
f 3528/3528 3529/3529 3535/3535
f 3535/3535 3536/3536 3528/3528
f 3527/3527 3528/3528 3536/3536
f 3536/3536 3537/3537 3527/3527
f 3407/3407 3527/3527 3537/3537
f 3537/3537 3408/3408 3407/3407
f 3534/3534 3484/3484 3486/3486
f 3486/3486 3538/3538 3534/3534
f 3535/3535 3534/3534 3538/3538
f 3538/3538 3539/3539 3535/3535
f 3536/3536 3535/3535 3539/3539
f 3539/3539 3540/3540 3536/3536
f 3537/3537 3536/3536 3540/3540
f 3540/3540 3541/3541 3537/3537
f 3408/3408 3537/3537 3541/3541
f 3541/3541 3542/3542 3408/3408
f 3409/3409 3408/3408 3542/3542
f 3542/3542 3543/3543 3409/3409
f 3411/3411 3409/3409 3543/3543
f 3543/3543 3544/3544 3411/3411
f 3413/3413 3411/3411 3544/3544
f 3544/3544 3394/3394 3413/3413
f 3396/3396 3413/3413 3394/3394
f 3394/3394 3393/3393 3396/3396
f 3366/3366 3368/3368 3394/3394
f 3394/3394 3544/3544 3366/3366
f 3362/3362 3366/3366 3544/3544
f 3544/3544 3543/3543 3362/3362
f 3363/3363 3362/3362 3543/3543
f 3543/3543 3542/3542 3363/3363
f 3545/3545 3363/3363 3542/3542
f 3542/3542 3541/3541 3545/3545
f 3546/3546 3545/3545 3541/3541
f 3541/3541 3540/3540 3546/3546
f 3547/3547 3546/3546 3540/3540
f 3540/3540 3539/3539 3547/3547
f 3548/3548 3547/3547 3539/3539
f 3539/3539 3538/3538 3548/3548
f 3549/3549 3548/3548 3538/3538
f 3538/3538 3486/3486 3549/3549
f 3550/3550 3549/3549 3486/3486
f 3486/3486 3485/3485 3550/3550
f 3549/3549 3550/3550 3551/3551
f 3551/3551 3552/3552 3549/3549
f 3548/3548 3549/3549 3552/3552
f 3552/3552 3553/3553 3548/3548
f 3547/3547 3548/3548 3553/3553
f 3553/3553 3554/3554 3547/3547
f 3546/3546 3547/3547 3554/3554
f 3554/3554 3555/3555 3546/3546
f 3545/3545 3546/3546 3555/3555
f 3555/3555 3556/3556 3545/3545
f 3363/3363 3545/3545 3556/3556
f 3556/3556 3364/3364 3363/3363
f 3557/3557 3558/3558 3559/3559
f 3559/3559 3560/3560 3557/3557
f 3561/3561 3557/3557 3560/3560
f 3560/3560 3562/3562 3561/3561
f 3563/3563 3564/3564 3369/3369
f 3369/3369 3367/3367 3563/3563
f 3565/3565 3563/3563 3367/3367
f 3367/3367 3365/3365 3565/3565
f 3566/3566 3565/3565 3365/3365
f 3365/3365 3364/3364 3566/3566
f 3567/3567 3566/3566 3364/3364
f 3364/3364 3556/3556 3567/3567
f 3568/3568 3567/3567 3556/3556
f 3556/3556 3555/3555 3568/3568
f 3569/3569 3568/3568 3555/3555
f 3555/3555 3554/3554 3569/3569
f 3561/3561 3569/3569 3554/3554
f 3554/3554 3553/3553 3561/3561
f 3557/3557 3561/3561 3553/3553
f 3553/3553 3552/3552 3557/3557
f 3558/3558 3557/3557 3552/3552
f 3552/3552 3551/3551 3558/3558
f 3569/3569 3561/3561 3562/3562
f 3562/3562 3570/3570 3569/3569
f 3568/3568 3569/3569 3570/3570
f 3570/3570 3571/3571 3568/3568
f 3567/3567 3568/3568 3571/3571
f 3571/3571 3572/3572 3567/3567
f 3566/3566 3567/3567 3572/3572
f 3572/3572 3573/3573 3566/3566
f 3565/3565 3566/3566 3573/3573
f 3573/3573 3574/3574 3565/3565
f 3563/3563 3565/3565 3574/3574
f 3574/3574 3575/3575 3563/3563
f 3564/3564 3563/3563 3575/3575
f 3575/3575 3576/3576 3564/3564
f 3577/3577 3564/3564 3576/3576
f 3576/3576 3578/3578 3577/3577
f 3579/3579 3577/3577 3578/3578
f 3578/3578 3580/3580 3579/3579
f 3581/3581 3579/3579 3580/3580
f 3580/3580 3582/3582 3581/3581
f 3583/3583 3581/3581 3582/3582
f 3582/3582 3584/3584 3583/3583
f 3585/3585 3583/3583 3584/3584
f 3584/3584 3586/3586 3585/3585
f 3587/3587 3585/3585 3586/3586
f 3586/3586 3588/3588 3587/3587
f 3589/3589 3587/3587 3588/3588
f 3588/3588 3590/3590 3589/3589
f 3591/3591 3589/3589 3590/3590
f 3590/3590 3592/3592 3591/3591
f 3593/3593 3591/3591 3592/3592
f 3592/3592 3594/3594 3593/3593
f 3595/3595 3593/3593 3594/3594
f 3594/3594 3596/3596 3595/3595
f 3597/3597 3595/3595 3596/3596
f 3596/3596 3598/3598 3597/3597
f 3591/3591 3593/3593 3599/3599
f 3599/3599 3600/3600 3591/3591
f 3589/3589 3591/3591 3600/3600
f 3600/3600 3601/3601 3589/3589
f 3587/3587 3589/3589 3601/3601
f 3601/3601 3381/3381 3587/3587
f 3585/3585 3587/3587 3381/3381
f 3381/3381 3379/3379 3585/3585
f 3583/3583 3585/3585 3379/3379
f 3379/3379 3377/3377 3583/3583
f 3581/3581 3583/3583 3377/3377
f 3377/3377 3375/3375 3581/3581
f 3579/3579 3581/3581 3375/3375
f 3375/3375 3373/3373 3579/3579
f 3577/3577 3579/3579 3373/3373
f 3373/3373 3371/3371 3577/3577
f 3564/3564 3577/3577 3371/3371
f 3371/3371 3369/3369 3564/3564
f 3598/3598 3602/3602 3603/3603
f 3603/3603 3597/3597 3598/3598
f 3597/3597 3603/3603 3604/3604
f 3604/3604 3605/3605 3597/3597
f 3595/3595 3597/3597 3605/3605
f 3605/3605 3606/3606 3595/3595
f 3593/3593 3595/3595 3606/3606
f 3606/3606 3599/3599 3593/3593
f 3386/3386 3380/3380 3381/3381
f 3381/3381 3601/3601 3386/3386
f 3382/3382 3386/3386 3601/3601
f 3601/3601 3600/3600 3382/3382
f 3383/3383 3382/3382 3600/3600
f 3600/3600 3599/3599 3383/3383
f 3607/3607 3383/3383 3599/3599
f 3599/3599 3606/3606 3607/3607
f 3608/3608 3607/3607 3606/3606
f 3606/3606 3605/3605 3608/3608
f 3609/3609 3608/3608 3605/3605
f 3605/3605 3604/3604 3609/3609
f 3610/3610 3609/3609 3604/3604
f 3604/3604 3611/3611 3610/3610
f 3611/3611 3604/3604 3603/3603
f 3603/3603 3612/3612 3611/3611
f 3612/3612 3603/3603 3602/3602
f 3602/3602 3613/3613 3612/3612
f 3613/3613 3614/3614 3615/3615
f 3615/3615 3612/3612 3613/3613
f 3612/3612 3615/3615 3616/3616
f 3616/3616 3611/3611 3612/3612
f 3611/3611 3616/3616 3617/3617
f 3617/3617 3610/3610 3611/3611
f 3610/3610 3617/3617 3618/3618
f 3618/3618 3619/3619 3610/3610
f 3609/3609 3610/3610 3619/3619
f 3619/3619 3620/3620 3609/3609
f 3608/3608 3609/3609 3620/3620
f 3620/3620 3621/3621 3608/3608
f 3607/3607 3608/3608 3621/3621
f 3621/3621 3405/3405 3607/3607
f 3383/3383 3607/3607 3405/3405
f 3405/3405 3384/3384 3383/3383
f 3622/3622 3404/3404 3405/3405
f 3405/3405 3621/3621 3622/3622
f 3623/3623 3622/3622 3621/3621
f 3621/3621 3620/3620 3623/3623
f 3624/3624 3623/3623 3620/3620
f 3620/3620 3619/3619 3624/3624
f 3625/3625 3624/3624 3619/3619
f 3619/3619 3618/3618 3625/3625
f 3626/3626 3625/3625 3618/3618
f 3618/3618 3627/3627 3626/3626
f 3627/3627 3618/3618 3617/3617
f 3617/3617 3628/3628 3627/3627
f 3628/3628 3617/3617 3616/3616
f 3616/3616 3629/3629 3628/3628
f 3629/3629 3616/3616 3615/3615
f 3615/3615 3630/3630 3629/3629
f 3630/3630 3615/3615 3614/3614
f 3614/3614 3631/3631 3630/3630
f 3420/3420 3419/3419 3400/3400
f 3400/3400 3401/3401 3420/3420
f 3421/3421 3420/3420 3401/3401
f 3401/3401 3402/3402 3421/3421
f 3632/3632 3421/3421 3402/3402
f 3402/3402 3403/3403 3632/3632
f 3633/3633 3632/3632 3403/3403
f 3403/3403 3404/3404 3633/3633
f 3634/3634 3633/3633 3404/3404
f 3404/3404 3622/3622 3634/3634
f 3635/3635 3634/3634 3622/3622
f 3622/3622 3623/3623 3635/3635
f 3636/3636 3635/3635 3623/3623
f 3623/3623 3624/3624 3636/3636
f 3637/3637 3636/3636 3624/3624
f 3624/3624 3625/3625 3637/3637
f 3638/3638 3637/3637 3625/3625
f 3625/3625 3626/3626 3638/3638
f 3637/3637 3638/3638 3639/3639
f 3639/3639 3640/3640 3637/3637
f 3636/3636 3637/3637 3640/3640
f 3640/3640 3639/3639 3641/3641
f 3361/3361 3642/3642 3360/3360
f 3642/3642 3361/3361 3643/3643
f 3643/3643 3644/3644 3642/3642
f 3644/3644 3643/3643 3645/3645
f 3645/3645 3641/3641 3644/3644
f 3641/3641 3645/3645 3640/3640
f 3646/3646 3640/3640 3645/3645
f 3640/3640 3646/3646 3636/3636
f 3635/3635 3636/3636 3646/3646
f 3646/3646 3647/3647 3635/3635
f 3634/3634 3635/3635 3647/3647
f 3647/3647 3433/3433 3634/3634
f 3633/3633 3634/3634 3433/3433
f 3433/3433 3432/3432 3633/3633
f 3632/3632 3633/3633 3432/3432
f 3432/3432 3436/3436 3632/3632
f 3421/3421 3632/3632 3436/3436
f 3436/3436 3422/3422 3421/3421
f 3346/3346 3648/3648 3347/3347
f 3352/3352 3347/3347 3648/3648
f 3648/3648 3649/3649 3352/3352
f 3354/3354 3352/3352 3649/3649
f 3649/3649 3650/3650 3354/3354
f 3356/3356 3354/3354 3650/3650
f 3650/3650 3651/3651 3356/3356
f 3358/3358 3356/3356 3651/3651
f 3651/3651 3361/3361 3358/3358
f 3361/3361 3651/3651 3652/3652
f 3652/3652 3643/3643 3361/3361
f 3643/3643 3652/3652 3653/3653
f 3653/3653 3645/3645 3643/3643
f 3645/3645 3653/3653 3646/3646
f 3647/3647 3646/3646 3653/3653
f 3653/3653 3654/3654 3647/3647
f 3433/3433 3647/3647 3654/3654
f 3654/3654 3434/3434 3433/3433
f 3655/3655 3652/3652 3651/3651
f 3651/3651 3650/3650 3655/3655
f 3656/3656 3655/3655 3650/3650
f 3650/3650 3649/3649 3656/3656
f 3657/3657 3656/3656 3649/3649
f 3649/3649 3648/3648 3657/3657
f 3658/3658 3657/3657 3648/3648
f 3648/3648 3346/3346 3658/3658
f 3659/3659 3658/3658 3346/3346
f 3346/3346 3344/3344 3659/3659
f 3660/3660 3659/3659 3344/3344
f 3344/3344 3342/3342 3660/3660
f 3661/3661 3660/3660 3342/3342
f 3342/3342 3340/3340 3661/3661
f 3662/3662 3661/3661 3340/3340
f 3340/3340 3339/3339 3662/3662
f 3513/3513 3662/3662 3339/3339
f 3339/3339 3338/3338 3513/3513
f 3504/3504 3513/3513 3338/3338
f 3338/3338 3337/3337 3504/3504
f 3654/3654 3653/3653 3652/3652
f 3652/3652 3655/3655 3654/3654
f 3434/3434 3654/3654 3655/3655
f 3655/3655 3656/3656 3434/3434
f 3435/3435 3434/3434 3656/3656
f 3656/3656 3657/3657 3435/3435
f 3437/3437 3435/3435 3657/3657
f 3657/3657 3658/3658 3437/3437
f 3438/3438 3437/3437 3658/3658
f 3658/3658 3659/3659 3438/3438
f 3439/3439 3438/3438 3659/3659
f 3659/3659 3660/3660 3439/3439
f 3440/3440 3439/3439 3660/3660
f 3660/3660 3661/3661 3440/3440
f 3441/3441 3440/3440 3661/3661
f 3661/3661 3662/3662 3441/3441
f 3442/3442 3441/3441 3662/3662
f 3662/3662 3513/3513 3442/3442
f 3663/3663 3664/3664 3665/3665
f 3663/3663 3665/3665 2373/2373
f 3666/3666 3667/3667 3668/3668
f 3666/3666 3668/3668 3669/3669
f 3670/3670 3671/3671 3672/3672
f 3670/3670 3672/3672 3673/3673
f 3674/3674 3675/3675 3676/3676
f 3674/3674 3676/3676 3677/3677
f 2372/2372 2376/2376 3678/3678
f 2372/2372 3678/3678 3679/3679
f 3680/3680 3681/3681 3682/3682
f 3680/3680 3682/3682 3683/3683
f 3677/3677 3676/3676 3684/3684
f 3677/3677 3684/3684 3685/3685
f 3677/3677 3685/3685 3686/3686
f 3675/3675 3687/3687 3688/3688
f 3675/3675 3688/3688 3676/3676
f 3673/3673 3680/3680 3689/3689
f 3673/3673 3689/3689 3690/3690
f 3673/3673 3690/3690 3691/3691
f 3673/3673 3691/3691 3670/3670
f 3692/3692 3670/3670 3691/3691
f 3693/3693 3670/3670 3692/3692
f 3693/3693 3692/3692 3694/3694
f 3693/3693 3694/3694 3695/3695
f 3693/3693 3695/3695 3696/3696
f 3697/3697 3693/3693 3696/3696
f 3697/3697 3696/3696 3698/3698
f 3697/3697 3698/3698 3699/3699
f 3697/3697 3699/3699 3700/3700
f 3701/3701 3700/3700 3699/3699
f 3701/3701 3702/3702 3700/3700
f 3703/3703 3700/3700 3702/3702
f 3703/3703 3702/3702 3704/3704
f 3703/3703 3704/3704 3705/3705
f 3706/3706 3703/3703 3705/3705
f 3706/3706 3683/3683 3703/3703
f 3706/3706 3707/3707 3683/3683
f 3680/3680 3683/3683 3707/3707
f 3680/3680 3707/3707 3708/3708
f 3680/3680 3708/3708 3689/3689
f 3674/3674 3709/3709 3710/3710
f 3674/3674 3710/3710 3711/3711
f 3674/3674 3711/3711 3675/3675
f 3686/3686 3712/3712 3713/3713
f 3686/3686 3713/3713 3709/3709
f 3714/3714 3715/3715 3716/3716
f 3714/3714 3716/3716 3717/3717
f 3718/3718 3719/3719 3720/3720
f 3718/3718 3720/3720 3721/3721
f 3722/3722 3723/3723 3724/3724
f 3722/3722 3724/3724 3725/3725
f 3722/3722 3725/3725 3726/3726
f 3722/3722 3726/3726 3727/3727
f 3722/3722 3727/3727 3728/3728
f 3722/3722 3728/3728 3729/3729
f 3722/3722 3729/3729 3730/3730
f 3722/3722 3730/3730 3731/3731
f 3722/3722 3731/3731 3732/3732
f 3722/3722 3732/3732 3733/3733
f 3734/3734 3735/3735 3736/3736
f 3734/3734 3736/3736 3737/3737
f 3738/3738 3739/3739 3740/3740
f 3738/3738 3740/3740 3741/3741
f 3742/3742 3743/3743 3744/3744
f 3742/3742 3744/3744 3745/3745
f 3742/3742 3745/3745 3746/3746
f 3742/3742 3746/3746 3747/3747
f 3742/3742 3747/3747 3748/3748
f 3742/3742 3748/3748 3749/3749
f 3742/3742 3749/3749 3750/3750
f 3742/3742 3750/3750 3751/3751
f 3742/3742 3751/3751 3752/3752
f 3742/3742 3752/3752 3753/3753
f 3754/3754 3755/3755 3756/3756
f 3756/3756 3755/3755 3757/3757
f 3756/3756 3757/3757 3758/3758
f 3758/3758 3757/3757 3759/3759
f 3758/3758 3759/3759 3760/3760
f 3760/3760 3759/3759 3761/3761
f 3760/3760 3761/3761 3762/3762
f 3762/3762 3761/3761 3763/3763
f 3762/3762 3763/3763 3764/3764
f 3764/3764 3763/3763 3765/3765
f 3764/3764 3765/3765 3766/3766
f 3766/3766 3765/3765 3767/3767
f 3766/3766 3767/3767 3768/3768
f 3768/3768 3767/3767 3769/3769
f 3768/3768 3769/3769 3770/3770
f 3770/3770 3769/3769 3771/3771
f 3770/3770 3771/3771 3772/3772
f 3772/3772 3771/3771 3773/3773
f 3772/3772 3773/3773 3774/3774
f 3774/3774 3773/3773 3775/3775
f 3774/3774 3775/3775 3776/3776
f 3776/3776 3775/3775 3777/3777
f 3776/3776 3777/3777 3754/3754
f 3754/3754 3777/3777 3755/3755
f 3778/3778 3779/3779 3780/3780
f 3778/3778 3781/3781 3779/3779
f 3779/3779 3781/3781 3782/3782
f 3779/3779 3782/3782 3783/3783
f 3783/3783 3782/3782 3784/3784
f 3783/3783 3784/3784 3785/3785
f 3785/3785 3784/3784 3786/3786
f 3785/3785 3786/3786 3787/3787
f 3787/3787 3786/3786 3788/3788
f 3787/3787 3788/3788 3789/3789
f 3789/3789 3788/3788 3790/3790
f 3789/3789 3790/3790 3791/3791
f 3791/3791 3790/3790 3792/3792
f 3791/3791 3792/3792 3793/3793
f 3793/3793 3792/3792 3794/3794
f 3793/3793 3794/3794 3795/3795
f 3795/3795 3794/3794 3796/3796
f 3795/3795 3796/3796 3797/3797
f 3797/3797 3796/3796 3798/3798
f 3797/3797 3798/3798 3799/3799
f 3799/3799 3798/3798 3800/3800
f 3799/3799 3800/3800 3801/3801
f 3802/3802 3801/3801 3800/3800
f 3802/3802 3800/3800 3803/3803
f 3804/3804 3805/3805 3806/3806
f 3804/3804 3806/3806 3807/3807
f 3808/3808 3809/3809 3810/3810
f 3808/3808 3810/3810 3811/3811
f 3809/3809 3812/3812 3813/3813
f 3809/3809 3813/3813 3810/3810
f 3812/3812 3814/3814 3815/3815
f 3812/3812 3815/3815 3813/3813
f 3816/3816 3808/3808 3811/3811
f 3816/3816 3811/3811 3817/3817
f 3818/3818 3819/3819 3820/3820
f 3818/3818 3820/3820 3821/3821
f 3822/3822 3823/3823 3824/3824
f 3822/3822 3824/3824 3825/3825
f 3823/3823 3826/3826 3827/3827
f 3823/3823 3827/3827 3824/3824
f 3826/3826 3828/3828 3829/3829
f 3826/3826 3829/3829 3827/3827
f 3830/3830 3822/3822 3825/3825
f 3830/3830 3825/3825 3831/3831
f 3832/3832 3833/3833 3834/3834
f 3832/3832 3834/3834 3835/3835
f 3836/3836 1345/1345 1344/1344
f 3836/3836 1344/1344 3837/3837
f 3837/3837 3838/3838 3836/3836
f 3838/3838 3837/3837 201/201
f 201/201 84/84 3838/3838
f 201/201 85/85 84/84
f 98/98 83/83 3839/3839
f 98/98 3839/3839 3840/3840
f 1687/1687 88/88 97/97
f 1687/1687 97/97 3841/3841
f 3842/3842 3843/3843 3844/3844
f 3842/3842 3844/3844 3845/3845
f 1345/1345 3836/3836 3846/3846
f 1345/1345 3846/3846 3847/3847
f 3838/3838 84/84 98/98
f 3838/3838 98/98 3840/3840
f 3845/3845 3844/3844 82/82
f 3845/3845 82/82 3848/3848
f 3847/3847 3846/3846 3849/3849
f 3847/3847 3849/3849 3850/3850
f 3851/3851 3852/3852 3853/3853
f 3851/3851 3853/3853 3854/3854
f 3855/3855 3856/3856 3857/3857
f 3855/3855 3857/3857 3858/3858
f 3859/3859 3855/3855 3858/3858
f 3859/3859 3858/3858 3860/3860
f 3856/3856 3851/3851 3854/3854
f 3856/3856 3854/3854 3857/3857
f 3861/3861 3859/3859 3860/3860
f 3861/3861 3860/3860 3862/3862
f 3852/3852 3863/3863 3864/3864
f 3852/3852 3864/3864 3853/3853
f 3865/3865 3866/3866 3867/3867
f 3865/3865 3867/3867 3868/3868
f 3869/3869 1693/1693 1697/1697
f 3869/3869 1697/1697 3870/3870
f 45/45 3871/3871 3872/3872
f 45/45 3872/3872 46/46
f 1703/1703 1707/1707 1694/1694
f 1703/1703 1694/1694 1693/1693
f 3873/3873 3874/3874 3875/3875
f 3873/3873 3875/3875 3876/3876
f 3877/3877 3878/3878 3879/3879
f 3877/3877 3879/3879 3880/3880
f 3881/3881 3882/3882 3883/3883
f 3881/3881 3883/3883 3884/3884
f 3878/3878 3885/3885 3886/3886
f 3878/3878 3886/3886 3879/3879
f 3874/3874 3881/3881 3884/3884
f 3874/3874 3884/3884 3875/3875
f 3887/3887 3877/3877 3880/3880
f 3887/3887 3880/3880 3888/3888
f 3885/3885 3873/3873 3876/3876
f 3885/3885 3876/3876 3886/3886
f 3889/3889 3887/3887 3888/3888
f 3889/3889 3888/3888 3890/3890
f 3891/3891 3892/3892 3893/3893
f 3891/3891 3893/3893 3894/3894
f 3895/3895 3896/3896 3897/3897
f 3895/3895 3897/3897 3898/3898
f 3899/3899 3891/3891 3894/3894
f 3899/3899 3894/3894 3900/3900
f 3892/3892 3901/3901 3902/3902
f 3892/3892 3902/3902 3893/3893
f 3903/3903 3895/3895 3898/3898
f 3903/3903 3898/3898 3904/3904
f 3905/3905 3903/3903 3904/3904
f 3905/3905 3904/3904 3906/3906
f 3901/3901 3905/3905 3906/3906
f 3901/3901 3906/3906 3902/3902
f 3907/3907 3899/3899 3900/3900
f 3907/3907 3900/3900 3908/3908
f 3909/3909 3910/3910 3911/3911
f 3909/3909 3911/3911 3912/3912
f 3909/3909 3912/3912 3913/3913
f 3909/3909 3913/3913 3914/3914
f 3909/3909 3914/3914 3915/3915
f 3909/3909 3915/3915 3916/3916
f 3909/3909 3916/3916 3917/3917
f 3909/3909 3917/3917 3918/3918
f 3909/3909 3918/3918 3919/3919
f 3909/3909 3919/3919 3920/3920
f 3921/3921 3922/3922 3923/3923
f 3921/3921 3923/3923 3924/3924
f 3925/3925 3921/3921 3924/3924
f 3925/3925 3924/3924 3926/3926
f 3927/3927 3925/3925 3926/3926
f 3927/3927 3926/3926 3928/3928
f 3929/3929 3927/3927 3928/3928
f 3929/3929 3928/3928 3930/3930
f 3931/3931 3929/3929 3930/3930
f 3931/3931 3930/3930 3932/3932
f 3933/3933 3931/3931 3932/3932
f 3933/3933 3932/3932 3934/3934
f 3935/3935 3933/3933 3934/3934
f 3935/3935 3934/3934 3936/3936
f 3937/3937 3935/3935 3936/3936
f 3937/3937 3936/3936 3938/3938
f 1229/1229 3937/3937 3938/3938
f 1229/1229 3938/3938 1226/1226
f 3939/3939 1160/1160 1159/1159
f 3939/3939 1159/1159 3922/3922
f 3922/3922 1159/1159 1165/1165
f 3922/3922 1165/1165 3923/3923
f 3940/3940 3939/3939 3922/3922
f 3940/3940 3922/3922 3921/3921
f 3941/3941 3940/3940 3921/3921
f 3941/3941 3921/3921 3925/3925
f 3942/3942 3941/3941 3925/3925
f 3942/3942 3925/3925 3927/3927
f 3943/3943 3942/3942 3927/3927
f 3943/3943 3927/3927 3929/3929
f 3944/3944 3943/3943 3929/3929
f 3944/3944 3929/3929 3931/3931
f 3945/3945 3944/3944 3931/3931
f 3945/3945 3931/3931 3933/3933
f 3946/3946 3945/3945 3933/3933
f 3946/3946 3933/3933 3935/3935
f 3947/3947 3946/3946 3935/3935
f 3947/3947 3935/3935 3937/3937
f 1232/1232 3947/3947 3937/3937
f 1232/1232 3937/3937 1229/1229
f 1132/1132 1131/1131 1152/1152
f 1132/1132 1152/1152 1151/1151
f 3948/3948 3949/3949 3950/3950
f 3948/3948 3950/3950 3951/3951
f 3952/3952 3953/3953 3954/3954
f 3952/3952 3954/3954 3955/3955
f 3956/3956 3952/3952 3955/3955
f 3956/3956 3955/3955 3957/3957
f 3958/3958 3956/3956 3957/3957
f 3958/3958 3957/3957 3959/3959
f 3953/3953 3960/3960 3961/3961
f 3953/3953 3961/3961 3954/3954
f 3962/3962 1155/1155 1154/1154
f 1154/1154 3963/3963 3962/3962
f 1154/1154 3964/3964 3963/3963
f 1154/1154 3965/3965 3964/3964
f 1230/1230 1228/1228 3966/3966
f 1230/1230 3966/3966 3967/3967
f 3968/3968 3969/3969 3970/3970
f 3968/3968 3970/3970 3971/3971
f 3972/3972 3973/3973 3974/3974
f 3972/3972 3974/3974 3968/3968
f 3975/3975 3972/3972 3968/3968
f 3975/3975 3968/3968 3971/3971
f 3971/3971 3976/3976 3975/3975
f 3971/3971 3977/3977 3976/3976
f 3975/3975 1163/1163 1162/1162
f 3975/3975 1162/1162 3972/3972
f 3978/3978 3979/3979 3980/3980
f 3978/3978 3980/3980 3981/3981
f 3982/3982 3952/3952 3956/3956
f 3982/3982 3956/3956 3983/3983
f 1143/1143 1142/1142 1157/1157
f 1143/1143 1157/1157 1156/1156
f 3984/3984 3985/3985 3986/3986
f 3987/3987 3984/3984 3986/3986
f 3987/3987 3986/3986 3988/3988
f 3989/3989 3987/3987 3988/3988
f 3989/3989 3988/3988 3990/3990
f 3991/3991 3989/3989 3990/3990
f 3991/3991 3990/3990 3985/3985
f 3984/3984 3991/3991 3985/3985
f 3992/3992 3991/3991 3984/3984
f 3992/3992 3984/3984 3993/3993
f 3966/3966 3992/3992 3993/3993
f 3966/3966 3993/3993 3994/3994
f 3967/3967 3966/3966 3994/3994
f 3967/3967 3994/3994 3987/3987
f 3967/3967 3987/3987 3989/3989
f 3967/3967 3989/3989 3995/3995
f 3996/3996 3967/3967 3995/3995
f 3996/3996 3995/3995 3997/3997
f 3992/3992 3996/3996 3997/3997
f 3992/3992 3997/3997 3991/3991
f 3998/3998 3999/3999 4000/4000
f 3998/3998 4000/4000 4001/4001
f 4002/4002 4003/4003 4004/4004
f 4002/4002 4004/4004 4005/4005
f 4006/4006 4002/4002 4005/4005
f 4006/4006 4005/4005 4007/4007
f 3999/3999 4006/4006 4007/4007
f 3999/3999 4007/4007 4000/4000
f 4008/4008 3948/3948 3951/3951
f 4008/4008 3951/3951 4009/4009
f 4010/4010 4008/4008 4009/4009
f 4010/4010 4009/4009 4011/4011
f 4012/4012 4010/4010 4011/4011
f 4012/4012 4011/4011 4013/4013
f 4014/4014 4015/4015 4016/4016
f 4014/4014 4016/4016 4017/4017
f 4014/4014 4017/4017 4018/4018
f 4014/4014 4018/4018 4019/4019
f 4014/4014 4019/4019 4020/4020
f 4014/4014 4020/4020 4021/4021
f 4014/4014 4021/4021 4022/4022
f 4014/4014 4022/4022 4023/4023
f 4014/4014 4023/4023 4024/4024
f 4014/4014 4024/4024 4025/4025
f 4026/4026 4027/4027 4028/4028
f 4026/4026 4028/4028 4029/4029
f 4029/4029 4028/4028 4030/4030
f 4029/4029 4030/4030 4031/4031
f 4031/4031 4030/4030 4032/4032
f 4031/4031 4032/4032 4033/4033
f 4033/4033 4032/4032 4034/4034
f 4033/4033 4034/4034 4035/4035
f 4035/4035 4034/4034 4036/4036
f 4035/4035 4036/4036 4037/4037
f 4037/4037 4036/4036 4038/4038
f 4037/4037 4038/4038 4039/4039
f 4039/4039 4038/4038 4040/4040
f 4039/4039 4040/4040 4041/4041
f 4041/4041 4040/4040 4042/4042
f 4041/4041 4042/4042 4043/4043
f 4043/4043 4042/4042 4044/4044
f 4043/4043 4044/4044 4045/4045
f 4046/4046 4047/4047 4048/4048
f 4046/4046 4048/4048 4049/4049
f 4049/4049 4048/4048 4050/4050
f 4049/4049 4050/4050 4051/4051
f 4051/4051 4050/4050 4027/4027
f 4051/4051 4027/4027 4026/4026
f 4052/4052 4053/4053 4054/4054
f 4055/4055 4054/4054 4053/4053
f 4053/4053 1151/1151 4055/4055
f 4053/4053 1132/1132 1151/1151
f 4053/4053 4056/4056 1132/1132
f 4053/4053 4057/4057 4056/4056
f 4058/4058 4057/4057 4053/4053
f 4059/4059 4060/4060 4061/4061
f 4062/4062 4059/4059 4061/4061
f 4062/4062 4061/4061 4063/4063
f 4064/4064 4062/4062 4063/4063
f 4065/4065 4066/4066 4067/4067
f 4068/4068 4067/4067 4066/4066
f 4066/4066 1156/1156 4068/4068
f 4066/4066 1143/1143 1156/1156
f 4066/4066 4069/4069 1143/1143
f 4066/4066 4070/4070 4069/4069
f 4071/4071 4070/4070 4066/4066
f 3974/3974 3973/3973 4072/4072
f 3974/3974 4072/4072 4073/4073
f 1162/1162 1161/1161 1150/1150
f 1162/1162 1150/1150 1149/1149
f 4074/4074 4075/4075 4008/4008
f 4074/4074 4008/4008 4010/4010
f 1164/1164 1163/1163 1140/1140
f 1164/1164 1140/1140 1139/1139
f 3976/3976 3977/3977 4076/4076
f 3976/3976 4076/4076 4077/4077
f 31/31 33/33 4078/4078
f 31/31 4078/4078 4079/4079
f 4080/4080 4081/4081 4082/4082
f 4080/4080 4082/4082 4083/4083
f 4084/4084 4085/4085 4086/4086
f 4080/4080 4086/4086 4085/4085
f 4080/4080 4087/4087 4086/4086
f 4080/4080 4083/4083 4087/4087
f 4087/4087 4083/4083 4088/4088
f 4083/4083 4089/4089 4088/4088
f 4083/4083 4082/4082 4089/4089
f 4082/4082 4090/4090 4089/4089
f 4082/4082 4091/4091 4090/4090
f 4081/4081 4091/4091 4082/4082
f 4081/4081 4092/4092 4091/4091
f 4084/4084 4086/4086 4093/4093
f 4087/4087 4088/4088 4094/4094
f 4086/4086 4087/4087 4094/4094
f 4086/4086 4094/4094 4095/4095
f 4093/4093 4086/4086 4095/4095
f 4093/4093 4095/4095 4096/4096
f 1066/1066 1062/1062 1098/1098
f 1066/1066 1098/1098 1104/1104
f 1095/1095 1098/1098 1062/1062
f 1095/1095 1062/1062 1061/1061
f 4097/4097 4098/4098 4099/4099
f 4097/4097 4099/4099 4100/4100
f 4101/4101 4097/4097 4100/4100
f 4101/4101 4100/4100 4102/4102
f 4103/4103 4101/4101 4102/4102
f 4103/4103 4102/4102 4104/4104
f 4105/4105 4103/4103 4104/4104
f 4105/4105 4104/4104 4106/4106
f 4107/4107 4105/4105 4106/4106
f 4107/4107 4106/4106 4108/4108
f 4108/4108 4106/4106 4109/4109
f 4108/4108 4109/4109 4110/4110
f 4100/4100 4099/4099 4111/4111
f 4100/4100 4111/4111 4112/4112
f 4102/4102 4100/4100 4112/4112
f 4102/4102 4112/4112 4113/4113
f 4104/4104 4102/4102 4113/4113
f 4104/4104 4113/4113 4109/4109
f 4104/4104 4109/4109 4106/4106
f 1106/1106 1101/1101 1059/1059
f 1106/1106 1059/1059 1064/1064
f 1096/1096 1095/1095 1061/1061
f 1096/1096 1061/1061 1060/1060
f 4089/4089 4090/4090 4098/4098
f 4089/4089 4098/4098 4097/4097
f 4080/4080 4085/4085 4109/4109
f 4080/4080 4109/4109 4113/4113
f 4085/4085 4084/4084 4110/4110
f 4085/4085 4110/4110 4109/4109
f 4114/4114 1109/1109 1108/1108
f 4114/4114 1108/1108 4115/4115
f 4088/4088 4089/4089 4097/4097
f 4088/4088 4097/4097 4101/4101
f 4094/4094 4088/4088 4101/4101
f 4094/4094 4101/4101 4103/4103
f 4095/4095 4094/4094 4103/4103
f 4095/4095 4103/4103 4105/4105
f 4116/4116 1121/1121 1110/1110
f 4116/4116 1110/1110 4117/4117
f 4095/4095 4105/4105 4107/4107
f 4095/4095 4107/4107 4096/4096
f 2437/2437 4118/4118 4119/4119
f 2437/2437 4119/4119 2434/2434
f 4120/4120 4121/4121 4122/4122
f 4120/4120 4122/4122 4123/4123
f 4124/4124 4125/4125 4126/4126
f 4124/4124 4126/4126 4127/4127
f 4121/4121 4128/4128 4129/4129
f 4121/4121 4129/4129 4122/4122
f 1055/1055 1059/1059 1101/1101
f 1055/1055 1101/1101 1100/1100
f 1056/1056 1055/1055 1100/1100
f 1056/1056 1100/1100 1103/1103
f 4130/4130 4124/4124 4127/4127
f 4130/4130 4127/4127 4131/4131
f 4125/4125 4120/4120 4123/4123
f 4125/4125 4123/4123 4126/4126
f 4132/4132 4130/4130 4131/4131
f 4132/4132 4131/4131 4133/4133
f 3865/3865 3868/3868 3871/3871
f 3865/3865 3871/3871 45/45
f 983/983 1047/1047 1046/1046
f 983/983 1046/1046 984/984
f 4134/4134 4135/4135 4136/4136
f 4134/4134 4136/4136 4137/4137
f 4138/4138 4139/4139 4136/4136
f 4138/4138 4136/4136 4135/4135
f 4140/4140 4141/4141 4135/4135
f 4140/4140 4135/4135 4134/4134
f 4142/4142 4143/4143 4144/4144
f 4142/4142 4144/4144 4145/4145
f 4146/4146 4134/4134 4147/4147
f 4146/4146 4147/4147 4148/4148
f 980/980 4149/4149 4150/4150
f 980/980 4150/4150 4151/4151
f 980/980 4151/4151 4152/4152
f 4152/4152 946/946 980/980
f 4152/4152 4153/4153 946/946
f 4152/4152 4154/4154 4153/4153
f 4155/4155 4156/4156 4153/4153
f 4155/4155 4153/4153 4154/4154
f 4157/4157 4158/4158 4159/4159
f 4157/4157 4159/4159 4160/4160
f 963/963 971/971 975/975
f 963/963 975/975 964/964
f 4156/4156 4155/4155 4161/4161
f 4156/4156 4161/4161 4162/4162
f 980/980 946/946 950/950
f 980/980 950/950 981/981
f 4158/4158 4157/4157 4150/4150
f 4158/4158 4150/4150 4149/4149
f 4163/4163 4164/4164 4165/4165
f 4163/4163 4165/4165 4166/4166
f 4167/4167 4168/4168 4169/4169
f 4167/4167 4169/4169 4170/4170
f 4171/4171 4172/4172 4173/4173
f 4171/4171 4173/4173 4174/4174
f 4173/4173 4175/4175 4174/4174
f 4173/4173 4176/4176 4175/4175
f 4177/4177 4175/4175 4176/4176
f 4177/4177 4176/4176 4178/4178
f 4178/4178 4179/4179 4177/4177
f 4178/4178 4180/4180 4179/4179
f 4181/4181 4179/4179 4180/4180
f 4181/4181 4180/4180 4182/4182
f 4170/4170 4183/4183 4184/4184
f 4170/4170 4184/4184 4167/4167
f 4172/4172 4185/4185 4168/4168
f 4172/4172 4168/4168 4173/4173
f 4176/4176 4173/4173 4168/4168
f 4176/4176 4168/4168 4167/4167
f 4184/4184 4176/4176 4167/4167
f 4184/4184 4178/4178 4176/4176
f 4184/4184 4180/4180 4178/4178
f 4184/4184 4186/4186 4180/4180
f 4182/4182 4180/4180 4186/4186
f 4182/4182 4186/4186 4187/4187
f 4188/4188 4189/4189 4190/4190
f 4188/4188 4190/4190 4191/4191
f 4192/4192 4193/4193 4194/4194
f 4192/4192 4194/4194 4195/4195
f 4196/4196 4197/4197 4198/4198
f 4196/4196 4198/4198 4199/4199
f 4200/4200 4192/4192 4195/4195
f 4200/4200 4195/4195 4201/4201
f 4202/4202 4200/4200 4201/4201
f 4202/4202 4201/4201 4203/4203
f 4197/4197 4204/4204 4205/4205
f 4197/4197 4205/4205 4198/4198
f 4206/4206 4202/4202 4203/4203
f 4206/4206 4203/4203 4207/4207
f 4208/4208 4206/4206 4207/4207
f 4208/4208 4207/4207 4209/4209
f 4204/4204 4210/4210 4211/4211
f 4204/4204 4211/4211 4205/4205
f 4212/4212 4208/4208 4209/4209
f 4212/4212 4209/4209 4213/4213
f 4214/4214 4212/4212 4213/4213
f 4214/4214 4213/4213 4215/4215
f 4210/4210 4216/4216 4217/4217
f 4210/4210 4217/4217 4211/4211
f 4193/4193 4218/4218 4219/4219
f 4193/4193 4219/4219 4194/4194
f 4216/4216 4220/4220 4221/4221
f 4216/4216 4221/4221 4217/4217
f 4220/4220 4222/4222 4223/4223
f 4220/4220 4223/4223 4221/4221
f 4222/4222 4224/4224 4225/4225
f 4222/4222 4225/4225 4223/4223
f 4226/4226 4227/4227 4228/4228
f 4229/4229 4227/4227 4226/4226
f 4230/4230 4227/4227 4229/4229
f 4231/4231 4227/4227 4230/4230
f 4231/4231 4232/4232 4227/4227
f 4232/4232 4228/4228 4227/4227
f 4232/4232 4233/4233 4228/4228
f 4234/4234 4235/4235 4236/4236
f 4237/4237 4238/4238 4236/4236
f 4237/4237 4236/4236 4235/4235
f 4233/4233 4237/4237 4235/4235
f 4233/4233 4235/4235 4228/4228
f 4228/4228 4235/4235 4226/4226
f 4226/4226 4235/4235 4234/4234
f 4239/4239 4240/4240 4241/4241
f 4242/4242 4243/4243 4241/4241
f 4242/4242 4241/4241 4240/4240
f 4238/4238 4242/4242 4240/4240
f 4238/4238 4240/4240 4236/4236
f 4236/4236 4240/4240 4234/4234
f 4234/4234 4240/4240 4239/4239
f 4244/4244 4245/4245 4246/4246
f 4247/4247 4248/4248 4246/4246
f 4247/4247 4246/4246 4245/4245
f 4243/4243 4247/4247 4245/4245
f 4243/4243 4245/4245 4241/4241
f 4241/4241 4245/4245 4239/4239
f 4239/4239 4245/4245 4244/4244
f 4249/4249 4250/4250 4251/4251
f 4249/4249 4251/4251 4252/4252
f 4253/4253 4254/4254 4255/4255
f 4253/4253 4255/4255 4256/4256
f 4257/4257 4258/4258 4259/4259
f 4257/4257 4259/4259 4260/4260
f 4261/4261 4262/4262 4263/4263
f 4261/4261 4263/4263 4264/4264
f 4265/4265 4257/4257 4260/4260
f 4265/4265 4260/4260 4266/4266
f 4267/4267 4268/4268 4269/4269
f 4267/4267 4269/4269 4270/4270
f 4271/4271 4261/4261 4264/4264
f 4271/4271 4264/4264 4272/4272
f 4258/4258 4271/4271 4272/4272
f 4258/4258 4272/4272 4259/4259
f 4268/4268 4273/4273 4274/4274
f 4268/4268 4274/4274 4269/4269
f 4273/4273 4265/4265 4266/4266
f 4273/4273 4266/4266 4274/4274
f 4275/4275 4276/4276 4277/4277
f 4275/4275 4277/4277 4278/4278
f 4279/4279 4275/4275 4278/4278
f 4279/4279 4278/4278 4280/4280
f 4281/4281 4279/4279 4280/4280
f 4281/4281 4280/4280 4282/4282
f 4283/4283 4281/4281 4282/4282
f 4283/4283 4282/4282 4284/4284
f 4285/4285 4283/4283 4284/4284
f 4285/4285 4284/4284 4286/4286
f 4287/4287 4285/4285 4286/4286
f 4287/4287 4286/4286 4288/4288
f 4289/4289 4287/4287 4288/4288
f 4289/4289 4288/4288 4290/4290
f 4291/4291 4289/4289 4290/4290
f 4291/4291 4290/4290 4292/4292
f 4293/4293 4291/4291 4292/4292
f 4293/4293 4292/4292 4294/4294
f 4295/4295 4296/4296 4297/4297
f 4295/4295 4297/4297 4298/4298
f 4299/4299 4295/4295 4298/4298
f 4299/4299 4298/4298 4300/4300
f 4301/4301 4299/4299 4300/4300
f 4301/4301 4300/4300 4302/4302
f 4303/4303 4301/4301 4302/4302
f 4303/4303 4302/4302 4304/4304
f 4305/4305 4303/4303 4304/4304
f 4305/4305 4304/4304 4306/4306
f 4307/4307 4305/4305 4306/4306
f 4307/4307 4306/4306 4308/4308
f 4309/4309 4307/4307 4308/4308
f 4309/4309 4308/4308 4310/4310
f 4311/4311 4309/4309 4310/4310
f 4311/4311 4310/4310 4312/4312
f 4313/4313 4311/4311 4312/4312
f 4313/4313 4312/4312 4314/4314
f 4315/4315 4313/4313 4314/4314
f 4315/4315 4314/4314 4316/4316
f 4317/4317 4318/4318 4319/4319
f 4317/4317 4319/4319 4320/4320
f 4321/4321 827/827 826/826
f 4321/4321 826/826 4322/4322
f 4323/4323 4324/4324 4325/4325
f 4325/4325 4326/4326 4323/4323
f 4325/4325 4327/4327 4326/4326
f 4325/4325 4328/4328 4327/4327
f 4322/4322 4326/4326 4329/4329
f 4322/4322 4329/4329 4321/4321
f 4330/4330 4331/4331 4332/4332
f 4330/4330 4332/4332 4333/4333
f 4334/4334 4335/4335 4336/4336
f 4334/4334 4336/4336 4337/4337
f 4338/4338 4339/4339 4340/4340
f 4338/4338 4340/4340 4341/4341
f 4342/4342 4333/4333 4343/4343
f 4342/4342 4343/4343 4344/4344
f 4345/4345 4346/4346 4347/4347
f 4345/4345 4347/4347 4330/4330
f 4348/4348 4349/4349 4350/4350
f 4348/4348 4350/4350 4351/4351
f 4352/4352 4353/4353 4354/4354
f 4352/4352 4354/4354 4349/4349
f 4345/4345 4342/4342 4355/4355
f 4345/4345 4355/4355 4356/4356
f 4345/4345 4330/4330 4333/4333
f 4345/4345 4333/4333 4342/4342
f 4351/4351 4350/4350 4340/4340
f 4351/4351 4340/4340 4339/4339
f 4357/4357 4358/4358 4359/4359
f 4357/4357 4359/4359 4360/4360
f 4360/4360 4359/4359 4361/4361
f 4360/4360 4361/4361 4362/4362
f 4357/4357 4360/4360 4363/4363
f 4357/4357 4363/4363 4364/4364
f 4359/4359 4365/4365 4366/4366
f 4359/4359 4366/4366 4361/4361
f 4367/4367 4368/4368 4369/4369
f 4367/4367 4369/4369 4370/4370
f 4370/4370 4369/4369 4371/4371
f 4370/4370 4371/4371 4372/4372
f 4373/4373 4374/4374 4367/4367
f 4367/4367 4370/4370 4373/4373
f 4375/4375 4376/4376 4377/4377
f 4375/4375 4377/4377 4378/4378
f 4379/4379 4380/4380 4381/4381
f 4379/4379 4381/4381 4382/4382
f 4376/4376 4383/4383 4384/4384
f 4376/4376 4384/4384 4377/4377
f 4385/4385 4386/4386 4387/4387
f 4385/4385 4387/4387 4388/4388
f 4385/4385 4388/4388 4389/4389
f 4388/4388 4390/4390 4389/4389
f 4388/4388 4391/4391 4390/4390
f 4391/4391 4392/4392 4390/4390
f 4391/4391 4393/4393 4392/4392
f 4393/4393 4394/4394 4392/4392
f 4393/4393 4395/4395 4394/4394
f 4395/4395 4396/4396 4394/4394
f 4395/4395 4397/4397 4396/4396
f 4397/4397 4398/4398 4396/4396
f 4397/4397 4399/4399 4398/4398
f 4399/4399 4400/4400 4398/4398
f 4399/4399 4386/4386 4400/4400
f 4385/4385 4400/4400 4386/4386
f 4385/4385 4401/4401 4400/4400
f 4402/4402 4401/4401 4385/4385
f 4402/4402 4403/4403 4401/4401
f 4402/4402 4404/4404 4403/4403
f 4405/4405 4403/4403 4404/4404
f 4405/4405 4406/4406 4403/4403
f 4406/4406 4405/4405 4407/4407
f 4406/4406 4407/4407 4408/4408
f 4408/4408 4407/4407 4402/4402
f 4402/4402 4385/4385 4408/4408
f 4403/4403 4409/4409 4410/4410
f 4403/4403 4410/4410 4411/4411
f 4403/4403 4411/4411 4412/4412
f 4403/4403 4412/4412 4413/4413
f 4413/4413 4412/4412 4414/4414
f 4413/4413 4414/4414 4415/4415
f 4414/4414 4416/4416 4415/4415
f 4414/4414 4417/4417 4416/4416
f 4417/4417 4418/4418 4416/4416
f 4417/4417 4419/4419 4418/4418
f 4420/4420 4421/4421 4411/4411
f 4420/4420 4411/4411 4410/4410
f 4422/4422 4423/4423 4424/4424
f 4422/4422 4424/4424 4425/4425
f 4426/4426 4422/4422 4425/4425
f 4424/4424 4427/4427 4425/4425
f 2385/2385 2392/2392 2393/2393
f 2385/2385 2393/2393 2384/2384
f 2383/2383 2385/2385 2384/2384
f 2393/2393 2388/2388 2384/2384
f 4428/4428 4429/4429 4430/4430
f 4428/4428 4430/4430 4431/4431
f 4432/4432 4431/4431 4430/4430
f 4432/4432 4433/4433 4431/4431
f 2405/2405 4433/4433 4432/4432
f 2405/2405 4434/4434 4433/4433
f 2405/2405 4428/4428 4434/4434
f 2405/2405 4429/4429 4428/4428
f 2405/2405 2404/2404 4429/4429
f 4435/4435 4409/4409 4403/4403
f 4435/4435 4403/4403 4436/4436
f 4437/4437 4438/4438 4439/4439
f 4437/4437 4439/4439 4440/4440
f 4441/4441 4442/4442 4408/4408
f 4441/4441 4408/4408 4443/4443
f 4444/4444 4437/4437 4440/4440
f 4444/4444 4440/4440 4445/4445
f 4446/4446 4447/4447 4448/4448
f 4446/4446 4448/4448 4449/4449
f 4450/4450 4449/4449 4448/4448
f 4450/4450 4448/4448 4443/4443
f 4450/4450 4443/4443 4408/4408
f 4451/4451 4452/4452 4453/4453
f 4451/4451 4454/4454 4452/4452
f 4454/4454 4455/4455 4452/4452
f 4454/4454 4456/4456 4455/4455
f 4457/4457 4455/4455 4456/4456
f 4457/4457 4450/4450 4455/4455
f 4450/4450 4457/4457 4449/4449
f 4458/4458 4444/4444 4445/4445
f 4458/4458 4445/4445 4459/4459
f 4460/4460 4461/4461 4458/4458
f 4460/4460 4458/4458 4459/4459
f 4462/4462 4463/4463 4464/4464
f 4462/4462 4464/4464 4465/4465
f 4466/4466 4465/4465 4464/4464
f 4466/4466 4464/4464 4467/4467
f 4468/4468 4469/4469 4470/4470
f 4468/4468 4470/4470 4471/4471
f 4471/4471 4472/4472 4468/4468
f 4471/4471 4466/4466 4472/4472
f 4466/4466 4467/4467 4472/4472
f 4473/4473 4472/4472 4467/4467
f 4473/4473 4467/4467 4474/4474
f 4475/4475 4473/4473 4474/4474
f 4475/4475 4474/4474 4476/4476
f 4477/4477 4475/4475 4476/4476
f 4477/4477 4476/4476 4478/4478
f 4479/4479 4477/4477 4478/4478
f 4479/4479 4478/4478 4480/4480
f 4481/4481 4479/4479 4480/4480
f 4481/4481 4480/4480 4482/4482
f 4483/4483 4481/4481 4482/4482
f 4483/4483 4482/4482 4484/4484
f 4485/4485 4483/4483 4484/4484
f 4485/4485 4484/4484 4486/4486
f 4487/4487 4485/4485 4486/4486
f 4487/4487 4486/4486 4488/4488
f 4489/4489 4490/4490 4491/4491
f 4472/4472 4490/4490 4489/4489
f 4472/4472 4489/4489 4468/4468
f 4492/4492 4318/4318 4317/4317
f 4492/4492 4317/4317 4493/4493
f 4492/4492 4493/4493 4118/4118
f 4118/4118 4494/4494 4492/4492
f 4495/4495 4492/4492 4494/4494
f 4495/4495 4494/4494 4496/4496
f 4497/4497 4495/4495 4496/4496
f 4497/4497 4496/4496 4498/4498
f 4499/4499 4497/4497 4498/4498
f 4499/4499 4498/4498 4500/4500
f 4501/4501 4499/4499 4500/4500
f 4501/4501 4500/4500 4502/4502
f 4503/4503 4501/4501 4502/4502
f 4503/4503 4502/4502 4504/4504
f 4505/4505 4503/4503 4504/4504
f 4505/4505 4504/4504 4506/4506
f 4507/4507 4505/4505 4506/4506
f 4507/4507 4506/4506 4508/4508
f 2468/2468 4507/4507 4508/4508
f 2468/2468 4508/4508 2469/2469
f 2437/2437 2436/2436 4509/4509
f 4118/4118 2437/2437 4509/4509
f 4118/4118 4509/4509 4510/4510
f 4118/4118 4510/4510 4494/4494
f 4510/4510 4511/4511 4494/4494
f 4510/4510 4512/4512 4511/4511
f 4513/4513 4514/4514 4515/4515
f 4513/4513 4515/4515 4516/4516
f 4517/4517 4518/4518 4519/4519
f 4517/4517 4519/4519 4520/4520
f 4521/4521 4522/4522 4523/4523
f 4521/4521 4523/4523 4518/4518
f 4520/4520 4519/4519 4515/4515
f 4520/4520 4515/4515 4514/4514
f 4524/4524 4525/4525 4526/4526
f 4524/4524 4526/4526 4527/4527
f 4528/4528 4529/4529 4530/4530
f 4528/4528 4530/4530 4531/4531
f 4532/4532 4533/4533 4534/4534
f 4532/4532 4534/4534 4529/4529
f 4531/4531 4530/4530 4526/4526
f 4531/4531 4526/4526 4525/4525
f 4327/4327 4328/4328 4535/4535
f 4327/4327 4535/4535 4536/4536
f 4535/4535 4537/4537 4538/4538
f 4535/4535 4538/4538 4536/4536
f 4328/4328 4539/4539 4537/4537
f 4328/4328 4537/4537 4535/4535
f 4540/4540 4541/4541 827/827
f 4540/4540 827/827 4321/4321
f 4542/4542 4329/4329 4326/4326
f 4326/4326 4543/4543 4542/4542
f 4326/4326 4536/4536 4543/4543
f 4326/4326 4327/4327 4536/4536
f 4544/4544 4545/4545 4546/4546
f 4544/4544 4546/4546 4547/4547
f 4548/4548 4544/4544 4547/4547
f 4548/4548 4547/4547 4549/4549
f 4550/4550 4548/4548 4549/4549
f 4550/4550 4549/4549 4551/4551
f 4552/4552 4550/4550 4551/4551
f 4552/4552 4551/4551 4553/4553
f 4554/4554 4552/4552 4553/4553
f 4554/4554 4553/4553 4555/4555
f 4556/4556 4554/4554 4555/4555
f 4556/4556 4555/4555 4557/4557
f 4558/4558 4556/4556 4557/4557
f 4558/4558 4557/4557 4559/4559
f 4545/4545 4560/4560 4561/4561
f 4545/4545 4561/4561 4546/4546
f 4419/4419 4562/4562 4563/4563
f 4419/4419 4563/4563 4418/4418
f 4564/4564 4451/4451 4453/4453
f 4564/4564 4453/4453 4565/4565
f 4566/4566 4567/4567 813/813
f 4568/4568 4569/4569 818/818
f 818/818 817/817 4566/4566
f 4568/4568 818/818 4566/4566
f 4566/4566 4570/4570 4568/4568
f 4566/4566 4571/4571 4570/4570
f 4566/4566 813/813 4571/4571
f 813/813 4572/4572 4571/4571
f 813/813 4573/4573 4572/4572
f 813/813 812/812 4573/4573
f 4567/4567 4566/4566 2532/2532
f 4567/4567 2532/2532 2531/2531
f 4574/4574 4575/4575 4576/4576
f 4574/4574 4576/4576 4577/4577
f 4578/4578 4579/4579 2534/2534
f 4578/4578 2534/2534 2533/2533
f 4580/4580 4581/4581 4582/4582
f 4580/4580 4582/4582 4583/4583
f 2535/2535 796/796 4584/4584
f 2535/2535 4584/4584 4585/4585
f 790/790 821/821 4586/4586
f 790/790 4586/4586 4587/4587
f 4573/4573 812/812 4576/4576
f 4573/4573 4576/4576 4575/4575
f 818/818 4569/4569 4582/4582
f 818/818 4582/4582 4581/4581
f 817/817 822/822 2532/2532
f 817/817 2532/2532 4566/4566
f 4567/4567 2531/2531 814/814
f 4567/4567 814/814 813/813
f 792/792 797/797 2534/2534
f 792/792 2534/2534 4579/4579
f 4578/4578 2533/2533 789/789
f 4578/4578 789/789 788/788
f 59/59 57/57 77/77
f 76/76 59/59 77/77
f 4588/4588 4589/4589 4590/4590
f 4588/4588 4590/4590 4591/4591
f 4588/4588 4591/4591 4592/4592
f 4588/4588 4592/4592 4593/4593
f 4594/4594 4593/4593 4592/4592
f 4594/4594 4595/4595 4593/4593
f 4588/4588 4593/4593 4596/4596
f 4588/4588 4596/4596 4597/4597
f 4598/4598 4599/4599 4600/4600
f 4598/4598 4600/4600 4601/4601
f 4602/4602 4603/4603 4604/4604
f 4602/4602 4604/4604 4605/4605
f 4606/4606 4602/4602 4605/4605
f 4606/4606 4605/4605 4607/4607
f 4608/4608 4606/4606 4607/4607
f 4608/4608 4607/4607 4609/4609
f 4610/4610 4608/4608 4609/4609
f 4610/4610 4609/4609 4611/4611
f 4612/4612 4610/4610 4611/4611
f 4612/4612 4611/4611 4613/4613
f 4614/4614 4612/4612 4613/4613
f 4614/4614 4613/4613 4615/4615
f 4616/4616 4615/4615 4613/4613
f 4616/4616 4617/4617 4615/4615
f 4618/4618 4617/4617 4616/4616
f 4618/4618 4619/4619 4617/4617
f 4619/4619 4618/4618 4595/4595
f 4619/4619 4595/4595 4594/4594
f 4620/4620 4614/4614 4615/4615
f 4620/4620 4615/4615 4621/4621
f 4603/4603 4620/4620 4621/4621
f 4603/4603 4621/4621 4604/4604
f 4599/4599 4622/4622 4623/4623
f 4599/4599 4623/4623 4600/4600
f 4622/4622 766/766 768/768
f 4622/4622 768/768 4623/4623
f 4624/4624 4625/4625 4626/4626
f 4624/4624 4627/4627 4625/4625
f 4627/4627 4628/4628 4625/4625
f 4627/4627 4629/4629 4628/4628
f 4630/4630 4628/4628 4629/4629
f 4630/4630 4631/4631 4628/4628
f 4632/4632 4631/4631 4630/4630
f 4632/4632 4633/4633 4631/4631
f 4633/4633 4632/4632 4634/4634
f 4633/4633 4634/4634 4635/4635
f 4635/4635 4634/4634 4636/4636
f 4635/4635 4636/4636 4637/4637
f 4636/4636 4638/4638 4637/4637
f 4636/4636 4639/4639 4638/4638
f 4639/4639 4601/4601 4638/4638
f 4639/4639 4598/4598 4601/4601
f 4640/4640 4641/4641 4642/4642
f 4640/4640 4642/4642 4643/4643
f 4644/4644 4645/4645 4646/4646
f 4644/4644 4646/4646 4647/4647
f 4648/4648 4649/4649 4650/4650
f 4648/4648 4650/4650 4651/4651
f 4641/4641 4652/4652 4653/4653
f 4641/4641 4653/4653 4642/4642
f 4654/4654 4655/4655 4656/4656
f 4654/4654 4656/4656 4657/4657
f 4649/4649 4658/4658 4659/4659
f 4649/4649 4659/4659 4650/4650
f 4660/4660 4624/4624 4626/4626
f 4660/4660 4626/4626 4661/4661
f 4652/4652 4662/4662 4663/4663
f 4652/4652 4663/4663 4653/4653
f 4664/4664 4654/4654 4657/4657
f 4664/4664 4657/4657 4665/4665
f 4658/4658 4666/4666 4667/4667
f 4658/4658 4667/4667 4659/4659
f 4662/4662 4668/4668 4669/4669
f 4662/4662 4669/4669 4663/4663
f 4670/4670 4644/4644 4647/4647
f 4670/4670 4647/4647 4671/4671
f 4666/4666 4672/4672 4673/4673
f 4666/4666 4673/4673 4667/4667
f 4674/4674 4675/4675 4676/4676
f 4674/4674 4676/4676 4677/4677
f 4655/4655 4678/4678 4679/4679
f 4655/4655 4679/4679 4656/4656
f 4668/4668 4670/4670 4671/4671
f 4668/4668 4671/4671 4669/4669
f 4645/4645 4680/4680 4681/4681
f 4645/4645 4681/4681 4646/4646
f 4672/4672 4664/4664 4665/4665
f 4672/4672 4665/4665 4673/4673
f 4682/4682 4683/4683 4684/4684
f 4682/4682 4684/4684 4685/4685
f 778/778 4682/4682 4685/4685
f 778/778 4685/4685 779/779
f 4683/4683 4674/4674 4677/4677
f 4683/4683 4677/4677 4684/4684
f 4686/4686 4687/4687 4688/4688
f 4686/4686 4688/4688 4689/4689
f 4690/4690 4691/4691 4692/4692
f 4690/4690 4692/4692 4693/4693
f 4694/4694 4695/4695 4696/4696
f 4694/4694 4696/4696 4697/4697
f 4688/4688 4687/4687 4694/4694
f 4688/4688 4694/4694 4697/4697
f 4698/4698 4699/4699 4690/4690
f 4698/4698 4690/4690 4700/4700
f 757/757 756/756 4701/4701
f 757/757 4701/4701 4702/4702
f 4702/4702 4701/4701 4703/4703
f 4702/4702 4703/4703 4691/4691
f 726/726 730/730 4699/4699
f 726/726 4699/4699 4698/4698
f 4689/4689 4702/4702 4691/4691
f 4689/4689 4691/4691 4690/4690
f 4690/4690 4686/4686 4689/4689
f 4690/4690 4699/4699 4686/4686
f 114/114 4704/4704 4705/4705
f 114/114 4705/4705 112/112
f 4706/4706 111/111 110/110
f 4706/4706 110/110 4705/4705
f 4705/4705 110/110 109/109
f 4705/4705 109/109 112/112
f 113/113 4707/4707 4704/4704
f 113/113 4704/4704 114/114
f 4708/4708 4709/4709 4710/4710
f 4708/4708 4710/4710 4711/4711
f 4712/4712 4713/4713 4714/4714
f 4712/4712 4714/4714 4715/4715
f 4709/4709 4716/4716 4717/4717
f 4709/4709 4717/4717 4710/4710
f 4718/4718 4712/4712 4715/4715
f 4718/4718 4715/4715 4719/4719
f 4713/4713 4720/4720 4721/4721
f 4713/4713 4721/4721 4714/4714
f 4716/4716 4718/4718 4719/4719
f 4716/4716 4719/4719 4717/4717
f 4722/4722 118/118 120/120
f 4722/4722 120/120 4723/4723
f 4722/4722 4723/4723 117/117
f 4722/4722 117/117 4724/4724
f 4722/4722 116/116 115/115
f 4722/4722 115/115 118/118
f 4723/4723 120/120 119/119
f 4723/4723 119/119 4725/4725
f 2446/2446 4726/4726 4727/4727
f 2446/2446 4727/4727 2444/2444
f 2450/2450 2444/2444 4727/4727
f 2450/2450 4727/4727 4728/4728
f 4728/4728 2451/2451 2450/2450
f 4728/4728 4729/4729 2451/2451
f 4730/4730 4731/4731 4732/4732
f 4730/4730 4733/4733 4731/4731
f 4733/4733 4734/4734 4731/4731
f 4733/4733 4735/4735 4734/4734
f 4735/4735 4736/4736 4734/4734
f 4735/4735 4737/4737 4736/4736
f 4737/4737 4738/4738 4736/4736
f 4737/4737 4739/4739 4738/4738
f 4739/4739 4740/4740 4738/4738
f 4739/4739 4741/4741 4740/4740
f 4741/4741 4742/4742 4740/4740
f 4741/4741 4743/4743 4742/4742
f 4743/4743 4744/4744 4742/4742
f 4743/4743 4745/4745 4744/4744
f 4746/4746 4747/4747 4748/4748
f 4746/4746 4749/4749 4747/4747
f 4749/4749 4746/4746 4745/4745
f 4749/4749 4745/4745 4743/4743
f 4750/4750 4749/4749 4743/4743
f 4750/4750 4743/4743 4741/4741
f 4751/4751 4750/4750 4741/4741
f 4751/4751 4741/4741 4739/4739
f 4752/4752 4751/4751 4739/4739
f 4752/4752 4739/4739 4737/4737
f 4753/4753 4752/4752 4737/4737
f 4753/4753 4737/4737 4735/4735
f 4754/4754 4753/4753 4735/4735
f 4754/4754 4735/4735 4733/4733
f 4755/4755 4754/4754 4733/4733
f 4755/4755 4733/4733 4730/4730
f 4756/4756 4755/4755 4730/4730
f 4756/4756 4730/4730 4757/4757
f 4757/4757 4730/4730 4732/4732
f 4757/4757 4732/4732 4758/4758
f 4755/4755 4756/4756 4759/4759
f 4755/4755 4759/4759 4760/4760
f 4754/4754 4755/4755 4760/4760
f 4754/4754 4760/4760 4761/4761
f 4753/4753 4754/4754 4761/4761
f 4753/4753 4761/4761 4762/4762
f 4752/4752 4753/4753 4762/4762
f 4752/4752 4762/4762 4763/4763
f 4751/4751 4752/4752 4763/4763
f 4751/4751 4763/4763 4764/4764
f 4750/4750 4751/4751 4764/4764
f 4750/4750 4764/4764 4765/4765
f 4749/4749 4750/4750 4765/4765
f 4749/4749 4765/4765 4747/4747
f 4766/4766 4767/4767 4768/4768
f 4766/4766 4768/4768 4769/4769
f 4770/4770 4771/4771 4772/4772
f 4770/4770 4772/4772 4773/4773
f 4774/4774 4766/4766 4769/4769
f 4774/4774 4769/4769 4775/4775
f 4776/4776 4774/4774 4775/4775
f 4776/4776 4775/4775 4777/4777
f 4771/4771 4778/4778 4779/4779
f 4771/4771 4779/4779 4772/4772
f 4780/4780 4781/4781 4782/4782
f 4780/4780 4782/4782 4783/4783
f 4784/4784 4780/4780 4783/4783
f 4784/4784 4783/4783 4785/4785
f 4778/4778 4786/4786 4787/4787
f 4778/4778 4787/4787 4779/4779
f 4788/4788 4784/4784 4785/4785
f 4788/4788 4785/4785 4789/4789
f 4790/4790 4788/4788 4789/4789
f 4790/4790 4789/4789 4791/4791
f 4786/4786 4792/4792 4793/4793
f 4786/4786 4793/4793 4787/4787
f 4767/4767 4790/4790 4791/4791
f 4767/4767 4791/4791 4768/4768
f 4792/4792 4794/4794 4795/4795
f 4792/4792 4795/4795 4793/4793
f 4794/4794 4796/4796 4797/4797
f 4794/4794 4797/4797 4795/4795
f 4796/4796 4798/4798 4799/4799
f 4796/4796 4799/4799 4797/4797
f 4799/4799 4798/4798 4800/4800
f 4799/4799 4800/4800 4801/4801
f 4802/4802 4803/4803 4804/4804
f 4805/4805 4802/4802 4804/4804
f 4805/4805 4804/4804 4806/4806
f 4807/4807 4805/4805 4806/4806
f 4807/4807 4806/4806 4808/4808
f 4809/4809 4807/4807 4808/4808
f 4809/4809 4808/4808 4810/4810
f 4811/4811 4809/4809 4810/4810
f 4811/4811 4810/4810 4812/4812
f 4813/4813 4811/4811 4812/4812
f 4813/4813 4812/4812 4814/4814
f 4815/4815 4813/4813 4814/4814
f 4815/4815 4814/4814 4816/4816
f 4817/4817 4815/4815 4816/4816
f 4817/4817 4816/4816 4803/4803
f 4802/4802 4817/4817 4803/4803
f 4815/4815 4817/4817 4818/4818
f 4815/4815 4818/4818 4819/4819
f 4770/4770 4773/4773 4820/4820
f 4770/4770 4820/4820 4821/4821
f 4822/4822 4823/4823 4824/4824
f 4822/4822 4824/4824 4825/4825
f 4826/4826 4827/4827 4828/4828
f 4826/4826 4828/4828 4829/4829
f 4830/4830 4822/4822 4825/4825
f 4830/4830 4825/4825 4831/4831
f 4832/4832 4830/4830 4831/4831
f 4832/4832 4831/4831 4833/4833
f 4827/4827 4834/4834 4835/4835
f 4827/4827 4835/4835 4828/4828
f 4836/4836 4832/4832 4833/4833
f 4836/4836 4833/4833 4837/4837
f 4838/4838 4836/4836 4837/4837
f 4838/4838 4837/4837 4839/4839
f 4834/4834 4840/4840 4841/4841
f 4834/4834 4841/4841 4835/4835
f 4842/4842 4838/4838 4839/4839
f 4842/4842 4839/4839 4843/4843
f 4844/4844 4842/4842 4843/4843
f 4844/4844 4843/4843 4845/4845
f 4840/4840 4846/4846 4847/4847
f 4840/4840 4847/4847 4841/4841
f 4823/4823 4848/4848 4849/4849
f 4823/4823 4849/4849 4824/4824
f 4846/4846 4850/4850 4851/4851
f 4846/4846 4851/4851 4847/4847
f 4850/4850 4852/4852 4853/4853
f 4850/4850 4853/4853 4851/4851
f 4852/4852 4854/4854 4855/4855
f 4852/4852 4855/4855 4853/4853
f 4855/4855 4854/4854 4856/4856
f 4855/4855 4856/4856 4857/4857
f 4858/4858 4859/4859 4860/4860
f 4861/4861 4858/4858 4860/4860
f 4861/4861 4860/4860 4862/4862
f 4863/4863 4861/4861 4862/4862
f 4863/4863 4862/4862 4864/4864
f 4865/4865 4863/4863 4864/4864
f 4865/4865 4864/4864 4866/4866
f 4867/4867 4865/4865 4866/4866
f 4867/4867 4866/4866 4868/4868
f 4869/4869 4867/4867 4868/4868
f 4869/4869 4868/4868 4870/4870
f 4871/4871 4869/4869 4870/4870
f 4871/4871 4870/4870 4872/4872
f 4873/4873 4871/4871 4872/4872
f 4873/4873 4872/4872 4859/4859
f 4858/4858 4873/4873 4859/4859
f 4871/4871 4873/4873 4874/4874
f 4871/4871 4874/4874 4875/4875
f 4826/4826 4829/4829 4876/4876
f 4826/4826 4876/4876 4877/4877
f 4878/4878 4879/4879 4880/4880
f 4878/4878 4880/4880 4881/4881
f 4878/4878 4881/4881 4882/4882
f 4882/4882 4883/4883 4878/4878
f 4882/4882 4884/4884 4883/4883
f 4882/4882 4885/4885 4884/4884
f 4885/4885 4886/4886 4884/4884
f 4885/4885 4887/4887 4886/4886
f 4886/4886 4887/4887 4888/4888
f 4886/4886 4888/4888 4889/4889
f 4888/4888 4890/4890 4889/4889
f 4888/4888 4891/4891 4890/4890
f 4892/4892 4890/4890 4891/4891
f 4892/4892 4879/4879 4890/4890
f 4892/4892 4880/4880 4879/4879
f 4892/4892 4893/4893 4880/4880
f 4894/4894 4895/4895 4896/4896
f 4894/4894 4896/4896 4897/4897
f 4894/4894 4897/4897 4898/4898
f 4898/4898 4899/4899 4894/4894
f 4898/4898 4900/4900 4899/4899
f 4898/4898 4901/4901 4900/4900
f 4902/4902 4903/4903 4904/4904
f 4902/4902 4904/4904 4905/4905
f 4902/4902 4905/4905 4906/4906
f 4906/4906 4907/4907 4902/4902
f 4906/4906 4908/4908 4907/4907
f 4906/4906 4909/4909 4908/4908
f 4910/4910 4911/4911 4912/4912
f 4910/4910 4912/4912 4913/4913
f 4914/4914 4910/4910 4913/4913
f 4914/4914 4913/4913 4915/4915
f 4914/4914 4915/4915 4916/4916
f 4914/4914 4916/4916 4917/4917
f 4918/4918 4919/4919 4920/4920
f 4918/4918 4920/4920 4921/4921
f 4911/4911 4922/4922 4923/4923
f 4911/4911 4923/4923 4912/4912
f 4918/4918 4921/4921 4924/4924
f 4918/4918 4924/4924 4925/4925
f 4926/4926 4920/4920 4919/4919
f 4926/4926 4919/4919 4927/4927
f 616/616 615/615 4928/4928
f 616/616 4928/4928 4929/4929
f 4930/4930 4931/4931 4932/4932
f 4933/4933 4934/4934 4935/4935
f 4933/4933 4935/4935 4931/4931
f 4930/4930 4933/4933 4931/4931
f 4930/4930 4936/4936 4933/4933
f 4936/4936 4930/4930 4937/4937
f 4938/4938 4937/4937 4930/4930
f 4930/4930 4932/4932 4938/4938
f 4939/4939 4940/4940 4941/4941
f 4939/4939 4941/4941 4942/4942
f 4943/4943 4944/4944 4945/4945
f 4943/4943 4945/4945 4946/4946
f 4947/4947 4948/4948 4949/4949
f 4947/4947 4950/4950 4948/4948
f 4951/4951 4948/4948 4950/4950
f 4951/4951 4950/4950 4952/4952
f 568/568 4953/4953 2564/2564
f 568/568 2564/2564 569/569
f 78/78 80/80 121/121
f 80/80 4954/4954 121/121
f 4955/4955 517/517 4956/4956
f 4955/4955 4956/4956 4957/4957
f 4958/4958 4955/4955 4957/4957
f 4958/4958 4957/4957 4959/4959
f 4960/4960 624/624 4961/4961
f 4960/4960 623/623 624/624
f 4962/4962 623/623 4960/4960
f 4962/4962 620/620 623/623
f 4963/4963 620/620 4962/4962
f 4963/4963 621/621 620/620
f 4963/4963 4958/4958 621/621
f 4963/4963 514/514 4958/4958
f 513/513 4958/4958 514/514
f 513/513 4955/4955 4958/4958
f 4955/4955 513/513 517/517
f 618/618 4964/4964 625/625
f 618/618 4965/4965 4964/4964
f 617/617 4965/4965 618/618
f 617/617 4966/4966 4965/4965
f 622/622 4966/4966 617/617
f 622/622 4967/4967 4966/4966
f 622/622 4968/4968 4967/4967
f 622/622 4959/4959 4968/4968
f 4957/4957 4968/4968 4959/4959
f 4957/4957 4969/4969 4968/4968
f 4969/4969 4957/4957 4956/4956
f 4970/4970 4971/4971 4972/4972
f 4970/4970 4972/4972 4973/4973
f 340/340 612/612 611/611
f 340/340 611/611 341/341
f 4971/4971 4970/4970 2558/2558
f 4971/4971 2558/2558 2557/2557
f 2538/2538 344/344 343/343
f 2538/2538 343/343 2539/2539
f 4974/4974 4953/4953 568/568
f 4974/4974 568/568 4975/4975
f 560/560 2563/2563 4976/4976
f 560/560 4976/4976 561/561
f 526/526 4977/4977 4978/4978
f 526/526 4978/4978 527/527
f 4979/4979 4980/4980 4981/4981
f 4979/4979 4981/4981 4982/4982
f 4983/4983 4978/4978 4977/4977
f 4984/4984 4985/4985 4983/4983
f 4977/4977 4984/4984 4983/4983
f 4977/4977 4986/4986 4984/4984
f 4977/4977 4987/4987 4986/4986
f 4977/4977 4988/4988 4987/4987
f 527/527 4978/4978 4989/4989
f 527/527 4989/4989 4990/4990
f 4980/4980 4979/4979 4991/4991
f 4980/4980 4991/4991 4992/4992
f 4990/4990 4989/4989 4993/4993
f 4990/4990 4993/4993 4994/4994
f 4992/4992 4991/4991 4995/4995
f 4992/4992 4995/4995 4996/4996
f 4997/4997 4998/4998 4982/4982
f 4997/4997 4982/4982 4981/4981
f 4999/4999 5000/5000 5001/5001
f 4999/4999 5001/5001 5002/5002
f 52/52 1347/1347 3849/3849
f 52/52 3849/3849 82/82
f 52/52 82/82 84/84
f 4932/4932 633/633 4938/4938
f 4932/4932 632/632 633/633
f 4931/4931 632/632 4932/4932
f 4931/4931 629/629 632/632
f 4935/4935 629/629 4931/4931
f 4935/4935 630/630 629/629
f 4935/4935 4951/4951 630/630
f 4935/4935 5003/5003 4951/4951
f 5004/5004 4951/4951 5003/5003
f 5004/5004 4948/4948 4951/4951
f 4948/4948 5004/5004 4949/4949
f 627/627 5005/5005 634/634
f 627/627 5006/5006 5005/5005
f 626/626 5006/5006 627/627
f 626/626 5007/5007 5006/5006
f 631/631 5007/5007 626/626
f 631/631 5008/5008 5007/5007
f 631/631 5009/5009 5008/5008
f 631/631 4952/4952 5009/5009
f 4950/4950 5009/5009 4952/4952
f 4950/4950 5010/5010 5009/5009
f 5010/5010 4950/4950 4947/4947
f 5004/5004 5011/5011 4949/4949
f 5004/5004 5012/5012 5011/5011
f 5013/5013 5012/5012 5004/5004
f 5013/5013 5004/5004 5003/5003
f 4935/4935 4934/4934 5013/5013
f 4935/4935 5013/5013 5003/5003
f 5014/5014 5015/5015 5016/5016
f 5014/5014 5016/5016 5017/5017
f 4962/4962 4960/4960 5018/5018
f 5018/5018 4960/4960 4961/4961
f 4961/4961 5019/5019 5018/5018
f 5020/5020 5018/5018 5019/5019
f 4962/4962 5018/5018 5020/5020
f 4962/4962 5020/5020 5021/5021
f 5021/5021 4963/4963 4962/4962
f 5021/5021 5022/5022 4963/4963
f 630/630 4951/4951 4952/4952
f 630/630 4952/4952 631/631
f 621/621 4958/4958 4959/4959
f 621/621 4959/4959 622/622
f 5023/5023 89/89 92/92
f 5023/5023 92/92 132/132
f 5024/5024 5023/5023 132/132
f 5024/5024 132/132 131/131
f 5024/5024 131/131 130/130
f 5024/5024 130/130 128/128
f 130/130 5025/5025 129/129
f 130/130 129/129 128/128
f 93/93 129/129 5025/5025
f 93/93 5025/5025 94/94
f 4179/4179 4181/4181 5026/5026
f 4179/4179 5026/5026 5027/5027
f 5028/5028 5029/5029 5030/5030
f 5028/5028 5030/5030 4169/4169
f 4170/4170 4169/4169 5030/5030
f 4170/4170 5030/5030 5031/5031
f 5031/5031 4183/4183 4170/4170
f 5031/5031 5032/5032 4183/4183
f 4183/4183 5032/5032 5033/5033
f 4183/4183 5033/5033 5034/5034
f 5035/5035 5034/5034 5033/5033
f 5035/5035 5033/5033 5036/5036
f 5037/5037 434/434 435/435
f 5038/5038 5039/5039 431/431
f 5038/5038 431/431 434/434
f 5037/5037 5038/5038 434/434
f 5037/5037 5040/5040 5038/5038
f 5040/5040 5037/5037 5041/5041
f 437/437 5041/5041 5037/5037
f 5037/5037 435/435 437/437
f 4250/4250 5042/5042 5043/5043
f 4250/4250 5043/5043 4251/4251
f 5044/5044 5045/5045 5046/5046
f 5044/5044 5046/5046 5047/5047
f 5048/5048 5049/5049 5050/5050
f 5048/5048 5050/5050 5051/5051
f 4963/4963 5022/5022 512/512
f 4963/4963 512/512 514/514
f 211/211 213/213 4256/4256
f 211/211 4256/4256 4255/4255
f 427/427 5052/5052 428/428
f 427/427 5053/5053 5052/5052
f 5054/5054 5053/5053 427/427
f 5054/5054 427/427 430/430
f 431/431 5039/5039 5054/5054
f 431/431 5054/5054 430/430
f 456/456 426/426 428/428
f 456/456 455/455 426/426
f 429/429 426/426 455/455
f 429/429 455/455 458/458
f 432/432 429/429 458/458
f 432/432 458/458 459/459
f 5055/5055 5027/5027 5026/5026
f 5055/5055 5056/5056 5027/5027
f 5057/5057 5027/5027 5056/5056
f 5057/5057 5058/5058 5027/5027
f 5058/5058 5057/5057 5059/5059
f 5058/5058 5059/5059 5060/5060
f 5060/5060 5059/5059 5061/5061
f 5060/5060 5061/5061 5062/5062
f 5063/5063 5062/5062 5061/5061
f 5063/5063 5061/5061 5064/5064
f 4175/4175 4177/4177 5058/5058
f 4175/4175 5058/5058 5060/5060
f 5065/5065 5066/5066 5067/5067
f 5065/5065 5067/5067 5068/5068
f 5069/5069 5070/5070 5071/5071
f 5069/5069 5071/5071 5072/5072
f 5073/5073 5074/5074 5075/5075
f 5073/5073 5075/5075 5076/5076
f 5051/5051 5050/5050 5077/5077
f 5051/5051 5077/5077 5078/5078
f 5042/5042 5079/5079 5080/5080
f 5042/5042 5080/5080 5043/5043
f 5081/5081 5082/5082 5083/5083
f 5081/5081 5083/5083 5084/5084
f 433/433 432/432 459/459
f 433/433 459/459 462/462
f 9/9 433/433 462/462
f 9/9 462/462 10/10
f 52/52 84/84 99/99
f 52/52 99/99 1686/1686
f 51/51 52/52 1686/1686
f 3864/3864 3860/3860 3858/3858
f 3864/3864 3858/3858 3854/3854
f 3853/3853 3864/3864 3854/3854
f 3858/3858 3857/3857 3854/3854
f 3877/3877 3887/3887 3889/3889
f 3885/3885 3878/3878 3877/3877
f 3885/3885 3877/3877 3874/3874
f 3877/3877 3889/3889 3874/3874
f 3889/3889 3881/3881 3874/3874
f 3873/3873 3885/3885 3874/3874
f 3895/3895 3903/3903 3905/3905
f 3899/3899 3907/3907 3895/3895
f 3899/3899 3895/3895 3892/3892
f 3895/3895 3905/3905 3892/3892
f 3905/3905 3901/3901 3892/3892
f 3891/3891 3899/3899 3892/3892
f 79/79 123/123 4954/4954
f 79/79 4954/4954 80/80
f 4166/4166 4165/4165 5085/5085
f 4166/4166 5085/5085 5086/5086
f 15/15 5087/5087 2566/2566
f 15/15 2566/2566 16/16
f 5088/5088 5089/5089 5090/5090
f 5088/5088 5090/5090 5091/5091
f 5092/5092 5093/5093 2565/2565
f 5092/5092 2565/2565 2566/2566
f 5094/5094 5095/5095 5096/5096
f 5094/5094 5096/5096 5097/5097
f 5098/5098 5099/5099 5100/5100
f 5098/5098 5100/5100 5101/5101
f 5102/5102 5100/5100 5103/5103
f 5102/5102 5103/5103 5104/5104
f 5099/5099 5105/5105 5103/5103
f 5099/5099 5103/5103 5100/5100
f 5106/5106 5107/5107 5103/5103
f 5106/5106 5103/5103 5105/5105
f 5108/5108 5109/5109 5095/5095
f 5108/5108 5095/5095 5094/5094
f 5110/5110 5094/5094 5097/5097
f 5110/5110 5097/5097 5111/5111
f 5112/5112 5113/5113 5114/5114
f 5112/5112 5114/5114 5115/5115
f 5116/5116 5117/5117 5118/5118
f 5116/5116 5118/5118 5119/5119
f 5117/5117 5120/5120 5121/5121
f 5117/5117 5121/5121 5118/5118
f 4175/4175 5060/5060 5062/5062
f 4175/4175 5062/5062 4174/4174
f 5058/5058 4177/4177 4179/4179
f 5058/5058 4179/4179 5027/5027
f 5122/5122 5123/5123 5124/5124
f 5122/5122 5124/5124 5125/5125
f 5120/5120 5126/5126 5127/5127
f 5120/5120 5127/5127 5121/5121
f 4183/4183 5034/5034 4186/4186
f 4183/4183 4186/4186 4184/4184
f 4186/4186 5034/5034 5035/5035
f 4186/4186 5035/5035 4187/4187
f 217/217 5128/5128 232/232
f 217/217 232/232 218/218
f 5129/5129 5130/5130 217/217
f 217/217 5130/5130 5128/5128
f 5128/5128 5130/5130 5131/5131
f 5128/5128 5131/5131 232/232
f 32/32 984/984 1046/1046
f 32/32 1046/1046 1044/1044
f 32/32 1044/1044 1043/1043
f 33/33 32/32 1043/1043
f 4125/4125 4124/4124 4130/4130
f 4125/4125 4130/4130 4121/4121
f 4120/4120 4125/4125 4121/4121
f 4130/4130 4132/4132 4121/4121
f 4129/4129 4131/4131 4127/4127
f 4129/4129 4127/4127 4123/4123
f 4122/4122 4129/4129 4123/4123
f 4127/4127 4126/4126 4123/4123
f 5132/5132 5133/5133 5134/5134
f 5132/5132 5134/5134 5135/5135
f 5135/5135 5134/5134 5136/5136
f 5135/5135 5136/5136 5137/5137
f 5137/5137 5136/5136 5138/5138
f 5137/5137 5138/5138 5139/5139
f 5139/5139 5138/5138 5140/5140
f 5139/5139 5140/5140 5141/5141
f 5141/5141 5140/5140 5142/5142
f 5141/5141 5142/5142 5143/5143
f 5143/5143 5142/5142 5144/5144
f 5143/5143 5144/5144 5145/5145
f 5145/5145 5144/5144 5146/5146
f 5147/5147 5145/5145 5148/5148
f 5149/5149 5145/5145 5147/5147
f 5149/5149 5143/5143 5145/5145
f 5150/5150 5143/5143 5149/5149
f 5150/5150 5141/5141 5143/5143
f 5151/5151 5141/5141 5150/5150
f 5151/5151 5139/5139 5141/5141
f 5152/5152 5139/5139 5151/5151
f 5152/5152 5137/5137 5139/5139
f 5153/5153 5137/5137 5152/5152
f 5153/5153 5135/5135 5137/5137
f 5154/5154 5135/5135 5153/5153
f 5154/5154 5132/5132 5135/5135
f 5155/5155 5132/5132 5154/5154
f 5156/5156 5157/5157 5158/5158
f 5159/5159 5160/5160 5156/5156
f 5156/5156 5160/5160 5157/5157
f 5160/5160 5161/5161 5157/5157
f 5146/5146 5157/5157 5161/5161
f 5145/5145 5146/5146 5148/5148
f 5161/5161 5148/5148 5146/5146
f 5147/5147 5148/5148 5161/5161
f 5160/5160 5147/5147 5161/5161
f 5162/5162 5147/5147 5160/5160
f 5159/5159 5162/5162 5160/5160
f 5163/5163 5162/5162 5159/5159
f 5163/5163 5164/5164 5162/5162
f 5165/5165 5164/5164 5163/5163
f 5165/5165 5166/5166 5164/5164
f 5167/5167 5166/5166 5165/5165
f 5167/5167 5168/5168 5166/5166
f 5169/5169 5168/5168 5167/5167
f 5169/5169 5170/5170 5168/5168
f 5155/5155 5170/5170 5169/5169
f 5155/5155 5171/5171 5170/5170
f 5154/5154 5171/5171 5155/5155
f 5171/5171 5154/5154 5153/5153
f 5171/5171 5153/5153 5170/5170
f 5170/5170 5153/5153 5152/5152
f 5170/5170 5152/5152 5168/5168
f 5168/5168 5152/5152 5151/5151
f 5168/5168 5151/5151 5166/5166
f 5166/5166 5151/5151 5150/5150
f 5166/5166 5150/5150 5164/5164
f 5164/5164 5150/5150 5149/5149
f 5164/5164 5149/5149 5162/5162
f 5162/5162 5149/5149 5147/5147
f 5172/5172 5173/5173 5174/5174
f 5172/5172 5174/5174 5175/5175
f 5176/5176 5172/5172 5175/5175
f 5176/5176 5175/5175 5177/5177
f 5178/5178 5176/5176 5177/5177
f 5178/5178 5177/5177 5179/5179
f 5180/5180 5178/5178 5179/5179
f 5180/5180 5179/5179 5181/5181
f 5182/5182 5180/5180 5181/5181
f 5182/5182 5181/5181 5183/5183
f 5184/5184 5182/5182 5183/5183
f 5184/5184 5183/5183 5185/5185
f 5186/5186 5184/5184 5185/5185
f 5186/5186 5185/5185 5187/5187
f 5188/5188 5186/5186 5187/5187
f 5188/5188 5187/5187 5189/5189
f 5190/5190 5188/5188 5189/5189
f 5190/5190 5189/5189 5191/5191
f 5192/5192 5190/5190 5191/5191
f 5192/5192 5191/5191 5193/5193
f 4374/4374 5194/5194 5195/5195
f 4374/4374 5195/5195 4367/4367
f 5194/5194 5196/5196 5197/5197
f 5194/5194 5197/5197 5195/5195
f 5198/5198 5199/5199 5200/5200
f 5198/5198 5200/5200 5201/5201
f 5202/5202 5203/5203 5204/5204
f 5202/5202 5204/5204 5205/5205
f 5206/5206 5207/5207 5204/5204
f 5206/5206 5204/5204 5203/5203
f 5208/5208 5209/5209 5210/5210
f 5208/5208 5210/5210 5211/5211
f 5208/5208 5212/5212 5213/5213
f 5208/5208 5213/5213 5209/5209
f 5214/5214 5215/5215 5213/5213
f 5214/5214 5213/5213 5212/5212
f 5081/5081 5084/5084 5216/5216
f 5081/5081 5216/5216 5217/5217
f 5218/5218 12/12 14/14
f 5218/5218 14/14 2565/2565
f 5219/5219 5220/5220 5221/5221
f 5219/5219 5221/5221 5222/5222
f 1118/1118 1120/1120 5223/5223
f 1118/1118 5223/5223 2560/2560
f 5224/5224 4511/4511 4512/4512
f 5224/5224 4512/4512 5225/5225
f 278/278 272/272 5226/5226
f 278/278 5226/5226 5227/5227
f 4164/4164 4163/4163 5228/5228
f 4164/4164 5228/5228 5229/5229
f 5230/5230 5231/5231 5232/5232
f 5230/5230 5232/5232 5233/5233
f 5230/5230 5234/5234 5235/5235
f 5230/5230 5236/5236 5234/5234
f 5236/5236 5237/5237 5234/5234
f 5230/5230 5238/5238 5236/5236
f 5230/5230 5239/5239 5238/5238
f 5239/5239 5240/5240 5238/5238
f 5239/5239 5241/5241 5240/5240
f 5242/5242 5243/5243 138/138
f 5242/5242 138/138 5244/5244
f 950/950 949/949 4161/4161
f 950/950 4161/4161 964/964
f 981/981 950/950 964/964
f 981/981 964/964 975/975
f 981/981 975/975 974/974
f 981/981 974/974 4159/4159
f 4171/4171 5063/5063 5064/5064
f 4171/4171 5064/5064 4185/4185
f 4172/4172 4171/4171 4185/4185
f 5064/5064 5028/5028 4185/4185
f 4243/4243 4242/4242 4238/4238
f 4231/4231 4247/4247 4243/4243
f 4231/4231 4243/4243 4233/4233
f 4243/4243 4238/4238 4233/4233
f 4238/4238 4237/4237 4233/4233
f 4232/4232 4231/4231 4233/4233
f 4268/4268 4267/4267 4261/4261
f 4265/4265 4273/4273 4268/4268
f 4265/4265 4268/4268 4258/4258
f 4268/4268 4261/4261 4258/4258
f 4261/4261 4271/4271 4258/4258
f 4257/4257 4265/4265 4258/4258
f 140/140 142/142 141/141
f 140/140 5245/5245 142/142
f 5246/5246 5245/5245 140/140
f 5246/5246 140/140 139/139
f 5247/5247 5243/5243 5242/5242
f 5247/5247 5242/5242 135/135
f 239/239 5248/5248 5249/5249
f 239/239 5249/5249 240/240
f 5250/5250 5251/5251 5068/5068
f 5250/5250 5068/5068 5067/5067
f 5252/5252 5249/5249 5248/5248
f 5253/5253 5254/5254 5252/5252
f 5248/5248 5253/5253 5252/5252
f 5248/5248 5255/5255 5253/5253
f 5248/5248 5256/5256 5255/5255
f 5248/5248 5257/5257 5256/5256
f 240/240 5249/5249 5258/5258
f 240/240 5258/5258 5259/5259
f 5251/5251 5250/5250 5260/5260
f 5251/5251 5260/5260 5261/5261
f 5259/5259 5258/5258 5262/5262
f 5259/5259 5262/5262 5263/5263
f 5261/5261 5260/5260 5264/5264
f 5261/5261 5264/5264 5265/5265
f 4174/4174 5062/5062 5063/5063
f 4174/4174 5063/5063 4171/4171
f 5266/5266 5267/5267 5268/5268
f 5269/5269 5268/5268 5267/5267
f 5269/5269 5267/5267 5270/5270
f 5270/5270 5271/5271 5272/5272
f 5270/5270 5267/5267 5271/5271
f 5273/5273 5271/5271 5267/5267
f 5266/5266 5273/5273 5267/5267
f 5274/5274 5273/5273 5266/5266
f 5274/5274 5266/5266 5275/5275
f 5276/5276 5274/5274 5275/5275
f 5277/5277 5278/5278 5279/5279
f 5272/5272 5278/5278 5277/5277
f 5272/5272 5271/5271 5278/5278
f 5280/5280 5278/5278 5271/5271
f 5273/5273 5280/5280 5271/5271
f 5281/5281 5280/5280 5273/5273
f 5281/5281 5273/5273 5274/5274
f 5282/5282 5281/5281 5274/5274
f 5276/5276 5282/5282 5274/5274
f 5283/5283 5282/5282 5276/5276
f 5283/5283 5276/5276 5284/5284
f 5285/5285 5283/5283 5284/5284
f 5285/5285 5286/5286 5283/5283
f 5287/5287 5286/5286 5285/5285
f 5287/5287 5288/5288 5286/5286
f 5289/5289 5288/5288 5287/5287
f 5289/5289 5290/5290 5288/5288
f 5291/5291 5290/5290 5289/5289
f 5292/5292 5293/5293 5294/5294
f 5293/5293 5295/5295 5294/5294
f 5293/5293 5296/5296 5295/5295
f 5295/5295 5296/5296 5297/5297
f 5295/5295 5297/5297 5298/5298
f 5298/5298 5297/5297 5299/5299
f 5298/5298 5299/5299 5300/5300
f 5301/5301 5298/5298 5300/5300
f 5301/5301 5300/5300 5302/5302
f 5303/5303 5301/5301 5302/5302
f 5303/5303 5302/5302 5304/5304
f 5305/5305 5303/5303 5304/5304
f 5305/5305 5304/5304 5306/5306
f 5307/5307 5305/5305 5306/5306
f 5307/5307 5306/5306 5308/5308
f 5309/5309 5307/5307 5308/5308
f 5309/5309 5279/5279 5307/5307
f 5277/5277 5279/5279 5309/5309
f 5310/5310 5295/5295 5298/5298
f 5310/5310 5298/5298 5301/5301
f 5311/5311 5310/5310 5301/5301
f 5311/5311 5301/5301 5303/5303
f 5312/5312 5311/5311 5303/5303
f 5312/5312 5303/5303 5305/5305
f 5313/5313 5312/5312 5305/5305
f 5313/5313 5305/5305 5307/5307
f 5314/5314 5313/5313 5307/5307
f 5314/5314 5307/5307 5279/5279
f 5315/5315 5314/5314 5279/5279
f 5315/5315 5279/5279 5278/5278
f 5280/5280 5315/5315 5278/5278
f 5316/5316 5315/5315 5280/5280
f 5316/5316 5280/5280 5281/5281
f 5317/5317 5316/5316 5281/5281
f 5282/5282 5317/5317 5281/5281
f 5318/5318 5317/5317 5282/5282
f 5319/5319 5320/5320 5321/5321
f 5322/5322 5320/5320 5319/5319
f 5323/5323 5322/5322 5319/5319
f 5323/5323 5319/5319 5324/5324
f 5324/5324 5319/5319 5325/5325
f 5324/5324 5325/5325 5318/5318
f 5325/5325 5317/5317 5318/5318
f 5325/5325 5326/5326 5317/5317
f 5317/5317 5326/5326 5316/5316
f 5326/5326 5327/5327 5316/5316
f 5327/5327 5315/5315 5316/5316
f 5327/5327 5314/5314 5315/5315
f 5328/5328 5314/5314 5327/5327
f 5328/5328 5313/5313 5314/5314
f 5329/5329 5313/5313 5328/5328
f 5329/5329 5312/5312 5313/5313
f 5330/5330 5312/5312 5329/5329
f 5330/5330 5311/5311 5312/5312
f 5331/5331 5328/5328 5327/5327
f 5326/5326 5331/5331 5327/5327
f 5321/5321 5331/5331 5326/5326
f 5321/5321 5326/5326 5325/5325
f 5319/5319 5321/5321 5325/5325
f 5332/5332 5329/5329 5328/5328
f 5331/5331 5332/5332 5328/5328
f 5333/5333 5332/5332 5331/5331
f 5333/5333 5331/5331 5321/5321
f 5320/5320 5333/5333 5321/5321
f 5318/5318 5282/5282 5283/5283
f 5286/5286 5318/5318 5283/5283
f 5286/5286 5324/5324 5318/5318
f 5288/5288 5324/5324 5286/5286
f 5288/5288 5323/5323 5324/5324
f 5290/5290 5323/5323 5288/5288
f 5290/5290 5334/5334 5323/5323
f 5334/5334 5322/5322 5323/5323
f 5334/5334 5335/5335 5322/5322
f 5335/5335 5336/5336 5322/5322
f 5322/5322 5336/5336 5320/5320
f 5336/5336 5337/5337 5320/5320
f 5320/5320 5337/5337 5333/5333
f 5337/5337 5338/5338 5333/5333
f 5338/5338 5332/5332 5333/5333
f 5338/5338 5339/5339 5332/5332
f 5332/5332 5339/5339 5329/5329
f 5339/5339 5330/5330 5329/5329
f 5291/5291 5340/5340 5290/5290
f 5340/5340 5334/5334 5290/5290
f 5340/5340 5341/5341 5334/5334
f 5341/5341 5335/5335 5334/5334
f 5341/5341 5342/5342 5335/5335
f 5342/5342 5343/5343 5335/5335
f 5335/5335 5343/5343 5336/5336
f 5343/5343 5344/5344 5336/5336
f 5336/5336 5344/5344 5337/5337
f 5344/5344 5345/5345 5337/5337
f 5337/5337 5345/5345 5338/5338
f 5345/5345 5346/5346 5338/5338
f 5346/5346 5339/5339 5338/5338
f 5346/5346 5347/5347 5339/5339
f 5339/5339 5347/5347 5330/5330
f 5347/5347 5348/5348 5330/5330
f 5348/5348 5311/5311 5330/5330
f 5348/5348 5310/5310 5311/5311
f 5343/5343 5349/5349 5344/5344
f 5349/5349 5350/5350 5344/5344
f 5344/5344 5350/5350 5345/5345
f 5350/5350 5351/5351 5345/5345
f 5345/5345 5351/5351 5346/5346
f 5351/5351 5352/5352 5346/5346
f 5352/5352 5347/5347 5346/5346
f 5352/5352 5353/5353 5347/5347
f 5347/5347 5353/5353 5348/5348
f 5353/5353 5294/5294 5348/5348
f 5294/5294 5310/5310 5348/5348
f 5294/5294 5295/5295 5310/5310
f 5342/5342 5354/5354 5343/5343
f 5354/5354 5349/5349 5343/5343
f 5354/5354 5355/5355 5349/5349
f 5355/5355 5356/5356 5349/5349
f 5349/5349 5356/5356 5350/5350
f 5356/5356 5357/5357 5350/5350
f 5350/5350 5357/5357 5351/5351
f 5357/5357 5358/5358 5351/5351
f 5351/5351 5358/5358 5352/5352
f 5358/5358 5359/5359 5352/5352
f 5359/5359 5353/5353 5352/5352
f 5359/5359 5292/5292 5353/5353
f 5353/5353 5292/5292 5294/5294
f 5355/5355 5360/5360 5356/5356
f 5360/5360 5361/5361 5356/5356
f 5356/5356 5361/5361 5357/5357
f 5361/5361 5362/5362 5357/5357
f 5357/5357 5362/5362 5358/5358
f 5362/5362 5363/5363 5358/5358
f 5358/5358 5363/5363 5359/5359
f 5363/5363 5364/5364 5359/5359
f 5364/5364 5292/5292 5359/5359
f 5364/5364 5365/5365 5292/5292
f 5292/5292 5365/5365 5293/5293
f 5366/5366 5367/5367 5368/5368
f 5366/5366 5368/5368 5369/5369
f 5370/5370 5366/5366 5369/5369
f 5370/5370 5369/5369 5371/5371
f 5372/5372 5370/5370 5371/5371
f 5363/5363 5373/5373 5364/5364
f 5374/5374 5375/5375 5373/5373
f 5374/5374 5373/5373 5363/5363
f 5362/5362 5374/5374 5363/5363
f 5369/5369 5368/5368 5375/5375
f 5369/5369 5375/5375 5374/5374
f 5371/5371 5369/5369 5374/5374
f 5371/5371 5374/5374 5362/5362
f 5361/5361 5371/5371 5362/5362
f 5372/5372 5371/5371 5361/5361
f 5360/5360 5372/5372 5361/5361
f 5376/5376 5377/5377 5378/5378
f 5376/5376 5378/5378 5379/5379
f 5380/5380 5381/5381 5382/5382
f 5380/5380 5382/5382 5383/5383
f 5078/5078 5077/5077 5384/5384
f 5078/5078 5384/5384 5385/5385
f 4954/4954 123/123 122/122
f 4954/4954 122/122 121/121
f 5079/5079 5386/5386 5387/5387
f 5079/5079 5387/5387 5080/5080
f 5082/5082 4254/4254 4253/4253
f 5082/5082 4253/4253 5083/5083
f 5388/5388 5389/5389 5390/5390
f 5388/5388 5390/5390 5391/5391
f 5392/5392 1107/1107 274/274
f 5392/5392 274/274 273/273
f 2537/2537 2536/2536 4929/4929
f 2537/2537 4929/4929 4928/4928
f 5393/5393 5097/5097 5096/5096
f 5393/5393 5096/5096 5394/5394
f 5395/5395 4510/4510 4509/4509
f 5395/5395 4509/4509 5396/5396
f 5397/5397 5398/5398 5096/5096
f 5397/5397 5096/5096 5095/5095
f 5399/5399 5400/5400 5401/5401
f 5399/5399 5401/5401 5402/5402
f 5403/5403 5122/5122 5125/5125
f 5403/5403 5125/5125 5404/5404
f 5123/5123 5399/5399 5402/5402
f 5123/5123 5402/5402 5124/5124
f 4169/4169 4168/4168 4185/4185
f 4169/4169 4185/4185 5028/5028
f 5113/5113 5380/5380 5383/5383
f 5113/5113 5383/5383 5114/5114
f 5405/5405 5406/5406 5105/5105
f 5405/5405 5105/5105 5099/5099
f 5407/5407 5408/5408 542/542
f 5407/5407 542/542 541/541
f 5409/5409 5410/5410 554/554
f 5409/5409 554/554 553/553
f 5411/5411 205/205 5412/5412
f 5411/5411 5412/5412 5413/5413
f 5414/5414 206/206 205/205
f 5414/5414 205/205 5411/5411
f 5411/5411 220/220 219/219
f 5411/5411 219/219 5414/5414
f 5214/5214 5415/5415 5416/5416
f 5214/5214 5416/5416 5215/5215
f 5415/5415 5417/5417 5418/5418
f 5415/5415 5418/5418 5416/5416
f 5417/5417 5202/5202 5205/5205
f 5417/5417 5205/5205 5418/5418
f 5419/5419 5420/5420 5421/5421
f 5419/5419 5421/5421 5422/5422
f 5419/5419 5422/5422 5423/5423
f 5423/5423 5424/5424 5419/5419
f 5423/5423 5425/5425 5424/5424
f 5423/5423 5426/5426 5425/5425
f 5427/5427 5428/5428 5429/5429
f 5427/5427 5429/5429 5430/5430
f 5427/5427 5430/5430 5431/5431
f 5431/5431 5432/5432 5427/5427
f 5431/5431 5433/5433 5432/5432
f 5431/5431 5434/5434 5433/5433
f 5435/5435 4360/4360 4362/4362
f 5435/5435 4362/4362 5436/5436
f 5437/5437 4362/4362 4361/4361
f 5437/5437 4361/4361 5438/5438
f 4368/4368 5439/5439 5440/5440
f 4368/4368 5440/5440 4369/4369
f 5441/5441 5442/5442 5443/5443
f 5441/5441 5443/5443 5444/5444
f 5442/5442 5441/5441 4357/4357
f 4357/4357 4364/4364 4375/4375
f 4357/4357 4375/4375 4378/4378
f 4357/4357 4378/4378 5445/5445
f 5442/5442 4357/4357 5445/5445
f 5445/5445 5446/5446 5442/5442
f 5196/5196 5447/5447 5448/5448
f 5196/5196 5448/5448 5197/5197
f 5449/5449 5450/5450 5451/5451
f 5452/5452 5449/5449 5451/5451
f 5451/5451 5447/5447 5452/5452
f 5451/5451 5453/5453 5447/5447
f 5453/5453 5448/5448 5447/5447
f 5453/5453 4383/4383 5448/5448
f 5453/5453 4384/4384 4383/4383
f 5449/5449 5444/5444 5443/5443
f 5449/5449 5443/5443 5450/5450
f 5454/5454 4373/4373 4370/4370
f 5454/5454 4370/4370 5455/5455
f 5456/5456 5457/5457 256/256
f 5456/5456 256/256 254/254
f 5458/5458 5459/5459 5460/5460
f 5458/5458 5460/5460 5461/5461
f 5462/5462 5463/5463 5464/5464
f 5462/5462 5464/5464 5465/5465
f 5466/5466 5467/5467 5468/5468
f 5466/5466 5468/5468 5469/5469
f 5470/5470 5471/5471 5472/5472
f 5470/5470 5472/5472 5473/5473
f 5474/5474 5475/5475 5470/5470
f 5471/5471 5476/5476 5477/5477
f 5472/5472 5478/5478 5479/5479
f 5473/5473 5480/5480 5481/5481
f 5462/5462 5471/5471 5463/5463
f 5462/5462 5472/5472 5471/5471
f 5468/5468 5471/5471 5470/5470
f 5468/5468 5470/5470 5469/5469
f 5460/5460 5473/5473 5461/5461
f 5460/5460 5470/5470 5473/5473
f 5456/5456 5473/5473 5472/5472
f 5456/5456 5472/5472 5457/5457
f 5482/5482 5479/5479 5478/5478
f 5482/5482 5478/5478 5483/5483
f 5480/5480 5484/5484 5485/5485
f 5480/5480 5485/5485 5481/5481
f 5474/5474 5486/5486 5487/5487
f 5474/5474 5487/5487 5475/5475
f 5488/5488 5477/5477 5476/5476
f 5488/5488 5476/5476 5489/5489
f 5490/5490 5491/5491 5492/5492
f 5490/5490 5492/5492 5493/5493
f 5494/5494 5495/5495 5496/5496
f 5494/5494 5496/5496 5497/5497
f 5493/5493 5492/5492 5494/5494
f 5493/5493 5494/5494 5497/5497
f 5498/5498 5491/5491 5490/5490
f 5498/5498 5490/5490 5499/5499
f 5500/5500 5501/5501 5502/5502
f 5500/5500 5502/5502 5503/5503
f 5504/5504 5505/5505 5506/5506
f 5504/5504 5506/5506 5507/5507
f 5503/5503 5502/5502 5504/5504
f 5503/5503 5504/5504 5507/5507
f 5508/5508 5501/5501 5500/5500
f 5508/5508 5500/5500 5509/5509
f 5510/5510 5511/5511 281/281
f 5510/5510 281/281 280/280
f 279/279 284/284 5512/5512
f 279/279 5512/5512 5513/5513
f 283/283 5514/5514 5512/5512
f 283/283 5512/5512 284/284
f 283/283 282/282 5515/5515
f 283/283 5515/5515 5514/5514
f 5515/5515 282/282 281/281
f 5515/5515 281/281 5511/5511
f 279/279 5513/5513 5510/5510
f 279/279 5510/5510 280/280
f 5516/5516 5517/5517 5518/5518
f 5516/5516 5518/5518 5519/5519
f 5519/5519 5518/5518 5520/5520
f 5519/5519 5520/5520 5521/5521
f 5522/5522 5521/5521 5520/5520
f 5523/5523 5524/5524 5525/5525
f 5523/5523 5525/5525 5526/5526
f 5527/5527 5528/5528 5529/5529
f 5527/5527 5529/5529 5530/5530
f 5531/5531 5523/5523 5526/5526
f 5531/5531 5526/5526 5532/5532
f 5533/5533 5531/5531 5532/5532
f 5533/5533 5532/5532 5534/5534
f 5535/5535 5536/5536 5537/5537
f 5535/5535 5537/5537 5538/5538
f 5539/5539 5540/5540 5541/5541
f 5539/5539 5541/5541 5542/5542
f 5543/5543 5533/5533 5534/5534
f 5543/5543 5534/5534 5544/5544
f 5545/5545 5546/5546 5547/5547
f 5545/5545 5547/5547 5548/5548
f 5549/5549 5550/5550 5551/5551
f 5549/5549 5551/5551 5552/5552
f 5553/5553 5551/5551 5554/5554
f 5553/5553 5555/5555 5551/5551
f 5556/5556 5557/5557 5558/5558
f 5556/5556 5558/5558 5559/5559
f 5525/5525 5524/5524 5560/5560
f 5525/5525 5560/5560 5561/5561
f 5562/5562 5563/5563 5564/5564
f 5562/5562 5564/5564 5565/5565
f 5543/5543 5544/5544 5566/5566
f 5543/5543 5566/5566 5567/5567
f 5568/5568 5569/5569 5570/5570
f 5568/5568 5570/5570 5571/5571
f 354/354 353/353 5572/5572
f 354/354 5572/5572 5573/5573
f 353/353 359/359 5574/5574
f 353/353 5574/5574 5572/5572
f 359/359 394/394 5575/5575
f 359/359 5575/5575 5574/5574
f 394/394 411/411 5576/5576
f 394/394 5576/5576 5575/5575
f 5577/5577 5578/5578 5579/5579
f 5580/5580 5577/5577 5579/5579
f 5581/5581 5580/5580 5579/5579
f 5582/5582 5581/5581 5579/5579
f 5583/5583 5584/5584 5585/5585
f 5583/5583 5585/5585 5586/5586
f 5587/5587 5583/5583 5586/5586
f 5587/5587 5586/5586 5588/5588
f 5589/5589 5590/5590 5591/5591
f 5592/5592 5589/5589 5591/5591
f 5593/5593 5592/5592 5591/5591
f 5594/5594 5593/5593 5591/5591
f 5584/5584 5595/5595 5596/5596
f 5584/5584 5596/5596 5585/5585
f 5597/5597 5598/5598 5599/5599
f 5597/5597 5599/5599 5600/5600
f 5598/5598 5601/5601 5602/5602
f 5598/5598 5602/5602 5599/5599
f 5601/5601 5587/5587 5588/5588
f 5601/5601 5588/5588 5602/5602
f 438/438 448/448 451/451
f 438/438 451/451 439/439
f 422/422 440/440 467/467
f 422/422 467/467 424/424
f 453/453 452/452 5603/5603
f 453/453 5603/5603 466/466
f 5604/5604 5605/5605 424/424
f 424/424 5605/5605 425/425
f 5606/5606 5607/5607 5608/5608
f 5606/5606 5608/5608 5609/5609
f 5607/5607 5610/5610 5611/5611
f 5607/5607 5611/5611 5608/5608
f 5610/5610 5612/5612 5613/5613
f 5610/5610 5613/5613 5611/5611
f 5612/5612 5614/5614 5615/5615
f 5612/5612 5615/5615 5613/5613
f 5616/5616 5617/5617 5618/5618
f 5619/5619 5616/5616 5618/5618
f 5620/5620 5619/5619 5618/5618
f 5621/5621 5620/5620 5618/5618
f 5622/5622 5623/5623 5624/5624
f 5622/5622 5624/5624 5625/5625
f 5626/5626 5622/5622 5625/5625
f 5626/5626 5625/5625 5627/5627
f 5628/5628 5629/5629 5630/5630
f 5631/5631 5628/5628 5630/5630
f 5632/5632 5631/5631 5630/5630
f 5633/5633 5632/5632 5630/5630
f 5623/5623 5634/5634 5635/5635
f 5623/5623 5635/5635 5624/5624
f 5636/5636 5637/5637 5638/5638
f 5636/5636 5638/5638 5639/5639
f 5637/5637 5640/5640 5641/5641
f 5637/5637 5641/5641 5638/5638
f 5640/5640 5626/5626 5627/5627
f 5640/5640 5627/5627 5641/5641
f 5642/5642 5643/5643 565/565
f 5642/5642 565/565 5644/5644
f 5643/5643 5645/5645 5646/5646
f 5643/5643 5646/5646 565/565
f 5647/5647 5648/5648 5649/5649
f 5647/5647 5649/5649 5650/5650
f 5651/5651 5652/5652 5653/5653
f 5651/5651 5653/5653 5654/5654
f 5652/5652 5655/5655 5656/5656
f 5652/5652 5656/5656 5653/5653
f 5655/5655 5657/5657 5658/5658
f 5655/5655 5658/5658 5656/5656
f 5657/5657 5659/5659 5660/5660
f 5657/5657 5660/5660 5658/5658
f 5645/5645 5647/5647 5650/5650
f 5645/5645 5650/5650 5646/5646
f 5661/5661 480/480 483/483
f 5661/5661 483/483 5662/5662
f 481/481 494/494 497/497
f 481/481 497/497 482/482
f 5662/5662 483/483 485/485
f 5662/5662 485/485 5663/5663
f 482/482 497/497 499/499
f 482/482 499/499 484/484
f 5664/5664 506/506 5665/5665
f 5664/5664 5665/5665 5666/5666
f 5667/5667 5664/5664 5666/5666
f 5667/5667 5666/5666 5668/5668
f 5669/5669 5670/5670 5671/5671
f 5669/5669 5671/5671 5672/5672
f 5670/5670 5673/5673 5674/5674
f 5670/5670 5674/5674 5675/5675
f 5671/5671 5670/5670 5675/5675
f 5671/5671 5675/5675 5676/5676
f 5676/5676 5675/5675 5677/5677
f 5676/5676 5677/5677 5678/5678
f 5671/5671 5676/5676 5679/5679
f 5671/5671 5679/5679 5680/5680
f 5681/5681 5682/5682 5683/5683
f 5681/5681 5683/5683 5684/5684
f 5685/5685 5667/5667 5668/5668
f 5685/5685 5668/5668 5686/5686
f 5682/5682 5687/5687 5688/5688
f 5682/5682 5688/5688 5689/5689
f 5683/5683 5682/5682 5689/5689
f 5683/5683 5689/5689 5690/5690
f 5690/5690 5689/5689 5691/5691
f 5690/5690 5691/5691 5692/5692
f 5683/5683 5690/5690 5693/5693
f 5683/5683 5693/5693 5694/5694
f 5695/5695 705/705 5696/5696
f 5695/5695 5696/5696 5697/5697
f 5049/5049 5048/5048 5015/5015
f 5049/5049 5015/5015 5014/5014
f 5698/5698 5699/5699 5700/5700
f 5698/5698 5700/5700 5701/5701
f 5699/5699 5702/5702 5703/5703
f 5699/5699 5703/5703 5700/5700
f 5704/5704 5698/5698 5701/5701
f 5704/5704 5701/5701 520/520
f 5705/5705 5704/5704 520/520
f 5705/5705 520/520 5706/5706
f 5707/5707 5708/5708 5709/5709
f 5707/5707 5709/5709 5710/5710
f 5381/5381 5711/5711 5712/5712
f 5381/5381 5712/5712 5382/5382
f 5126/5126 5707/5707 5710/5710
f 5126/5126 5710/5710 5127/5127
f 5711/5711 5116/5116 5119/5119
f 5711/5711 5119/5119 5712/5712
f 5713/5713 5714/5714 5715/5715
f 5713/5713 5715/5715 5716/5716
f 5717/5717 5715/5715 5718/5718
f 5717/5717 5718/5718 5719/5719
f 2433/2433 2432/2432 107/107
f 2433/2433 107/107 5720/5720
f 2429/2429 107/107 108/108
f 2520/2520 2513/2513 2512/2512
f 2516/2516 2522/2522 2520/2520
f 2516/2516 2520/2520 2524/2524
f 2520/2520 2512/2512 2524/2524
f 2512/2512 2518/2518 2524/2524
f 2508/2508 2516/2516 2524/2524
f 2514/2514 2521/2521 2523/2523
f 2519/2519 2515/2515 2514/2514
f 2519/2519 2514/2514 2511/2511
f 2514/2514 2523/2523 2511/2511
f 2523/2523 2517/2517 2511/2511
f 2510/2510 2519/2519 2511/2511
f 4669/4669 4671/4671 4647/4647
f 4653/4653 4663/4663 4669/4669
f 4653/4653 4669/4669 4681/4681
f 4669/4669 4647/4647 4681/4681
f 4647/4647 4646/4646 4681/4681
f 4642/4642 4653/4653 4681/4681
f 4664/4664 4672/4672 4666/4666
f 4655/4655 4654/4654 4664/4664
f 4655/4655 4664/4664 4649/4649
f 4664/4664 4666/4666 4649/4649
f 4666/4666 4658/4658 4649/4649
f 4648/4648 4655/4655 4649/4649
f 5715/5715 5714/5714 5721/5721
f 5715/5715 5721/5721 5718/5718
f 5722/5722 5718/5718 5721/5721
f 5722/5722 5723/5723 5718/5718
f 5722/5722 5721/5721 5241/5241
f 5722/5722 5241/5241 5239/5239
f 5714/5714 5724/5724 5725/5725
f 5714/5714 5725/5725 5721/5721
f 5385/5385 5384/5384 5390/5390
f 5385/5385 5390/5390 5389/5389
f 5726/5726 5727/5727 5728/5728
f 5726/5726 5728/5728 5729/5729
f 5238/5238 5729/5729 5728/5728
f 5238/5238 5240/5240 5729/5729
f 5728/5728 5730/5730 5731/5731
f 5728/5728 5731/5731 5238/5238
f 5732/5732 5733/5733 5734/5734
f 5732/5732 5734/5734 5735/5735
f 5736/5736 5737/5737 5738/5738
f 5736/5736 5738/5738 5739/5739
f 5740/5740 5741/5741 5742/5742
f 5740/5740 5742/5742 5743/5743
f 5740/5740 5743/5743 5732/5732
f 5740/5740 5732/5732 5735/5735
f 5744/5744 5745/5745 5746/5746
f 5744/5744 5746/5746 5747/5747
f 5748/5748 5737/5737 5745/5745
f 5748/5748 5745/5745 5744/5744
f 5738/5738 5737/5737 5748/5748
f 5738/5738 5748/5748 5749/5749
f 5750/5750 5746/5746 5745/5745
f 5750/5750 5745/5745 5751/5751
f 5732/5732 5736/5736 5739/5739
f 5732/5732 5739/5739 5733/5733
f 5751/5751 5745/5745 5737/5737
f 5751/5751 5737/5737 5736/5736
f 5742/5742 5750/5750 5751/5751
f 5742/5742 5751/5751 5743/5743
f 5743/5743 5751/5751 5736/5736
f 5743/5743 5736/5736 5732/5732
f 5752/5752 5753/5753 5754/5754
f 5752/5752 5754/5754 148/148
f 5755/5755 5754/5754 5753/5753
f 5755/5755 5753/5753 5756/5756
f 146/146 145/145 5757/5757
f 146/146 5757/5757 5752/5752
f 147/147 146/146 5752/5752
f 147/147 5752/5752 148/148
f 5757/5757 145/145 144/144
f 5757/5757 144/144 143/143
f 5753/5753 5758/5758 5759/5759
f 5753/5753 5759/5759 5756/5756
f 5760/5760 5761/5761 5759/5759
f 5760/5760 5759/5759 5758/5758
f 5758/5758 5757/5757 143/143
f 5758/5758 143/143 5760/5760
f 5752/5752 5757/5757 5758/5758
f 5752/5752 5758/5758 5753/5753
f 586/586 585/585 635/635
f 586/586 635/635 597/597
f 585/585 589/589 636/636
f 585/585 636/636 635/635
f 604/604 586/586 597/597
f 604/604 597/597 596/596
f 600/600 640/640 582/582
f 600/600 582/582 581/581
f 640/640 639/639 587/587
f 640/640 587/587 582/582
f 601/601 600/600 581/581
f 601/601 581/581 602/602
f 697/697 691/691 5762/5762
f 697/697 5762/5762 5763/5763
f 694/694 5764/5764 5765/5765
f 694/694 5765/5765 693/693
f 697/697 5763/5763 701/701
f 697/697 701/701 698/698
f 693/693 5765/5765 5762/5762
f 693/693 5762/5762 691/691
f 5766/5766 5767/5767 5768/5768
f 5766/5766 5768/5768 5769/5769
f 5767/5767 5695/5695 5697/5697
f 5767/5767 5697/5697 5768/5768
f 718/718 720/720 5770/5770
f 718/718 5770/5770 5771/5771
f 5772/5772 718/718 5771/5771
f 5772/5772 5771/5771 5773/5773
f 5773/5773 5774/5774 5772/5772
f 5773/5773 5775/5775 5774/5774
f 5776/5776 5777/5777 5778/5778
f 5776/5776 5778/5778 5779/5779
f 5780/5780 5781/5781 5782/5782
f 5780/5780 5782/5782 5783/5783
f 5784/5784 5785/5785 5786/5786
f 5784/5784 5786/5786 5787/5787
f 5788/5788 5789/5789 5790/5790
f 5788/5788 5790/5790 5791/5791
f 5789/5789 5788/5788 5783/5783
f 5789/5789 5783/5783 5782/5782
f 5792/5792 5793/5793 5787/5787
f 5792/5792 5787/5787 5786/5786
f 5793/5793 5792/5792 5794/5794
f 5793/5793 5794/5794 5795/5795
f 5796/5796 5797/5797 5798/5798
f 5796/5796 5798/5798 5799/5799
f 5800/5800 5799/5799 5798/5798
f 5800/5800 5798/5798 5801/5801
f 5802/5802 5800/5800 5801/5801
f 5802/5802 5801/5801 5803/5803
f 5804/5804 5802/5802 5803/5803
f 5804/5804 5803/5803 5805/5805
f 5804/5804 5805/5805 5806/5806
f 5804/5804 5806/5806 5807/5807
f 5777/5777 5776/5776 5808/5808
f 5777/5777 5808/5808 5809/5809
f 5810/5810 5811/5811 5812/5812
f 5810/5810 5813/5813 5811/5811
f 5778/5778 5811/5811 5813/5813
f 5778/5778 5813/5813 5779/5779
f 5814/5814 5815/5815 5816/5816
f 5814/5814 5817/5817 5815/5815
f 5817/5817 5818/5818 5815/5815
f 5817/5817 5819/5819 5818/5818
f 5820/5820 5818/5818 5819/5819
f 5820/5820 5819/5819 5821/5821
f 5822/5822 5820/5820 5821/5821
f 5822/5822 5821/5821 5823/5823
f 5824/5824 5825/5825 5826/5826
f 5824/5824 5826/5826 5827/5827
f 5828/5828 5827/5827 5826/5826
f 5828/5828 5826/5826 5829/5829
f 5818/5818 5830/5830 5831/5831
f 5831/5831 5815/5815 5818/5818
f 5816/5816 5815/5815 5831/5831
f 5816/5816 5831/5831 5832/5832
f 5833/5833 5816/5816 5832/5832
f 5833/5833 5832/5832 5834/5834
f 5835/5835 5833/5833 5834/5834
f 5835/5835 5834/5834 5836/5836
f 5837/5837 5838/5838 5839/5839
f 5837/5837 5840/5840 5838/5838
f 5840/5840 5822/5822 5838/5838
f 5840/5840 5841/5841 5822/5822
f 5841/5841 5820/5820 5822/5822
f 5841/5841 5842/5842 5820/5820
f 5820/5820 5842/5842 5843/5843
f 5844/5844 5845/5845 5846/5846
f 5844/5844 5846/5846 5847/5847
f 5818/5818 5848/5848 5845/5845
f 5818/5818 5845/5845 5844/5844
f 5818/5818 5844/5844 5849/5849
f 5818/5818 5849/5849 5830/5830
f 5830/5830 5849/5849 5850/5850
f 5830/5830 5850/5850 5851/5851
f 5852/5852 5853/5853 5854/5854
f 5852/5852 5854/5854 5843/5843
f 5843/5843 5854/5854 5855/5855
f 5820/5820 5843/5843 5855/5855
f 5820/5820 5855/5855 5828/5828
f 5828/5828 5818/5818 5820/5820
f 5828/5828 5829/5829 5818/5818
f 5818/5818 5829/5829 5856/5856
f 5818/5818 5856/5856 5848/5848
f 5848/5848 5856/5856 5857/5857
f 5848/5848 5857/5857 5858/5858
f 5859/5859 5860/5860 5828/5828
f 5859/5859 5828/5828 5855/5855
f 5861/5861 5862/5862 5863/5863
f 5864/5864 5863/5863 5862/5862
f 5864/5864 5862/5862 5865/5865
f 5865/5865 5866/5866 5864/5864
f 5865/5865 5867/5867 5866/5866
f 5865/5865 5868/5868 5867/5867
f 5865/5865 5869/5869 5868/5868
f 5865/5865 5870/5870 5869/5869
f 5865/5865 5871/5871 5870/5870
f 20/20 5871/5871 5865/5865
f 20/20 5865/5865 5872/5872
f 20/20 5872/5872 5873/5873
f 5874/5874 5873/5873 5872/5872
f 5874/5874 5872/5872 5875/5875
f 5874/5874 5875/5875 5876/5876
f 5874/5874 5876/5876 5877/5877
f 5877/5877 5876/5876 5878/5878
f 5877/5877 5878/5878 5879/5879
f 5880/5880 5878/5878 5881/5881
f 5880/5880 5879/5879 5878/5878
f 5879/5879 5880/5880 5882/5882
f 5879/5879 5882/5882 5883/5883
f 5884/5884 5883/5883 5882/5882
f 715/715 5885/5885 716/716
f 715/715 5886/5886 5885/5885
f 5887/5887 5885/5885 5886/5886
f 5888/5888 5889/5889 5890/5890
f 5891/5891 5892/5892 5893/5893
f 5891/5891 5894/5894 5892/5892
f 5892/5892 5894/5894 5883/5883
f 5892/5892 5883/5883 5895/5895
f 5884/5884 5895/5895 5883/5883
f 5896/5896 5895/5895 5884/5884
f 5896/5896 5884/5884 5897/5897
f 5897/5897 5839/5839 5896/5896
f 5897/5897 5898/5898 5839/5839
f 5887/5887 5839/5839 5898/5898
f 5887/5887 5898/5898 5888/5888
f 5888/5888 5890/5890 5887/5887
f 5887/5887 5890/5890 5885/5885
f 5838/5838 5822/5822 5823/5823
f 5838/5838 5823/5823 5899/5899
f 5899/5899 5839/5839 5838/5838
f 5899/5899 5896/5896 5839/5839
f 5795/5795 5794/5794 5797/5797
f 5795/5795 5797/5797 5796/5796
f 5791/5791 5790/5790 5785/5785
f 5791/5791 5785/5785 5784/5784
f 5809/5809 5808/5808 5781/5781
f 5809/5809 5781/5781 5780/5780
f 5900/5900 5901/5901 5896/5896
f 5900/5900 5896/5896 5899/5899
f 5902/5902 5900/5900 5899/5899
f 5902/5902 5899/5899 5823/5823
f 5903/5903 5902/5902 5823/5823
f 5903/5903 5823/5823 5821/5821
f 5904/5904 5903/5903 5821/5821
f 5904/5904 5821/5821 5819/5819
f 5819/5819 5905/5905 5904/5904
f 5819/5819 5817/5817 5905/5905
f 5817/5817 5906/5906 5905/5905
f 5817/5817 5814/5814 5906/5906
f 5814/5814 5907/5907 5906/5906
f 5814/5814 5908/5908 5907/5907
f 5908/5908 5909/5909 5907/5907
f 5908/5908 5910/5910 5909/5909
f 5911/5911 5891/5891 5893/5893
f 5911/5911 5893/5893 5912/5912
f 5913/5913 5911/5911 5912/5912
f 5913/5913 5912/5912 5914/5914
f 5914/5914 5915/5915 5913/5913
f 5914/5914 5916/5916 5915/5915
f 5916/5916 5917/5917 5915/5915
f 5916/5916 5918/5918 5917/5917
f 5919/5919 5920/5920 5921/5921
f 5919/5919 5922/5922 5920/5920
f 5922/5922 5923/5923 5920/5920
f 5922/5922 5918/5918 5923/5923
f 5918/5918 5924/5924 5923/5923
f 5918/5918 5916/5916 5924/5924
f 5916/5916 5925/5925 5924/5924
f 5916/5916 5914/5914 5925/5925
f 5926/5926 5925/5925 5914/5914
f 5926/5926 5914/5914 5912/5912
f 5927/5927 5926/5926 5912/5912
f 5927/5927 5912/5912 5893/5893
f 5928/5928 5927/5927 5893/5893
f 5928/5928 5893/5893 5892/5892
f 5929/5929 5928/5928 5892/5892
f 5929/5929 5892/5892 5895/5895
f 5930/5930 5931/5931 5932/5932
f 5930/5930 5932/5932 5933/5933
f 5933/5933 5932/5932 5934/5934
f 5933/5933 5934/5934 5935/5935
f 5935/5935 5934/5934 5936/5936
f 5935/5935 5936/5936 5937/5937
f 5937/5937 5936/5936 5938/5938
f 5937/5937 5938/5938 5939/5939
f 5939/5939 5938/5938 5940/5940
f 5939/5939 5940/5940 5941/5941
f 5941/5941 5940/5940 5942/5942
f 5941/5941 5942/5942 5943/5943
f 5944/5944 5945/5945 5946/5946
f 5944/5944 5946/5946 5947/5947
f 5947/5947 5946/5946 5931/5931
f 5947/5947 5931/5931 5930/5930
f 5948/5948 5949/5949 5950/5950
f 5948/5948 5950/5950 5951/5951
f 5952/5952 5948/5948 5951/5951
f 5952/5952 5951/5951 5953/5953
f 5954/5954 5952/5952 5953/5953
f 5954/5954 5953/5953 5955/5955
f 5954/5954 5955/5955 5956/5956
f 5954/5954 5956/5956 5957/5957
f 5958/5958 5959/5959 5960/5960
f 5958/5958 5960/5960 5961/5961
f 5962/5962 5958/5958 5961/5961
f 5962/5962 5961/5961 5963/5963
f 4713/4713 4712/4712 4718/4718
f 4713/4713 4718/4718 4709/4709
f 4708/4708 4713/4713 4709/4709
f 4718/4718 4716/4716 4709/4709
f 4717/4717 4719/4719 4715/4715
f 4717/4717 4715/4715 4721/4721
f 4710/4710 4717/4717 4721/4721
f 4715/4715 4714/4714 4721/4721
f 5964/5964 5965/5965 5966/5966
f 5964/5964 5966/5966 5967/5967
f 5959/5959 5967/5967 5966/5966
f 5959/5959 5966/5966 5960/5960
f 5965/5965 5964/5964 5968/5968
f 5965/5965 5968/5968 5969/5969
f 5970/5970 5971/5971 5972/5972
f 5970/5970 5972/5972 5973/5973
f 5971/5971 5970/5970 5974/5974
f 5971/5971 5974/5974 5975/5975
f 5976/5976 5977/5977 5978/5978
f 5976/5976 5978/5978 5979/5979
f 5980/5980 5981/5981 5979/5979
f 5980/5980 5979/5979 5978/5978
f 5981/5981 5980/5980 5982/5982
f 5981/5981 5982/5982 5983/5983
f 5984/5984 5985/5985 5973/5973
f 5984/5984 5973/5973 5972/5972
f 5986/5986 5987/5987 5988/5988
f 5986/5986 5988/5988 5989/5989
f 5917/5917 5986/5986 5989/5989
f 5917/5917 5989/5989 5990/5990
f 5915/5915 5917/5917 5990/5990
f 5915/5915 5990/5990 5991/5991
f 5915/5915 5991/5991 5992/5992
f 5993/5993 5994/5994 5995/5995
f 5993/5993 5996/5996 5994/5994
f 5997/5997 5998/5998 5999/5999
f 5997/5997 5992/5992 5998/5998
f 5915/5915 5992/5992 5997/5997
f 5915/5915 5997/5997 5996/5996
f 5915/5915 5996/5996 5993/5993
f 5915/5915 5993/5993 6000/6000
f 6001/6001 6002/6002 6003/6003
f 6001/6001 6000/6000 6002/6002
f 5915/5915 6000/6000 6001/6001
f 5915/5915 6001/6001 6004/6004
f 6004/6004 5913/5913 5915/5915
f 5913/5913 6004/6004 6005/6005
f 6006/6006 6007/6007 5883/5883
f 6006/6006 5883/5883 5894/5894
f 6008/6008 6006/6006 5894/5894
f 6008/6008 5894/5894 5891/5891
f 6009/6009 6008/6008 5891/5891
f 6009/6009 5891/5891 5911/5911
f 5911/5911 6010/6010 6009/6009
f 5911/5911 6011/6011 6010/6010
f 6012/6012 6010/6010 6011/6011
f 6012/6012 6013/6013 6010/6010
f 6014/6014 6011/6011 5911/5911
f 6014/6014 5911/5911 5913/5913
f 5913/5913 6015/6015 6014/6014
f 5913/5913 6005/6005 6015/6015
f 6005/6005 6016/6016 6015/6015
f 6017/6017 6016/6016 6005/6005
f 6017/6017 6018/6018 6016/6016
f 6019/6019 6020/6020 6014/6014
f 6019/6019 6014/6014 6015/6015
f 6021/6021 6022/6022 781/781
f 6021/6021 781/781 780/780
f 6022/6022 6021/6021 6023/6023
f 6022/6022 6023/6023 6024/6024
f 6024/6024 6023/6023 5977/5977
f 6024/6024 5977/5977 5976/5976
f 5983/5983 5982/5982 5985/5985
f 5983/5983 5985/5985 5984/5984
f 5975/5975 5974/5974 5962/5962
f 5975/5975 5962/5962 5963/5963
f 20/20 5873/5873 21/21
f 6025/6025 6026/6026 6027/6027
f 6025/6025 6027/6027 6028/6028
f 6028/6028 6027/6027 22/22
f 6028/6028 22/22 21/21
f 6029/6029 6028/6028 21/21
f 6029/6029 21/21 5873/5873
f 6030/6030 6029/6029 5873/5873
f 6030/6030 5873/5873 5874/5874
f 6031/6031 6030/6030 5874/5874
f 6031/6031 5874/5874 5877/5877
f 6032/6032 6031/6031 5877/5877
f 6032/6032 5877/5877 5879/5879
f 6033/6033 6034/6034 6035/6035
f 6033/6033 6035/6035 6036/6036
f 6037/6037 6038/6038 6039/6039
f 6037/6037 6039/6039 6040/6040
f 6041/6041 6042/6042 6043/6043
f 6041/6041 6043/6043 6044/6044
f 5867/5867 6045/6045 6046/6046
f 5867/5867 5868/5868 6045/6045
f 5868/5868 6033/6033 6045/6045
f 5868/5868 5869/5869 6033/6033
f 5869/5869 6034/6034 6033/6033
f 5869/5869 5870/5870 6034/6034
f 5870/5870 6047/6047 6034/6034
f 5870/5870 5871/5871 6047/6047
f 6039/6039 6047/6047 5871/5871
f 6039/6039 5871/5871 20/20
f 6040/6040 6039/6039 20/20
f 6040/6040 20/20 19/19
f 6043/6043 6040/6040 19/19
f 6043/6043 19/19 18/18
f 6044/6044 6043/6043 18/18
f 6044/6044 18/18 23/23
f 6027/6027 6044/6044 23/23
f 6027/6027 23/23 22/22
f 6046/6046 6045/6045 6048/6048
f 6046/6046 6048/6048 6049/6049
f 6050/6050 6051/6051 6052/6052
f 6050/6050 6053/6053 6051/6051
f 6053/6053 6054/6054 6051/6051
f 6053/6053 6055/6055 6054/6054
f 6055/6055 6056/6056 6054/6054
f 6055/6055 5863/5863 6056/6056
f 5863/5863 6057/6057 6056/6056
f 5863/5863 5864/5864 6057/6057
f 5864/5864 6058/6058 6057/6057
f 5864/5864 5866/5866 6058/6058
f 5866/5866 6046/6046 6058/6058
f 5866/5866 5867/5867 6046/6046
f 6057/6057 6058/6058 6059/6059
f 6057/6057 6059/6059 6060/6060
f 39/39 41/41 6061/6061
f 39/39 6061/6061 6062/6062
f 6063/6063 6064/6064 6065/6065
f 6063/6063 6066/6066 6064/6064
f 6066/6066 6063/6063 6067/6067
f 6066/6066 6067/6067 6068/6068
f 6069/6069 6068/6068 6067/6067
f 39/39 6062/6062 6065/6065
f 39/39 6065/6065 6064/6064
f 39/39 6064/6064 6070/6070
f 6066/6066 6070/6070 6064/6064
f 6066/6066 6071/6071 6070/6070
f 6071/6071 6066/6066 6068/6068
f 6071/6071 6068/6068 6072/6072
f 6073/6073 6072/6072 6068/6068
f 6069/6069 6073/6073 6068/6068
f 6073/6073 6069/6069 6074/6074
f 6075/6075 6076/6076 6077/6077
f 6075/6075 6077/6077 6078/6078
f 6079/6079 6080/6080 6081/6081
f 6082/6082 6081/6081 6080/6080
f 6082/6082 6083/6083 6081/6081
f 6084/6084 6083/6083 6082/6082
f 6084/6084 6082/6082 6085/6085
f 6085/6085 6074/6074 6084/6084
f 6085/6085 6086/6086 6074/6074
f 6073/6073 6074/6074 6086/6086
f 6086/6086 6087/6087 6073/6073
f 6073/6073 6087/6087 6072/6072
f 6087/6087 6088/6088 6072/6072
f 6071/6071 6072/6072 6088/6088
f 6071/6071 6088/6088 6075/6075
f 6075/6075 6078/6078 6071/6071
f 6078/6078 6070/6070 6071/6071
f 6070/6070 6078/6078 6089/6089
f 6070/6070 6089/6089 6090/6090
f 6070/6070 6090/6090 39/39
f 6091/6091 6092/6092 6093/6093
f 6091/6091 6094/6094 6092/6092
f 6094/6094 6095/6095 6092/6092
f 6094/6094 6096/6096 6095/6095
f 6097/6097 6096/6096 6094/6094
f 6097/6097 6098/6098 6096/6096
f 6097/6097 6099/6099 6098/6098
f 6097/6097 6100/6100 6099/6099
f 6097/6097 6101/6101 6100/6100
f 6097/6097 6102/6102 6101/6101
f 6097/6097 6103/6103 6102/6102
f 6097/6097 6104/6104 6103/6103
f 6097/6097 6105/6105 6104/6104
f 6105/6105 6097/6097 6106/6106
f 6105/6105 6106/6106 6107/6107
f 6108/6108 6107/6107 6106/6106
f 6108/6108 6079/6079 6107/6107
f 6079/6079 6108/6108 6080/6080
f 6097/6097 6094/6094 6091/6091
f 6097/6097 6091/6091 6106/6106
f 6109/6109 6106/6106 6091/6091
f 6109/6109 6108/6108 6106/6106
f 6108/6108 6109/6109 6110/6110
f 6108/6108 6110/6110 6080/6080
f 6080/6080 6110/6110 6111/6111
f 6080/6080 6111/6111 6082/6082
f 6085/6085 6082/6082 6111/6111
f 6085/6085 6111/6111 6112/6112
f 6112/6112 6086/6086 6085/6085
f 6112/6112 6113/6113 6086/6086
f 6086/6086 6113/6113 6087/6087
f 6113/6113 6114/6114 6087/6087
f 6087/6087 6114/6114 6088/6088
f 6113/6113 6115/6115 6114/6114
f 6113/6113 6116/6116 6115/6115
f 6113/6113 6117/6117 6116/6116
f 6117/6117 6113/6113 6112/6112
f 6118/6118 6119/6119 6120/6120
f 6118/6118 6121/6121 6117/6117
f 6118/6118 6120/6120 6121/6121
f 6120/6120 6122/6122 6121/6121
f 6120/6120 6123/6123 6122/6122
f 6124/6124 6123/6123 6120/6120
f 6124/6124 6120/6120 6119/6119
f 6125/6125 6124/6124 6119/6119
f 6125/6125 6119/6119 6126/6126
f 6127/6127 6126/6126 6119/6119
f 6118/6118 6127/6127 6119/6119
f 6127/6127 6118/6118 6128/6128
f 6128/6128 6118/6118 6117/6117
f 6128/6128 6117/6117 6129/6129
f 6117/6117 6112/6112 6129/6129
f 6129/6129 6112/6112 6111/6111
f 6127/6127 6130/6130 6126/6126
f 6125/6125 6131/6131 6132/6132
f 6125/6125 6126/6126 6131/6131
f 6126/6126 6133/6133 6131/6131
f 6126/6126 6130/6130 6133/6133
f 6133/6133 6130/6130 6134/6134
f 6134/6134 6130/6130 6127/6127
f 6134/6134 6127/6127 6135/6135
f 6127/6127 6128/6128 6135/6135
f 6135/6135 6128/6128 6136/6136
f 6129/6129 6136/6136 6128/6128
f 6129/6129 6137/6137 6136/6136
f 6129/6129 6111/6111 6137/6137
f 6138/6138 6137/6137 6111/6111
f 6110/6110 6138/6138 6111/6111
f 6110/6110 6139/6139 6138/6138
f 6109/6109 6139/6139 6110/6110
f 6109/6109 6140/6140 6139/6139
f 6141/6141 6140/6140 6109/6109
f 6141/6141 6109/6109 6091/6091
f 6091/6091 6142/6142 6141/6141
f 6091/6091 6093/6093 6142/6142
f 6138/6138 6143/6143 6137/6137
f 6144/6144 6145/6145 6146/6146
f 6133/6133 6134/6134 6147/6147
f 6147/6147 6134/6134 6148/6148
f 6147/6147 6148/6148 6149/6149
f 6150/6150 6149/6149 6148/6148
f 6150/6150 6148/6148 6151/6151
f 6152/6152 6150/6150 6151/6151
f 6152/6152 6151/6151 6153/6153
f 6151/6151 6154/6154 6153/6153
f 6151/6151 6155/6155 6154/6154
f 6155/6155 6146/6146 6154/6154
f 6155/6155 6156/6156 6146/6146
f 6144/6144 6146/6146 6156/6156
f 6137/6137 6144/6144 6156/6156
f 6137/6137 6156/6156 6136/6136
f 6156/6156 6157/6157 6136/6136
f 6135/6135 6136/6136 6157/6157
f 6155/6155 6151/6151 6148/6148
f 6156/6156 6155/6155 6157/6157
f 6155/6155 6148/6148 6157/6157
f 6135/6135 6157/6157 6148/6148
f 6135/6135 6148/6148 6134/6134
f 809/809 808/808 6158/6158
f 809/809 6158/6158 6159/6159
f 6090/6090 6160/6160 6161/6161
f 6090/6090 6161/6161 39/39
f 5810/5810 5812/5812 6162/6162
f 5810/5810 6162/6162 6163/6163
f 6164/6164 6165/6165 6166/6166
f 6164/6164 6166/6166 6167/6167
f 6168/6168 6169/6169 6170/6170
f 6168/6168 6170/6170 6171/6171
f 6172/6172 6173/6173 6174/6174
f 6172/6172 6174/6174 6175/6175
f 6176/6176 6177/6177 6178/6178
f 6176/6176 6178/6178 6179/6179
f 6180/6180 6181/6181 6182/6182
f 6180/6180 6182/6182 6183/6183
f 6184/6184 6185/6185 5887/5887
f 6184/6184 5887/5887 5886/5886
f 6186/6186 6184/6184 5886/5886
f 6186/6186 5886/5886 715/715
f 6187/6187 6186/6186 715/715
f 6187/6187 715/715 718/718
f 6178/6178 6187/6187 718/718
f 6178/6178 718/718 5772/5772
f 6179/6179 6178/6178 5772/5772
f 6179/6179 5772/5772 5774/5774
f 6182/6182 6179/6179 5774/5774
f 6182/6182 5774/5774 5775/5775
f 6183/6183 6182/6182 5775/5775
f 6183/6183 5775/5775 5773/5773
f 6188/6188 6183/6183 5773/5773
f 6188/6188 5773/5773 5771/5771
f 6189/6189 6190/6190 6188/6188
f 6189/6189 6188/6188 6191/6191
f 6191/6191 6188/6188 5771/5771
f 6191/6191 5771/5771 5770/5770
f 6192/6192 6191/6191 5770/5770
f 6192/6192 5770/5770 720/720
f 720/720 6193/6193 6192/6192
f 720/720 6194/6194 6193/6193
f 6193/6193 6195/6195 6196/6196
f 6193/6193 6196/6196 6197/6197
f 6198/6198 6199/6199 6200/6200
f 6198/6198 6200/6200 6201/6201
f 26/26 6202/6202 6194/6194
f 26/26 6194/6194 720/720
f 6194/6194 6195/6195 6193/6193
f 6194/6194 6202/6202 6195/6195
f 6202/6202 6198/6198 6195/6195
f 6202/6202 26/26 6198/6198
f 26/26 6199/6199 6198/6198
f 26/26 25/25 6199/6199
f 25/25 6203/6203 6199/6199
f 25/25 24/24 6203/6203
f 24/24 6204/6204 6203/6203
f 24/24 722/722 6204/6204
f 722/722 6205/6205 6204/6204
f 722/722 723/723 6205/6205
f 723/723 6206/6206 6205/6205
f 723/723 725/725 6206/6206
f 725/725 6207/6207 6206/6206
f 725/725 6208/6208 6207/6207
f 6208/6208 6209/6209 6207/6207
f 6208/6208 6210/6210 6209/6209
f 6203/6203 6204/6204 6211/6211
f 6203/6203 6211/6211 6212/6212
f 6165/6165 6164/6164 6175/6175
f 6165/6165 6175/6175 6174/6174
f 6169/6169 6168/6168 6213/6213
f 6169/6169 6213/6213 6214/6214
f 6215/6215 6216/6216 6214/6214
f 6215/6215 6214/6214 6213/6213
f 6217/6217 837/837 839/839
f 6217/6217 839/839 6218/6218
f 6219/6219 6217/6217 6218/6218
f 6219/6219 6218/6218 6220/6220
f 6221/6221 6222/6222 6219/6219
f 6221/6221 6219/6219 6220/6220
f 6223/6223 6224/6224 6163/6163
f 6223/6223 6163/6163 6162/6162
f 724/724 6208/6208 725/725
f 724/724 6225/6225 6208/6208
f 6208/6208 6225/6225 6226/6226
f 6208/6208 6226/6226 6210/6210
f 6210/6210 6226/6226 6227/6227
f 5919/5919 5987/5987 5986/5986
f 5919/5919 5986/5986 5922/5922
f 5918/5918 5922/5922 5986/5986
f 5918/5918 5986/5986 5917/5917
f 6210/6210 6227/6227 6228/6228
f 6228/6228 5835/5835 6210/6210
f 6228/6228 6229/6229 5835/5835
f 5910/5910 5835/5835 6229/6229
f 5910/5910 6229/6229 6230/6230
f 6230/6230 5919/5919 5910/5910
f 6230/6230 6231/6231 5919/5919
f 6232/6232 5919/5919 6231/6231
f 6232/6232 5987/5987 5919/5919
f 5987/5987 6232/6232 6233/6233
f 5987/5987 6233/6233 6050/6050
f 6234/6234 6050/6050 6233/6233
f 6234/6234 6235/6235 6050/6050
f 6050/6050 6235/6235 6236/6236
f 6050/6050 6236/6236 6053/6053
f 6053/6053 6236/6236 5861/5861
f 6053/6053 5861/5861 6055/6055
f 5861/5861 5863/5863 6055/6055
f 5908/5908 5814/5814 5816/5816
f 5908/5908 5816/5816 5833/5833
f 5833/5833 5910/5910 5908/5908
f 5833/5833 5835/5835 5910/5910
f 842/842 841/841 6216/6216
f 842/842 6216/6216 6215/6215
f 6171/6171 6170/6170 6173/6173
f 6171/6171 6173/6173 6172/6172
f 6167/6167 6166/6166 6224/6224
f 6167/6167 6224/6224 6223/6223
f 6237/6237 6238/6238 6239/6239
f 6237/6237 6239/6239 6240/6240
f 6241/6241 6242/6242 6238/6238
f 6241/6241 6238/6238 6237/6237
f 6243/6243 6244/6244 6242/6242
f 6243/6243 6242/6242 6241/6241
f 6245/6245 6246/6246 6244/6244
f 6245/6245 6244/6244 6243/6243
f 6247/6247 6248/6248 6246/6246
f 6247/6247 6246/6246 6245/6245
f 6249/6249 6250/6250 6248/6248
f 6249/6249 6248/6248 6247/6247
f 6251/6251 6252/6252 6250/6250
f 6251/6251 6250/6250 6249/6249
f 6240/6240 6239/6239 6253/6253
f 6240/6240 6253/6253 6254/6254
f 6255/6255 6256/6256 6257/6257
f 6255/6255 6257/6257 6258/6258
f 6259/6259 6255/6255 6258/6258
f 6259/6259 6258/6258 6260/6260
f 6261/6261 6259/6259 6260/6260
f 6261/6261 6260/6260 6262/6262
f 6263/6263 6264/6264 6265/6265
f 6263/6263 6265/6265 6266/6266
f 6267/6267 6268/6268 6269/6269
f 6267/6267 6269/6269 6270/6270
f 6271/6271 6267/6267 6270/6270
f 6271/6271 6270/6270 6272/6272
f 6273/6273 6274/6274 6275/6275
f 6273/6273 6276/6276 6274/6274
f 6268/6268 6276/6276 6273/6273
f 6268/6268 6273/6273 6269/6269
f 6277/6277 6278/6278 6275/6275
f 6277/6277 6275/6275 6274/6274
f 6279/6279 6280/6280 6281/6281
f 6279/6279 6281/6281 6282/6282
f 6283/6283 6284/6284 6282/6282
f 6283/6283 6282/6282 6281/6281
f 6285/6285 6286/6286 6287/6287
f 6285/6285 6287/6287 6288/6288
f 6286/6286 6285/6285 6289/6289
f 6286/6286 6289/6289 6290/6290
f 6291/6291 6292/6292 6290/6290
f 6291/6291 6290/6290 6289/6289
f 6280/6280 6279/6279 6293/6293
f 6280/6280 6293/6293 6294/6294
f 785/785 784/784 6295/6295
f 785/785 6295/6295 6296/6296
f 6297/6297 6298/6298 6296/6296
f 6297/6297 6296/6296 6295/6295
f 6288/6288 6287/6287 6298/6298
f 6288/6288 6298/6298 6297/6297
f 6294/6294 6293/6293 6292/6292
f 6294/6294 6292/6292 6291/6291
f 6271/6271 6272/6272 6284/6284
f 6271/6271 6284/6284 6283/6283
f 6299/6299 6300/6300 6301/6301
f 6301/6301 6302/6302 6299/6299
f 6301/6301 6303/6303 6302/6302
f 6303/6303 6304/6304 6302/6302
f 6301/6301 6305/6305 6306/6306
f 6301/6301 6306/6306 6303/6303
f 6307/6307 6308/6308 6309/6309
f 6307/6307 6309/6309 6304/6304
f 6300/6300 6310/6310 6311/6311
f 6300/6300 6311/6311 6312/6312
f 6306/6306 6305/6305 6313/6313
f 6306/6306 6313/6313 6314/6314
f 6307/6307 6304/6304 6303/6303
f 6307/6307 6303/6303 6306/6306
f 6306/6306 6314/6314 6315/6315
f 6306/6306 6315/6315 6316/6316
f 6300/6300 6312/6312 6305/6305
f 6300/6300 6305/6305 6301/6301
f 6313/6313 6305/6305 6317/6317
f 6313/6313 6317/6317 6318/6318
f 6300/6300 6299/6299 6319/6319
f 6320/6320 6300/6300 6319/6319
f 6320/6320 6319/6319 6321/6321
f 6322/6322 6320/6320 6321/6321
f 6322/6322 6321/6321 6323/6323
f 6304/6304 6322/6322 6323/6323
f 6304/6304 6323/6323 6324/6324
f 6304/6304 6324/6324 6302/6302
f 6325/6325 6326/6326 6327/6327
f 6325/6325 6327/6327 6328/6328
f 6326/6326 6329/6329 6330/6330
f 6326/6326 6330/6330 6327/6327
f 6329/6329 6331/6331 6332/6332
f 6329/6329 6332/6332 6330/6330
f 6333/6333 6334/6334 6335/6335
f 6333/6333 6335/6335 6336/6336
f 6334/6334 6337/6337 6338/6338
f 6334/6334 6338/6338 6335/6335
f 6337/6337 6325/6325 6328/6328
f 6337/6337 6328/6328 6338/6338
f 871/871 874/874 6339/6339
f 871/871 6339/6339 6340/6340
f 6341/6341 6342/6342 6343/6343
f 6341/6341 6343/6343 6344/6344
f 6345/6345 6346/6346 6347/6347
f 6345/6345 6347/6347 6348/6348
f 6349/6349 6350/6350 6351/6351
f 6349/6349 6351/6351 6352/6352
f 6353/6353 6354/6354 6355/6355
f 6353/6353 6355/6355 6356/6356
f 6356/6356 6357/6357 6358/6358
f 6359/6359 6360/6360 6355/6355
f 6361/6361 6362/6362 6354/6354
f 6363/6363 6364/6364 6353/6353
f 6339/6339 6353/6353 6340/6340
f 6339/6339 6354/6354 6353/6353
f 6341/6341 6353/6353 6356/6356
f 6341/6341 6356/6356 6342/6342
f 6349/6349 6355/6355 6350/6350
f 6349/6349 6356/6356 6355/6355
f 6347/6347 6355/6355 6354/6354
f 6347/6347 6354/6354 6348/6348
f 6365/6365 6362/6362 6361/6361
f 6365/6365 6361/6361 6366/6366
f 6363/6363 6367/6367 6368/6368
f 6363/6363 6368/6368 6364/6364
f 6357/6357 6369/6369 6370/6370
f 6357/6357 6370/6370 6358/6358
f 6371/6371 6360/6360 6359/6359
f 6371/6371 6359/6359 6372/6372
f 6373/6373 6374/6374 6375/6375
f 6373/6373 6375/6375 6376/6376
f 6377/6377 6378/6378 6379/6379
f 6377/6377 6379/6379 6380/6380
f 6377/6377 6380/6380 6374/6374
f 6377/6377 6374/6374 6373/6373
f 6381/6381 6376/6376 6375/6375
f 6381/6381 6375/6375 6382/6382
f 6383/6383 6384/6384 6385/6385
f 6383/6383 6385/6385 6386/6386
f 6387/6387 6388/6388 6389/6389
f 6387/6387 6389/6389 6390/6390
f 6387/6387 6390/6390 6384/6384
f 6387/6387 6384/6384 6383/6383
f 6391/6391 6386/6386 6385/6385
f 6391/6391 6385/6385 6392/6392
f 6393/6393 6394/6394 6395/6395
f 6393/6393 6395/6395 951/951
f 6396/6396 893/893 6397/6397
f 6396/6396 6397/6397 6398/6398
f 6399/6399 894/894 893/893
f 6399/6399 893/893 6396/6396
f 6396/6396 944/944 943/943
f 6396/6396 943/943 6399/6399
f 6400/6400 6401/6401 6402/6402
f 6400/6400 6402/6402 6403/6403
f 6402/6402 6401/6401 6404/6404
f 6402/6402 6404/6404 6405/6405
f 6403/6403 6402/6402 6406/6406
f 6403/6403 6406/6406 6407/6407
f 6408/6408 6409/6409 6410/6410
f 6408/6408 6410/6410 6411/6411
f 6412/6412 6413/6413 6403/6403
f 6412/6412 6403/6403 6414/6414
f 6415/6415 6416/6416 6417/6417
f 6415/6415 6417/6417 6418/6418
f 6417/6417 6419/6419 6420/6420
f 6417/6417 6420/6420 6418/6418
f 6416/6416 6421/6421 6419/6419
f 6416/6416 6419/6419 6417/6417
f 6422/6422 6423/6423 956/956
f 6422/6422 956/956 6424/6424
f 6425/6425 6426/6426 6427/6427
f 6427/6427 6428/6428 6425/6425
f 6427/6427 6418/6418 6428/6428
f 6427/6427 6415/6415 6418/6418
f 6424/6424 956/956 955/955
f 6424/6424 955/955 6429/6429
f 6430/6430 6431/6431 6432/6432
f 6432/6432 6427/6427 6430/6430
f 6432/6432 6415/6415 6427/6427
f 6432/6432 6416/6416 6415/6415
f 6429/6429 6427/6427 6426/6426
f 6429/6429 6426/6426 6424/6424
f 6433/6433 6434/6434 6435/6435
f 6433/6433 6435/6435 6436/6436
f 6437/6437 6438/6438 6439/6439
f 6437/6437 6439/6439 6440/6440
f 6439/6439 6441/6441 6442/6442
f 6439/6439 6442/6442 6443/6443
f 6435/6435 6434/6434 6438/6438
f 6435/6435 6438/6438 6437/6437
f 6444/6444 6445/6445 6446/6446
f 6444/6444 6446/6446 6447/6447
f 6448/6448 6449/6449 6450/6450
f 6448/6448 6450/6450 6451/6451
f 6450/6450 6452/6452 6453/6453
f 6450/6450 6453/6453 6454/6454
f 6446/6446 6445/6445 6449/6449
f 6446/6446 6449/6449 6448/6448
f 6455/6455 6456/6456 6457/6457
f 6455/6455 6457/6457 6458/6458
f 6459/6459 6460/6460 6461/6461
f 6459/6459 6461/6461 6462/6462
f 6461/6461 6463/6463 6464/6464
f 6461/6461 6464/6464 6465/6465
f 6457/6457 6456/6456 6460/6460
f 6457/6457 6460/6460 6459/6459
f 941/941 6393/6393 951/951
f 941/941 951/951 942/942
f 941/941 6466/6466 6394/6394
f 941/941 6394/6394 6393/6393
f 6467/6467 6468/6468 991/991
f 6467/6467 991/991 990/990
f 6467/6467 6469/6469 6470/6470
f 6467/6467 6470/6470 6468/6468
f 6471/6471 151/151 150/150
f 6471/6471 150/150 6472/6472
f 6473/6473 6474/6474 993/993
f 6473/6473 993/993 969/969
f 6475/6475 6476/6476 6474/6474
f 6475/6475 6474/6474 6473/6473
f 6477/6477 6478/6478 6479/6479
f 6477/6477 6479/6479 6480/6480
f 6481/6481 6482/6482 6483/6483
f 6481/6481 6484/6484 6482/6482
f 6484/6484 6481/6481 6485/6485
f 6484/6484 6485/6485 6486/6486
f 6486/6486 6485/6485 6487/6487
f 6488/6488 6489/6489 6490/6490
f 6488/6488 6490/6490 6491/6491
f 6492/6492 6477/6477 6480/6480
f 6492/6492 6480/6480 6493/6493
f 6494/6494 6492/6492 6493/6493
f 6494/6494 6493/6493 6495/6495
f 6496/6496 6497/6497 6498/6498
f 6496/6496 6498/6498 6499/6499
f 6500/6500 6501/6501 6502/6502
f 6500/6500 6502/6502 6503/6503
f 6504/6504 6494/6494 6495/6495
f 6504/6504 6495/6495 6505/6505
f 6506/6506 6507/6507 6508/6508
f 6506/6506 6508/6508 6509/6509
f 6510/6510 6511/6511 6512/6512
f 6510/6510 6512/6512 6513/6513
f 6514/6514 6511/6511 6515/6515
f 6514/6514 6515/6515 6516/6516
f 6517/6517 6518/6518 6519/6519
f 6517/6517 6519/6519 6520/6520
f 6521/6521 6522/6522 6479/6479
f 6521/6521 6479/6479 6478/6478
f 6523/6523 6524/6524 6525/6525
f 6523/6523 6525/6525 6526/6526
f 6527/6527 6528/6528 6504/6504
f 6527/6527 6504/6504 6505/6505
f 6529/6529 6530/6530 6531/6531
f 6529/6529 6531/6531 6532/6532
f 6533/6533 6534/6534 1017/1017
f 6533/6533 1017/1017 1016/1016
f 6534/6534 6535/6535 1026/1026
f 6534/6534 1026/1026 1017/1017
f 6535/6535 6536/6536 1031/1031
f 6535/6535 1031/1031 1026/1026
f 6536/6536 6537/6537 1036/1036
f 6536/6536 1036/1036 1031/1031
f 6538/6538 6539/6539 6540/6540
f 6538/6538 6540/6540 6541/6541
f 6542/6542 6538/6538 6541/6541
f 6542/6542 6541/6541 6543/6543
f 6539/6539 6544/6544 6545/6545
f 6539/6539 6545/6545 6540/6540
f 6546/6546 6547/6547 6548/6548
f 6546/6546 6548/6548 6549/6549
f 6547/6547 6550/6550 6551/6551
f 6547/6547 6551/6551 6548/6548
f 6550/6550 6542/6542 6543/6543
f 6550/6550 6543/6543 6551/6551
f 1074/1074 1084/1084 1081/1081
f 1074/1074 1081/1081 1075/1075
f 1085/1085 6552/6552 1089/1089
f 1085/1085 1089/1089 1086/1086
f 6553/6553 6554/6554 6555/6555
f 6553/6553 6555/6555 6556/6556
f 6554/6554 6557/6557 6558/6558
f 6554/6554 6558/6558 6555/6555
f 6557/6557 6559/6559 6560/6560
f 6557/6557 6560/6560 6558/6558
f 6559/6559 6561/6561 6562/6562
f 6559/6559 6562/6562 6560/6560
f 6563/6563 6564/6564 6565/6565
f 6563/6563 6565/6565 6566/6566
f 6567/6567 6563/6563 6566/6566
f 6567/6567 6566/6566 6568/6568
f 6564/6564 6569/6569 6570/6570
f 6564/6564 6570/6570 6565/6565
f 6571/6571 6572/6572 6573/6573
f 6571/6571 6573/6573 6574/6574
f 6572/6572 6575/6575 6576/6576
f 6572/6572 6576/6576 6573/6573
f 6575/6575 6567/6567 6568/6568
f 6575/6575 6568/6568 6576/6576
f 6577/6577 1505/1505 6578/6578
f 6577/6577 6578/6578 6579/6579
f 1505/1505 2577/2577 2580/2580
f 1505/1505 2580/2580 6578/6578
f 2578/2578 6580/6580 6581/6581
f 2578/2578 6581/6581 2579/2579
f 155/155 154/154 6582/6582
f 155/155 6582/6582 2637/2637
f 6582/6582 154/154 153/153
f 6582/6582 153/153 152/152
f 152/152 35/35 38/38
f 152/152 38/38 6582/6582
f 2637/2637 6582/6582 38/38
f 2637/2637 38/38 62/62
f 1170/1170 1173/1173 1187/1187
f 1170/1170 1187/1187 1186/1186
f 1186/1186 1169/1169 1170/1170
f 1186/1186 1190/1190 1169/1169
f 1167/1167 1169/1169 1190/1190
f 1167/1167 1190/1190 1193/1193
f 1191/1191 1205/1205 1192/1192
f 1191/1191 1204/1204 1205/1205
f 1202/1202 1204/1204 1191/1191
f 1202/1202 1191/1191 1189/1189
f 1203/1203 1202/1202 1189/1189
f 1203/1203 1189/1189 1188/1188
f 6583/6583 1193/1193 1192/1192
f 6583/6583 1192/1192 6584/6584
f 6584/6584 1192/1192 1205/1205
f 6584/6584 1205/1205 6585/6585
f 6585/6585 1205/1205 1197/1197
f 6585/6585 1197/1197 6586/6586
f 6585/6585 6586/6586 6587/6587
f 6585/6585 6587/6587 6588/6588
f 6584/6584 6585/6585 6588/6588
f 6584/6584 6588/6588 6589/6589
f 6586/6586 1197/1197 1168/1168
f 6586/6586 1168/1168 6590/6590
f 6586/6586 6590/6590 6591/6591
f 6586/6586 6591/6591 6587/6587
f 6590/6590 1168/1168 1167/1167
f 6590/6590 1167/1167 6592/6592
f 6584/6584 6589/6589 6593/6593
f 6584/6584 6593/6593 6583/6583
f 6590/6590 6592/6592 6594/6594
f 6590/6590 6594/6594 6591/6591
f 1193/1193 6583/6583 6592/6592
f 1193/1193 6592/6592 1167/1167
f 6594/6594 6592/6592 6583/6583
f 6594/6594 6583/6583 6593/6593
f 6595/6595 6596/6596 6597/6597
f 6595/6595 6597/6597 6598/6598
f 6595/6595 6598/6598 6599/6599
f 6599/6599 6600/6600 6595/6595
f 6599/6599 6601/6601 6600/6600
f 6599/6599 6602/6602 6601/6601
f 6603/6603 6604/6604 6605/6605
f 6603/6603 6605/6605 6606/6606
f 6603/6603 6606/6606 6607/6607
f 6607/6607 6608/6608 6603/6603
f 6607/6607 6609/6609 6608/6608
f 6607/6607 6610/6610 6609/6609
f 6611/6611 6612/6612 6613/6613
f 6611/6611 6613/6613 6614/6614
f 6615/6615 6611/6611 6614/6614
f 6615/6615 6614/6614 6616/6616
f 6617/6617 6615/6615 6616/6616
f 6617/6617 6616/6616 6618/6618
f 6619/6619 6620/6620 6621/6621
f 6619/6619 6621/6621 6622/6622
f 6612/6612 6623/6623 6624/6624
f 6612/6612 6624/6624 6613/6613
f 6625/6625 6626/6626 6619/6619
f 6625/6625 6619/6619 6622/6622
f 6627/6627 6621/6621 6620/6620
f 6627/6627 6620/6620 6628/6628
f 128/128 94/94 132/132
f 89/89 128/128 132/132
f 6629/6629 6630/6630 6631/6631
f 6632/6632 6633/6633 6629/6629
f 6631/6631 6632/6632 6629/6629
f 6631/6631 6634/6634 6632/6632
f 6631/6631 6635/6635 6634/6634
f 6631/6631 6636/6636 6635/6635
f 6630/6630 1222/1222 1221/1221
f 6630/6630 1221/1221 6631/6631
f 6637/6637 6638/6638 6639/6639
f 6637/6637 6639/6639 6640/6640
f 6641/6641 6642/6642 1222/1222
f 6641/6641 1222/1222 6630/6630
f 6643/6643 6644/6644 6640/6640
f 6643/6643 6640/6640 6639/6639
f 6645/6645 6646/6646 6642/6642
f 6645/6645 6642/6642 6641/6641
f 6647/6647 6648/6648 6644/6644
f 6647/6647 6644/6644 6643/6643
f 6638/6638 6637/6637 6649/6649
f 6638/6638 6649/6649 6650/6650
f 6651/6651 6652/6652 6653/6653
f 6651/6651 6653/6653 6654/6654
f 6655/6655 6656/6656 6657/6657
f 6655/6655 6657/6657 6658/6658
f 6659/6659 6660/6660 6655/6655
f 6659/6659 6655/6655 6661/6661
f 6662/6662 6663/6663 6664/6664
f 6662/6662 6665/6665 6663/6663
f 6666/6666 6665/6665 6662/6662
f 6666/6666 6662/6662 6667/6667
f 6662/6662 6668/6668 6667/6667
f 6662/6662 6664/6664 6668/6668
f 6669/6669 6668/6668 6664/6664
f 6669/6669 6664/6664 6670/6670
f 6670/6670 6671/6671 6669/6669
f 6670/6670 6672/6672 6671/6671
f 6672/6672 6673/6673 6671/6671
f 6672/6672 6674/6674 6673/6673
f 6675/6675 6673/6673 6674/6674
f 6675/6675 6674/6674 6676/6676
f 6676/6676 6677/6677 6675/6675
f 6676/6676 6678/6678 6677/6677
f 6679/6679 6666/6666 6667/6667
f 6679/6679 6667/6667 6680/6680
f 6680/6680 6667/6667 6668/6668
f 6668/6668 6681/6681 6680/6680
f 6681/6681 6668/6668 6669/6669
f 6681/6681 6669/6669 6682/6682
f 6682/6682 6669/6669 6671/6671
f 6682/6682 6671/6671 6683/6683
f 6683/6683 6671/6671 6673/6673
f 6683/6683 6673/6673 6684/6684
f 6684/6684 6673/6673 6675/6675
f 6684/6684 6675/6675 6685/6685
f 6677/6677 6685/6685 6675/6675
f 6665/6665 6686/6686 6687/6687
f 6665/6665 6687/6687 6663/6663
f 6663/6663 6687/6687 6688/6688
f 6663/6663 6688/6688 6664/6664
f 6664/6664 6688/6688 6689/6689
f 6664/6664 6689/6689 6670/6670
f 6670/6670 6689/6689 6690/6690
f 6670/6670 6690/6690 6672/6672
f 6672/6672 6690/6690 6691/6691
f 6672/6672 6691/6691 6674/6674
f 6674/6674 6691/6691 6692/6692
f 6674/6674 6692/6692 6676/6676
f 6676/6676 6692/6692 6693/6693
f 6685/6685 6677/6677 6693/6693
f 6685/6685 6693/6693 6694/6694
f 6684/6684 6685/6685 6694/6694
f 6684/6684 6694/6694 6695/6695
f 6695/6695 6683/6683 6684/6684
f 6695/6695 6696/6696 6683/6683
f 6682/6682 6683/6683 6696/6696
f 6682/6682 6696/6696 6697/6697
f 6681/6681 6682/6682 6697/6697
f 6681/6681 6697/6697 6698/6698
f 6698/6698 6680/6680 6681/6681
f 6698/6698 6699/6699 6680/6680
f 6698/6698 6700/6700 6699/6699
f 6701/6701 6699/6699 6700/6700
f 6699/6699 6701/6701 6679/6679
f 6679/6679 6680/6680 6699/6699
f 1237/1237 1254/1254 1255/1255
f 1237/1237 1255/1255 1238/1238
f 1238/1238 1255/1255 1256/1256
f 1238/1238 1256/1256 1239/1239
f 1239/1239 1256/1256 1257/1257
f 1239/1239 1257/1257 1241/1241
f 1241/1241 1257/1257 1259/1259
f 1241/1241 1259/1259 1243/1243
f 1243/1243 1259/1259 1261/1261
f 1243/1243 1261/1261 1245/1245
f 1245/1245 1261/1261 1263/1263
f 1245/1245 1263/1263 1247/1247
f 1248/1248 1247/1247 1263/1263
f 4182/4182 4187/4187 5035/5035
f 4182/4182 5035/5035 5036/5036
f 4182/4182 5036/5036 5026/5026
f 4181/4181 4182/4182 5026/5026
f 302/302 1712/1712 312/312
f 381/381 296/296 302/302
f 381/381 302/302 320/320
f 302/302 312/312 320/320
f 312/312 311/311 320/320
f 372/372 381/381 320/320
f 1253/1253 6702/6702 6703/6703
f 1253/1253 6703/6703 1251/1251
f 1251/1251 6703/6703 6704/6704
f 1251/1251 6704/6704 1252/1252
f 1252/1252 6704/6704 6705/6705
f 1252/1252 6705/6705 1258/1258
f 1258/1258 6705/6705 6706/6706
f 1258/1258 6706/6706 1260/1260
f 1260/1260 6706/6706 6707/6707
f 1260/1260 6707/6707 1262/1262
f 1262/1262 6707/6707 6708/6708
f 1262/1262 6708/6708 1264/1264
f 1265/1265 1264/1264 6708/6708
f 6709/6709 1301/1301 1303/1303
f 6709/6709 1298/1298 1301/1301
f 6710/6710 1298/1298 6709/6709
f 6710/6710 6709/6709 6711/6711
f 6709/6709 6712/6712 6711/6711
f 6709/6709 1303/1303 6712/6712
f 6713/6713 6712/6712 1303/1303
f 6713/6713 1303/1303 1305/1305
f 1305/1305 6714/6714 6713/6713
f 1305/1305 1307/1307 6714/6714
f 1307/1307 6715/6715 6714/6714
f 1307/1307 1309/1309 6715/6715
f 1309/1309 6716/6716 6715/6715
f 1309/1309 1311/1311 6716/6716
f 1311/1311 6717/6717 6716/6716
f 1311/1311 1312/1312 6717/6717
f 6718/6718 6710/6710 6711/6711
f 6718/6718 6711/6711 6719/6719
f 6719/6719 6711/6711 6712/6712
f 6719/6719 6712/6712 6720/6720
f 6720/6720 6712/6712 6713/6713
f 6720/6720 6713/6713 6721/6721
f 6721/6721 6713/6713 6714/6714
f 6721/6721 6714/6714 6722/6722
f 6722/6722 6714/6714 6715/6715
f 6722/6722 6715/6715 6723/6723
f 6723/6723 6715/6715 6716/6716
f 6723/6723 6716/6716 6724/6724
f 6717/6717 6724/6724 6716/6716
f 6725/6725 6726/6726 6727/6727
f 6728/6728 6727/6727 6726/6726
f 6727/6727 6728/6728 6718/6718
f 6718/6718 6719/6719 6727/6727
f 6725/6725 6727/6727 6719/6719
f 6719/6719 6720/6720 6725/6725
f 6729/6729 6725/6725 6720/6720
f 6729/6729 6720/6720 6721/6721
f 6721/6721 6730/6730 6729/6729
f 6721/6721 6722/6722 6730/6730
f 6731/6731 6730/6730 6722/6722
f 6731/6731 6722/6722 6723/6723
f 6732/6732 6731/6731 6723/6723
f 6732/6732 6723/6723 6724/6724
f 6724/6724 6733/6733 6732/6732
f 6724/6724 6717/6717 6733/6733
f 6734/6734 6735/6735 6736/6736
f 6734/6734 6736/6736 6737/6737
f 6738/6738 6739/6739 6740/6740
f 6738/6738 6740/6740 6741/6741
f 1293/1293 1290/1290 6742/6742
f 1293/1293 6742/6742 6743/6743
f 6743/6743 6742/6742 1275/1275
f 6743/6743 1275/1275 1274/1274
f 6743/6743 1274/1274 1278/1278
f 6743/6743 1278/1278 6744/6744
f 1281/1281 6744/6744 1278/1278
f 1281/1281 6745/6745 6744/6744
f 1295/1295 6744/6744 6745/6745
f 1295/1295 6745/6745 1296/1296
f 1295/1295 1293/1293 6743/6743
f 1295/1295 6743/6743 6744/6744
f 6746/6746 6747/6747 6748/6748
f 6746/6746 6748/6748 6749/6749
f 6750/6750 6751/6751 6752/6752
f 6750/6750 6752/6752 6753/6753
f 6754/6754 6751/6751 6755/6755
f 6754/6754 6755/6755 6756/6756
f 6757/6757 6758/6758 6759/6759
f 6757/6757 6759/6759 6760/6760
f 6761/6761 6762/6762 6763/6763
f 6761/6761 6763/6763 6764/6764
f 6760/6760 6759/6759 1317/1317
f 6760/6760 1317/1317 6765/6765
f 6766/6766 6767/6767 6764/6764
f 6766/6766 6764/6764 6763/6763
f 6765/6765 1317/1317 1316/1316
f 6765/6765 1316/1316 6768/6768
f 1726/1726 1720/1720 417/417
f 371/371 370/370 1726/1726
f 371/371 1726/1726 405/405
f 1726/1726 417/417 405/405
f 417/417 406/406 405/405
f 380/380 371/371 405/405
f 5513/5513 5512/5512 5514/5514
f 5513/5513 5514/5514 5511/5511
f 5510/5510 5513/5513 5511/5511
f 5514/5514 5515/5515 5511/5511
f 6769/6769 6765/6765 6768/6768
f 6770/6770 6771/6771 6769/6769
f 6768/6768 6770/6770 6769/6769
f 6768/6768 6772/6772 6770/6770
f 6768/6768 6773/6773 6772/6772
f 6768/6768 6774/6774 6773/6773
f 6775/6775 6752/6752 6776/6776
f 6775/6775 6776/6776 6777/6777
f 6752/6752 6751/6751 6754/6754
f 6752/6752 6754/6754 6776/6776
f 6778/6778 6779/6779 6780/6780
f 6778/6778 6780/6780 6781/6781
f 6782/6782 6783/6783 6784/6784
f 6782/6782 6784/6784 6785/6785
f 6767/6767 6766/6766 6786/6786
f 6767/6767 6786/6786 6787/6787
f 6788/6788 6789/6789 6762/6762
f 6788/6788 6762/6762 6761/6761
f 6776/6776 6754/6754 6790/6790
f 6776/6776 6790/6790 6791/6791
f 6656/6656 6792/6792 6793/6793
f 6656/6656 6793/6793 6794/6794
f 6660/6660 6792/6792 6656/6656
f 6660/6660 6656/6656 6655/6655
f 6795/6795 6792/6792 6660/6660
f 6795/6795 6660/6660 6796/6796
f 6797/6797 6798/6798 6799/6799
f 6797/6797 6799/6799 6800/6800
f 5731/5731 6801/6801 5236/5236
f 5731/5731 5236/5236 5238/5238
f 6801/6801 6802/6802 5237/5237
f 6801/6801 5237/5237 5236/5236
f 6803/6803 5729/5729 5240/5240
f 6803/6803 5240/5240 6804/6804
f 6805/6805 6806/6806 6807/6807
f 6805/6805 6807/6807 6808/6808
f 5235/5235 5234/5234 6809/6809
f 6810/6810 5235/5235 6809/6809
f 6809/6809 6811/6811 6810/6810
f 6809/6809 6812/6812 6811/6811
f 6809/6809 6813/6813 6812/6812
f 6810/6810 6805/6805 6808/6808
f 6810/6810 6808/6808 5235/5235
f 6802/6802 6809/6809 5234/5234
f 6802/6802 5234/5234 5237/5237
f 5239/5239 6814/6814 6815/6815
f 6815/6815 6816/6816 6817/6817
f 6815/6815 6817/6817 6818/6818
f 5239/5239 6815/6815 6818/6818
f 6818/6818 5722/5722 5239/5239
f 6818/6818 6819/6819 5722/5722
f 6807/6807 6806/6806 6815/6815
f 6807/6807 6815/6815 6814/6814
f 5728/5728 6820/6820 6821/6821
f 5728/5728 6821/6821 5730/5730
f 6818/6818 6822/6822 6823/6823
f 6818/6818 6823/6823 6819/6819
f 6824/6824 6825/6825 6826/6826
f 6824/6824 6826/6826 6827/6827
f 6822/6822 6812/6812 6813/6813
f 6822/6822 6813/6813 6823/6823
f 1325/1325 1324/1324 6828/6828
f 1325/1325 6828/6828 6829/6829
f 1322/1322 6830/6830 6831/6831
f 1322/1322 6831/6831 1323/1323
f 1323/1323 6832/6832 6828/6828
f 1323/1323 6828/6828 1324/1324
f 6833/6833 6834/6834 6835/6835
f 6833/6833 6835/6835 6836/6836
f 6837/6837 1332/1332 1336/1336
f 6837/6837 1336/1336 6838/6838
f 48/48 6839/6839 6840/6840
f 48/48 6840/6840 49/49
f 1321/1321 1325/1325 1333/1333
f 1321/1321 1333/1333 1332/1332
f 6841/6841 6842/6842 6843/6843
f 6841/6841 6843/6843 6844/6844
f 6845/6845 6846/6846 6847/6847
f 6845/6845 6847/6847 6848/6848
f 6842/6842 6849/6849 6850/6850
f 6842/6842 6850/6850 6843/6843
f 6851/6851 6845/6845 6848/6848
f 6851/6851 6848/6848 6852/6852
f 6846/6846 6841/6841 6844/6844
f 6846/6846 6844/6844 6847/6847
f 6853/6853 6851/6851 6852/6852
f 6853/6853 6852/6852 6854/6854
f 6833/6833 6836/6836 6839/6839
f 6833/6833 6839/6839 48/48
f 6855/6855 6856/6856 6857/6857
f 6855/6855 6857/6857 6858/6858
f 6856/6856 6859/6859 6860/6860
f 6856/6856 6860/6860 6857/6857
f 6861/6861 6862/6862 6863/6863
f 6861/6861 6863/6863 6864/6864
f 6865/6865 6866/6866 6867/6867
f 6865/6865 6867/6867 6868/6868
f 6869/6869 6870/6870 6862/6862
f 6869/6869 6862/6862 6861/6861
f 6871/6871 6872/6872 6870/6870
f 6871/6871 6870/6870 6869/6869
f 6868/6868 6867/6867 6873/6873
f 6868/6868 6873/6873 6874/6874
f 6875/6875 6876/6876 6872/6872
f 6875/6875 6872/6872 6871/6871
f 6877/6877 6878/6878 6876/6876
f 6877/6877 6876/6876 6875/6875
f 6874/6874 6873/6873 6879/6879
f 6874/6874 6879/6879 6880/6880
f 6881/6881 6882/6882 6878/6878
f 6881/6881 6878/6878 6877/6877
f 6883/6883 6884/6884 6882/6882
f 6883/6883 6882/6882 6881/6881
f 6880/6880 6879/6879 6885/6885
f 6880/6880 6885/6885 6886/6886
f 6864/6864 6863/6863 6887/6887
f 6864/6864 6887/6887 6888/6888
f 6886/6886 6885/6885 6889/6889
f 6886/6886 6889/6889 6890/6890
f 6890/6890 6889/6889 6891/6891
f 6890/6890 6891/6891 6892/6892
f 6892/6892 6891/6891 6893/6893
f 6892/6892 6893/6893 6894/6894
f 6895/6895 6896/6896 6897/6897
f 6895/6895 6898/6898 6896/6896
f 6898/6898 6899/6899 6896/6896
f 6899/6899 1490/1490 6896/6896
f 1490/1490 1491/1491 6896/6896
f 6897/6897 6896/6896 1491/1491
f 6897/6897 1491/1491 1492/1492
f 6900/6900 6901/6901 6902/6902
f 6900/6900 6902/6902 6903/6903
f 6904/6904 6905/6905 6906/6906
f 6904/6904 6906/6906 6907/6907
f 6908/6908 6909/6909 6910/6910
f 6908/6908 6910/6910 6911/6911
f 6908/6908 6911/6911 6912/6912
f 6908/6908 6912/6912 6913/6913
f 6908/6908 6913/6913 6914/6914
f 6908/6908 6914/6914 6915/6915
f 6916/6916 6917/6917 6901/6901
f 6916/6916 6901/6901 6900/6900
f 6918/6918 6919/6919 6920/6920
f 6918/6918 6920/6920 6921/6921
f 6922/6922 6923/6923 6905/6905
f 6922/6922 6905/6905 6904/6904
f 6903/6903 6902/6902 6923/6923
f 6903/6903 6923/6923 6922/6922
f 6921/6921 6920/6920 6924/6924
f 6921/6921 6924/6924 6925/6925
f 6925/6925 6924/6924 6917/6917
f 6925/6925 6917/6917 6916/6916
f 5763/5763 5762/5762 5765/5765
f 5763/5763 5765/5765 5764/5764
f 5763/5763 5764/5764 678/678
f 701/701 5763/5763 678/678
f 6926/6926 6927/6927 6928/6928
f 6926/6926 6929/6929 6927/6927
f 6926/6926 6930/6930 6929/6929
f 6929/6929 6930/6930 6931/6931
f 6929/6929 6931/6931 6932/6932
f 6932/6932 6931/6931 6933/6933
f 6932/6932 6933/6933 6934/6934
f 6934/6934 6933/6933 6935/6935
f 6934/6934 6935/6935 6936/6936
f 6936/6936 6935/6935 6937/6937
f 6936/6936 6937/6937 6938/6938
f 6938/6938 6937/6937 6939/6939
f 6938/6938 6939/6939 6940/6940
f 6940/6940 6939/6939 6941/6941
f 6940/6940 6941/6941 6928/6928
f 6926/6926 6928/6928 6941/6941
f 6926/6926 6941/6941 6942/6942
f 6942/6942 6943/6943 6926/6926
f 6942/6942 6944/6944 6943/6943
f 5890/5890 5889/5889 6945/6945
f 6159/6159 6158/6158 6946/6946
f 6159/6159 6946/6946 6947/6947
f 6159/6159 6947/6947 6948/6948
f 6159/6159 6948/6948 6949/6949
f 6159/6159 6949/6949 6950/6950
f 6159/6159 6950/6950 6951/6951
f 6159/6159 6951/6951 6952/6952
f 6159/6159 6952/6952 6945/6945
f 6159/6159 6945/6945 6953/6953
f 6946/6946 6226/6226 6225/6225
f 6314/6314 6313/6313 6318/6318
f 6314/6314 6318/6318 6322/6322
f 6308/6308 6314/6314 6322/6322
f 6318/6318 6310/6310 6322/6322
f 6330/6330 6332/6332 6335/6335
f 6330/6330 6335/6335 6328/6328
f 6327/6327 6330/6330 6328/6328
f 6335/6335 6338/6338 6328/6328
f 6954/6954 6955/6955 6956/6956
f 6954/6954 6957/6957 6955/6955
f 6954/6954 6958/6958 6957/6957
f 6957/6957 6958/6958 6959/6959
f 6957/6957 6959/6959 6960/6960
f 6960/6960 6959/6959 6961/6961
f 6960/6960 6961/6961 6962/6962
f 6962/6962 6961/6961 6963/6963
f 6962/6962 6963/6963 6964/6964
f 6964/6964 6963/6963 6965/6965
f 6964/6964 6965/6965 6966/6966
f 6966/6966 6965/6965 6967/6967
f 6966/6966 6967/6967 6968/6968
f 6968/6968 6967/6967 6969/6969
f 6968/6968 6969/6969 6956/6956
f 6954/6954 6956/6956 6969/6969
f 6954/6954 6969/6969 6970/6970
f 6971/6971 6954/6954 6970/6970
f 6971/6971 6972/6972 6954/6954
f 6972/6972 6971/6971 6973/6973
f 6974/6974 6972/6972 6973/6973
f 6974/6974 6973/6973 6975/6975
f 6975/6975 6976/6976 6974/6974
f 6975/6975 6977/6977 6976/6976
f 6971/6971 6970/6970 6976/6976
f 6971/6971 6976/6976 6977/6977
f 6978/6978 6979/6979 6980/6980
f 6978/6978 6981/6981 6979/6979
f 6982/6982 6981/6981 6978/6978
f 6982/6982 6983/6983 6981/6981
f 6984/6984 6983/6983 6982/6982
f 6984/6984 6982/6982 6985/6985
f 6976/6976 6984/6984 6985/6985
f 6976/6976 6985/6985 6986/6986
f 6976/6976 6986/6986 6987/6987
f 6976/6976 6987/6987 6988/6988
f 6989/6989 6987/6987 6986/6986
f 6989/6989 6986/6986 6990/6990
f 6469/6469 6859/6859 6475/6475
f 6469/6469 6475/6475 966/966
f 6470/6470 6469/6469 966/966
f 149/149 6991/6991 6992/6992
f 149/149 6992/6992 6472/6472
f 149/149 6472/6472 150/150
f 966/966 28/28 6991/6991
f 127/127 991/991 6468/6468
f 127/127 6468/6468 6470/6470
f 127/127 6470/6470 149/149
f 6993/6993 6994/6994 6995/6995
f 6993/6993 6996/6996 6994/6994
f 6993/6993 6997/6997 6996/6996
f 6997/6997 6998/6998 6996/6996
f 6997/6997 6999/6999 6998/6998
f 6995/6995 6998/6998 6999/6999
f 6995/6995 6999/6999 7000/7000
f 6993/6993 6995/6995 7000/7000
f 6993/6993 7000/7000 7001/7001
f 7002/7002 7003/7003 6976/6976
f 7002/7002 6976/6976 6988/6988
f 7004/7004 7005/7005 7006/7006
f 7004/7004 7006/7006 7007/7007
f 7008/7008 7009/7009 6972/6972
f 7008/7008 6972/6972 7010/7010
f 7011/7011 7012/7012 7005/7005
f 7011/7011 7005/7005 7004/7004
f 7013/7013 7014/7014 7015/7015
f 7015/7015 7016/7016 7013/7013
f 7015/7015 7017/7017 7016/7016
f 7018/7018 7016/7016 7017/7017
f 7018/7018 7019/7019 7016/7016
f 7020/7020 7019/7019 7018/7018
f 7020/7020 7021/7021 7019/7019
f 7013/7013 6972/6972 7009/7009
f 7013/7013 7009/7009 7022/7022
f 7013/7013 7022/7022 7014/7014
f 7023/7023 7014/7014 7022/7022
f 7023/7023 7022/7022 7024/7024
f 7025/7025 7026/7026 7012/7012
f 7025/7025 7012/7012 7011/7011
f 7027/7027 7026/7026 7025/7025
f 7027/7027 7025/7025 7028/7028
f 7029/7029 7030/7030 7031/7031
f 7029/7029 7031/7031 7032/7032
f 7033/7033 7034/7034 7030/7030
f 7033/7033 7030/7030 7029/7029
f 7035/7035 7036/7036 7034/7034
f 7035/7035 7034/7034 7033/7033
f 7037/7037 7038/7038 7036/7036
f 7037/7037 7036/7036 7035/7035
f 7039/7039 7040/7040 7038/7038
f 7039/7039 7038/7038 7037/7037
f 7041/7041 7042/7042 7040/7040
f 7041/7041 7040/7040 7039/7039
f 7043/7043 7044/7044 7042/7042
f 7043/7043 7042/7042 7041/7041
f 7032/7032 7031/7031 7045/7045
f 7032/7032 7045/7045 7046/7046
f 6980/6980 6979/6979 7047/7047
f 6980/6980 7047/7047 7048/7048
f 7049/7049 7050/7050 7021/7021
f 7049/7049 7021/7021 7020/7020
f 7051/7051 7052/7052 7053/7053
f 7051/7051 7053/7053 7054/7054
f 7052/7052 6993/6993 7001/7001
f 7052/7052 7001/7001 7053/7053
f 7054/7054 6943/6943 6944/6944
f 7054/7054 6944/6944 7051/7051
f 7055/7055 7056/7056 7057/7057
f 7055/7055 7057/7057 7058/7058
f 7058/7058 7057/7057 7059/7059
f 7058/7058 7059/7059 7060/7060
f 7061/7061 7062/7062 7063/7063
f 7061/7061 7063/7063 7064/7064
f 7065/7065 7066/7066 7056/7056
f 7065/7065 7056/7056 7055/7055
f 7067/7067 7068/7068 7066/7066
f 7067/7067 7066/7066 7065/7065
f 7069/7069 7070/7070 7071/7071
f 7069/7069 7071/7071 7072/7072
f 7069/7069 7072/7072 7073/7073
f 7069/7069 7073/7073 7074/7074
f 7069/7069 7074/7074 7075/7075
f 7069/7069 7075/7075 7076/7076
f 7077/7077 7078/7078 7079/7079
f 7077/7077 7079/7079 7080/7080
f 7080/7080 7079/7079 7081/7081
f 7080/7080 7081/7081 7082/7082
f 7082/7082 7081/7081 7083/7083
f 7082/7082 7083/7083 7084/7084
f 7084/7084 7083/7083 7085/7085
f 7084/7084 7085/7085 7086/7086
f 7086/7086 7085/7085 7087/7087
f 7086/7086 7087/7087 7088/7088
f 7088/7088 7087/7087 7089/7089
f 7088/7088 7089/7089 7090/7090
f 7090/7090 7089/7089 7091/7091
f 7090/7090 7091/7091 7092/7092
f 7093/7093 7094/7094 7095/7095
f 7093/7093 7095/7095 7096/7096
f 7096/7096 7095/7095 7097/7097
f 7096/7096 7097/7097 7098/7098
f 7098/7098 7097/7097 7099/7099
f 7098/7098 7099/7099 7100/7100
f 7100/7100 7099/7099 7101/7101
f 7100/7100 7101/7101 7102/7102
f 7102/7102 7101/7101 7103/7103
f 7102/7102 7103/7103 7104/7104
f 7104/7104 7103/7103 7105/7105
f 7104/7104 7105/7105 7106/7106
f 7106/7106 7105/7105 7107/7107
f 7106/7106 7107/7107 7108/7108
f 7108/7108 7109/7109 7110/7110
f 7108/7108 7107/7107 7109/7109
f 7078/7078 7109/7109 7107/7107
f 7078/7078 7107/7107 7079/7079
f 7079/7079 7107/7107 7105/7105
f 7079/7079 7105/7105 7081/7081
f 7081/7081 7105/7105 7103/7103
f 7081/7081 7103/7103 7083/7083
f 7083/7083 7103/7103 7101/7101
f 7083/7083 7101/7101 7085/7085
f 7085/7085 7101/7101 7099/7099
f 7085/7085 7099/7099 7087/7087
f 7087/7087 7099/7099 7097/7097
f 7087/7087 7097/7097 7089/7089
f 7089/7089 7097/7097 7095/7095
f 7089/7089 7095/7095 7091/7091
f 7091/7091 7095/7095 7094/7094
f 7091/7091 7094/7094 7111/7111
f 7092/7092 7091/7091 7111/7111
f 7092/7092 7111/7111 7112/7112
f 7113/7113 7114/7114 7115/7115
f 7113/7113 7115/7115 7116/7116
f 7113/7113 7116/7116 7117/7117
f 7113/7113 7117/7117 7118/7118
f 7113/7113 7118/7118 7119/7119
f 7113/7113 7119/7119 7120/7120
f 7121/7121 7122/7122 7123/7123
f 7121/7121 7123/7123 7124/7124
f 7125/7125 7126/7126 7127/7127
f 7125/7125 7127/7127 7128/7128
f 7129/7129 7130/7130 7122/7122
f 7129/7129 7122/7122 7121/7121
f 7131/7131 7132/7132 7126/7126
f 7131/7131 7126/7126 7125/7125
f 7128/7128 7127/7127 7133/7133
f 7128/7128 7133/7133 7134/7134
f 7135/7135 7136/7136 7130/7130
f 7135/7135 7130/7130 7129/7129
f 7137/7137 7138/7138 7132/7132
f 7137/7137 7132/7132 7131/7131
f 7134/7134 7133/7133 7136/7136
f 7134/7134 7136/7136 7135/7135
f 7139/7139 7140/7140 7141/7141
f 7142/7142 7143/7143 7144/7144
f 7142/7142 7145/7145 7143/7143
f 7142/7142 7139/7139 7145/7145
f 7146/7146 7139/7139 7142/7142
f 7139/7139 7146/7146 7147/7147
f 7139/7139 7147/7147 7140/7140
f 7140/7140 7147/7147 7148/7148
f 7140/7140 7148/7148 7149/7149
f 7149/7149 7148/7148 7150/7150
f 7151/7151 7152/7152 7153/7153
f 7154/7154 7155/7155 7156/7156
f 7155/7155 7157/7157 7158/7158
f 7155/7155 7159/7159 7157/7157
f 7155/7155 7160/7160 7159/7159
f 7154/7154 7160/7160 7155/7155
f 7154/7154 7161/7161 7160/7160
f 7154/7154 7151/7151 7161/7161
f 7151/7151 7154/7154 7152/7152
f 7152/7152 7154/7154 7162/7162
f 7162/7162 7140/7140 7149/7149
f 7162/7162 7149/7149 7163/7163
f 7162/7162 7163/7163 7164/7164
f 7162/7162 7164/7164 7152/7152
f 7156/7156 7139/7139 7141/7141
f 7156/7156 7141/7141 7154/7154
f 7165/7165 7166/7166 7167/7167
f 7165/7165 7167/7167 7145/7145
f 7165/7165 7145/7145 7155/7155
f 7165/7165 7155/7155 7158/7158
f 7168/7168 7169/7169 7170/7170
f 7168/7168 7170/7170 7171/7171
f 7172/7172 7142/7142 7144/7144
f 7172/7172 7144/7144 7173/7173
f 7172/7172 7173/7173 7174/7174
f 7172/7172 7174/7174 7175/7175
f 7176/7176 7147/7147 7146/7146
f 7176/7176 7146/7146 7177/7177
f 7178/7178 7179/7179 7150/7150
f 7178/7178 7150/7150 7148/7148
f 7178/7178 7148/7148 7180/7180
f 7178/7178 7180/7180 7181/7181
f 7182/7182 7183/7183 7184/7184
f 7182/7182 7184/7184 7185/7185
f 7143/7143 7186/7186 7187/7187
f 7143/7143 7187/7187 7144/7144
f 7150/7150 7188/7188 7189/7189
f 7150/7150 7189/7189 7149/7149
f 7157/7157 7171/7171 7170/7170
f 7157/7157 7170/7170 7158/7158
f 7152/7152 7185/7185 7184/7184
f 7152/7152 7184/7184 7153/7153
f 7162/7162 7154/7154 7141/7141
f 7162/7162 7141/7141 7140/7140
f 7156/7156 7155/7155 7145/7145
f 7156/7156 7145/7145 7139/7139
f 7172/7172 7177/7177 7146/7146
f 7172/7172 7146/7146 7142/7142
f 7176/7176 7180/7180 7148/7148
f 7176/7176 7148/7148 7147/7147
f 7190/7190 7191/7191 7192/7192
f 7190/7190 7193/7193 7191/7191
f 7194/7194 7191/7191 7193/7193
f 7194/7194 7193/7193 7195/7195
f 7194/7194 7195/7195 7196/7196
f 7194/7194 7196/7196 7197/7197
f 7194/7194 7198/7198 7199/7199
f 7194/7194 7199/7199 7191/7191
f 1524/1524 1523/1523 7200/7200
f 1524/1524 7200/7200 7201/7201
f 7202/7202 7203/7203 7204/7204
f 7202/7202 7205/7205 7203/7203
f 7206/7206 7205/7205 7202/7202
f 7206/7206 7207/7207 7205/7205
f 7208/7208 7207/7207 7206/7206
f 7208/7208 7209/7209 7207/7207
f 7210/7210 7209/7209 7208/7208
f 7210/7210 7211/7211 7209/7209
f 7212/7212 7211/7211 7210/7210
f 7212/7212 7213/7213 7211/7211
f 7214/7214 7213/7213 7212/7212
f 7214/7214 7215/7215 7213/7213
f 7216/7216 7215/7215 7214/7214
f 7216/7216 7217/7217 7215/7215
f 7204/7204 7217/7217 7216/7216
f 7204/7204 7203/7203 7217/7217
f 7218/7218 7217/7217 7203/7203
f 7218/7218 7203/7203 7219/7219
f 7220/7220 7218/7218 7219/7219
f 7220/7220 7219/7219 7221/7221
f 7221/7221 7192/7192 7220/7220
f 7221/7221 7190/7190 7192/7192
f 7201/7201 7200/7200 7222/7222
f 7201/7201 7222/7222 7223/7223
f 7223/7223 7222/7222 1521/1521
f 7223/7223 1521/1521 1520/1520
f 7224/7224 7225/7225 7226/7226
f 7227/7227 7225/7225 7224/7224
f 7227/7227 1711/1711 7225/7225
f 7228/7228 1711/1711 7227/7227
f 7228/7228 1709/1709 1711/1711
f 7229/7229 1709/1709 7228/7228
f 7229/7229 1510/1510 1709/1709
f 7230/7230 1510/1510 7229/7229
f 7230/7230 7231/7231 1510/1510
f 7232/7232 7231/7231 7230/7230
f 7232/7232 7233/7233 7231/7231
f 7234/7234 7233/7233 7232/7232
f 7234/7234 7235/7235 7233/7233
f 7236/7236 7235/7235 7234/7234
f 7236/7236 7226/7226 7235/7235
f 7224/7224 7226/7226 7236/7236
f 7223/7223 1520/1520 1518/1518
f 7237/7237 1522/1522 1524/1524
f 1511/1511 1510/1510 7231/7231
f 1511/1511 7231/7231 7238/7238
f 1513/1513 1511/1511 7238/7238
f 1513/1513 7238/7238 7239/7239
f 7239/7239 1515/1515 1513/1513
f 7239/7239 7240/7240 1515/1515
f 7240/7240 1517/1517 1515/1515
f 7240/7240 7237/7237 1517/1517
f 1518/1518 1517/1517 7237/7237
f 1518/1518 7237/7237 1524/1524
f 7223/7223 1518/1518 1524/1524
f 7201/7201 7223/7223 1524/1524
f 7241/7241 7242/7242 7243/7243
f 7241/7241 7243/7243 7244/7244
f 7245/7245 7246/7246 7247/7247
f 7245/7245 7247/7247 7248/7248
f 7249/7249 7250/7250 7251/7251
f 7249/7249 7251/7251 7252/7252
f 7244/7244 7243/7243 7253/7253
f 7244/7244 7253/7253 7254/7254
f 7255/7255 7256/7256 7257/7257
f 7255/7255 7257/7257 7258/7258
f 7252/7252 7251/7251 7259/7259
f 7252/7252 7259/7259 7260/7260
f 7261/7261 7262/7262 1539/1539
f 7261/7261 1539/1539 1538/1538
f 7254/7254 7253/7253 7263/7263
f 7254/7254 7263/7263 7264/7264
f 7265/7265 7266/7266 7256/7256
f 7265/7265 7256/7256 7255/7255
f 7260/7260 7259/7259 7267/7267
f 7260/7260 7267/7267 7268/7268
f 7264/7264 7263/7263 7269/7269
f 7264/7264 7269/7269 7270/7270
f 7271/7271 7272/7272 7246/7246
f 7271/7271 7246/7246 7245/7245
f 7268/7268 7267/7267 7273/7273
f 7268/7268 7273/7273 7274/7274
f 2639/2639 2638/2638 7275/7275
f 2639/2639 7275/7275 7276/7276
f 7258/7258 7257/7257 7277/7277
f 7258/7258 7277/7277 7278/7278
f 7270/7270 7269/7269 7272/7272
f 7270/7270 7272/7272 7271/7271
f 7248/7248 7247/7247 7279/7279
f 7248/7248 7279/7279 7280/7280
f 7274/7274 7273/7273 7266/7266
f 7274/7274 7266/7266 7265/7265
f 2722/2722 7281/7281 7282/7282
f 2722/2722 7282/7282 2717/2717
f 2720/2720 2718/2718 7283/7283
f 2720/2720 7283/7283 7284/7284
f 2722/2722 2723/2723 2726/2726
f 2722/2722 2726/2726 7281/7281
f 2718/2718 2717/2717 7282/7282
f 2718/2718 7282/7282 7283/7283
f 7285/7285 2689/2689 7286/7286
f 7286/7286 2689/2689 7287/7287
f 7288/7288 7289/7289 7290/7290
f 7288/7288 7290/7290 7291/7291
f 7291/7291 7290/7290 2687/2687
f 7291/7291 2687/2687 2686/2686
f 7292/7292 7293/7293 7294/7294
f 7295/7295 7292/7292 7294/7294
f 7295/7295 7294/7294 7296/7296
f 7297/7297 7295/7295 7296/7296
f 7297/7297 7298/7298 7295/7295
f 7298/7298 7297/7297 7299/7299
f 7299/7299 7297/7297 7296/7296
f 7296/7296 7300/7300 7299/7299
f 7300/7300 7296/7296 7294/7294
f 7294/7294 7301/7301 7300/7300
f 7301/7301 7294/7294 7293/7293
f 7293/7293 7302/7302 7301/7301
f 7293/7293 7303/7303 7302/7302
f 7293/7293 7304/7304 7303/7303
f 7304/7304 7305/7305 7303/7303
f 7304/7304 7306/7306 7305/7305
f 7306/7306 7307/7307 7305/7305
f 7306/7306 7308/7308 7307/7307
f 7309/7309 7295/7295 7310/7310
f 7309/7309 7310/7310 7308/7308
f 7309/7309 7308/7308 7306/7306
f 7306/7306 7311/7311 7309/7309
f 7306/7306 7304/7304 7311/7311
f 7304/7304 7292/7292 7311/7311
f 7292/7292 7304/7304 7293/7293
f 7312/7312 7313/7313 7314/7314
f 7308/7308 7315/7315 7307/7307
f 7308/7308 7310/7310 7315/7315
f 7310/7310 7316/7316 7315/7315
f 7310/7310 7317/7317 7316/7316
f 7313/7313 7316/7316 7317/7317
f 7317/7317 7314/7314 7313/7313
f 7318/7318 7314/7314 7317/7317
f 7314/7314 7318/7318 7312/7312
f 7312/7312 7318/7318 7319/7319
f 7319/7319 7320/7320 7312/7312
f 7320/7320 7319/7319 7321/7321
f 7321/7321 7322/7322 7320/7320
f 7321/7321 7299/7299 7322/7322
f 7299/7299 7321/7321 7298/7298
f 7323/7323 7298/7298 7321/7321
f 7298/7298 7323/7323 7295/7295
f 7323/7323 7317/7317 7295/7295
f 7317/7317 7310/7310 7295/7295
f 7323/7323 7318/7318 7317/7317
f 7318/7318 7323/7323 7319/7319
f 7321/7321 7319/7319 7323/7323
f 7324/7324 7325/7325 7326/7326
f 7324/7324 7326/7326 7327/7327
f 7328/7328 7324/7324 7327/7327
f 7328/7328 7327/7327 7329/7329
f 7330/7330 7328/7328 7329/7329
f 7330/7330 7329/7329 7331/7331
f 7332/7332 7330/7330 7331/7331
f 7332/7332 7331/7331 7333/7333
f 7334/7334 7332/7332 7333/7333
f 7334/7334 7333/7333 7335/7335
f 7336/7336 7334/7334 7335/7335
f 7336/7336 7335/7335 7337/7337
f 7338/7338 7336/7336 7337/7337
f 7338/7338 7337/7337 7339/7339
f 7340/7340 7338/7338 7339/7339
f 7340/7340 7339/7339 7341/7341
f 7342/7342 7340/7340 7341/7341
f 7342/7342 7341/7341 7343/7343
f 7344/7344 7345/7345 7346/7346
f 7344/7344 7346/7346 7347/7347
f 7348/7348 7344/7344 7347/7347
f 7348/7348 7347/7347 7349/7349
f 7325/7325 7348/7348 7349/7349
f 7325/7325 7349/7349 7326/7326
f 7350/7350 7351/7351 7352/7352
f 7350/7350 7352/7352 7353/7353
f 7354/7354 7355/7355 7356/7356
f 7354/7354 7356/7356 7357/7357
f 1642/1642 1641/1641 7357/7357
f 1642/1642 7357/7357 7356/7356
f 7351/7351 7350/7350 7358/7358
f 7351/7351 7358/7358 7359/7359
f 7359/7359 7358/7358 7360/7360
f 7359/7359 7360/7360 7361/7361
f 7362/7362 7363/7363 7355/7355
f 7362/7362 7355/7355 7354/7354
f 7361/7361 7360/7360 1639/1639
f 7361/7361 1639/1639 1638/1638
f 1677/1677 1669/1669 7364/7364
f 1677/1677 7364/7364 7365/7365
f 7366/7366 7367/7367 7368/7368
f 7366/7366 7368/7368 7369/7369
f 1666/1666 1680/1680 7370/7370
f 1666/1666 7370/7370 7371/7371
f 1665/1665 1676/1676 1680/1680
f 1665/1665 1680/1680 1666/1666
f 1699/1699 1692/1692 7372/7372
f 1699/1699 7372/7372 7373/7373
f 7374/7374 7375/7375 7376/7376
f 7374/7374 7376/7376 7377/7377
f 1689/1689 1702/1702 7378/7378
f 1689/1689 7378/7378 7379/7379
f 2102/2102 1799/1799 7380/7380
f 2102/2102 7380/7380 7381/7381
f 1796/1796 2105/2105 7382/7382
f 1796/1796 7382/7382 7383/7383
f 1688/1688 1698/1698 1702/1702
f 1688/1688 1702/1702 1689/1689
f 7384/7384 7385/7385 7386/7386
f 7384/7384 7386/7386 7387/7387
f 2268/2268 2126/2126 2130/2130
f 2268/2268 2130/2130 2269/2269
f 2101/2101 1795/1795 1799/1799
f 2101/2101 1799/1799 2102/2102
f 7388/7388 7389/7389 7390/7390
f 7388/7388 7390/7390 7391/7391
f 2269/2269 2130/2130 7392/7392
f 2269/2269 7392/7392 7393/7393
f 7368/7368 1649/1649 1648/1648
f 1648/1648 7369/7369 7368/7368
f 7369/7369 1648/1648 1647/1647
f 1647/1647 1646/1646 7369/7369
f 7376/7376 7369/7369 1646/1646
f 7376/7376 1646/1646 1645/1645
f 7376/7376 1645/1645 1644/1644
f 7376/7376 1644/1644 7377/7377
f 7377/7377 1644/1644 1643/1643
f 7377/7377 1643/1643 1658/1658
f 7377/7377 1658/1658 1657/1657
f 7377/7377 1657/1657 7384/7384
f 1657/1657 1656/1656 7384/7384
f 7385/7385 7384/7384 1656/1656
f 7385/7385 1656/1656 1655/1655
f 7385/7385 1655/1655 1654/1654
f 7385/7385 1654/1654 7388/7388
f 7388/7388 1654/1654 1653/1653
f 7388/7388 1653/1653 1652/1652
f 1652/1652 7389/7389 7388/7388
f 7389/7389 1652/1652 1651/1651
f 1651/1651 7368/7368 7389/7389
f 1651/1651 1650/1650 7368/7368
f 7368/7368 1650/1650 1649/1649
f 2127/2127 2272/2272 7394/7394
f 2127/2127 7394/7394 7395/7395
f 7396/7396 7397/7397 7398/7398
f 7398/7398 7399/7399 7396/7396
f 7400/7400 7396/7396 7399/7399
f 7399/7399 7401/7401 7400/7400
f 7402/7402 7400/7400 7401/7401
f 7401/7401 7403/7403 7402/7402
f 7404/7404 7402/7402 7403/7403
f 7403/7403 7405/7405 7404/7404
f 7406/7406 7404/7404 7405/7405
f 7405/7405 7407/7407 7406/7406
f 7406/7406 7407/7407 7408/7408
f 7408/7408 7409/7409 7406/7406
f 7409/7409 7408/7408 7410/7410
f 7410/7410 7411/7411 7409/7409
f 2312/2312 7411/7411 7410/7410
f 7410/7410 7412/7412 2312/2312
f 7413/7413 2312/2312 7412/7412
f 7412/7412 7414/7414 7413/7413
f 7415/7415 7416/7416 7417/7417
f 7417/7417 7418/7418 7415/7415
f 7419/7419 7415/7415 7418/7418
f 7418/7418 7420/7420 7419/7419
f 7421/7421 7419/7419 7420/7420
f 7420/7420 7422/7422 7421/7421
f 7423/7423 7421/7421 7422/7422
f 7422/7422 7424/7424 7423/7423
f 7425/7425 7423/7423 7424/7424
f 7424/7424 7426/7426 7425/7425
f 7427/7427 7425/7425 7426/7426
f 7426/7426 7428/7428 7427/7427
f 7429/7429 7427/7427 7428/7428
f 7428/7428 7430/7430 7429/7429
f 7397/7397 7429/7429 7430/7430
f 7430/7430 7398/7398 7397/7397
f 7431/7431 7432/7432 7433/7433
f 7428/7428 7434/7434 7435/7435
f 7436/7436 7434/7434 7428/7428
f 7428/7428 7426/7426 7436/7436
f 7436/7436 7426/7426 7424/7424
f 7424/7424 7437/7437 7436/7436
f 7437/7437 7424/7424 7422/7422
f 7422/7422 7431/7431 7437/7437
f 7431/7431 7422/7422 7420/7420
f 7420/7420 7432/7432 7431/7431
f 7432/7432 7420/7420 7418/7418
f 7418/7418 7433/7433 7432/7432
f 7433/7433 7418/7418 7417/7417
f 7417/7417 7438/7438 7433/7433
f 7439/7439 7433/7433 7438/7438
f 7433/7433 7439/7439 7431/7431
f 7431/7431 7439/7439 7440/7440
f 7440/7440 7437/7437 7431/7431
f 7437/7437 7440/7440 7441/7441
f 7442/7442 7443/7443 7444/7444
f 7443/7443 7442/7442 7445/7445
f 7445/7445 7446/7446 7443/7443
f 7446/7446 7445/7445 7447/7447
f 7447/7447 7448/7448 7446/7446
f 7448/7448 7447/7447 7449/7449
f 7449/7449 7450/7450 7448/7448
f 7450/7450 7449/7449 7451/7451
f 7451/7451 7452/7452 7450/7450
f 7452/7452 7451/7451 7453/7453
f 7453/7453 7454/7454 7452/7452
f 7454/7454 7453/7453 7441/7441
f 7441/7441 7455/7455 7454/7454
f 7455/7455 7441/7441 7440/7440
f 7440/7440 7456/7456 7455/7455
f 7456/7456 7440/7440 7439/7439
f 7439/7439 7457/7457 7456/7456
f 7438/7438 7457/7457 7439/7439
f 7458/7458 7414/7414 7412/7412
f 7407/7407 7459/7459 7460/7460
f 7460/7460 7408/7408 7407/7407
f 7408/7408 7460/7460 7461/7461
f 7461/7461 7410/7410 7408/7408
f 7410/7410 7461/7461 7462/7462
f 7462/7462 7412/7412 7410/7410
f 7412/7412 7462/7462 7458/7458
f 7458/7458 7462/7462 7463/7463
f 7463/7463 7464/7464 7458/7458
f 7464/7464 7463/7463 7465/7465
f 7465/7465 7466/7466 7464/7464
f 7466/7466 7465/7465 7467/7467
f 7467/7467 7468/7468 7466/7466
f 7468/7468 7467/7467 7469/7469
f 7469/7469 7470/7470 7468/7468
f 7470/7470 7469/7469 7471/7471
f 7471/7471 7444/7444 7470/7470
f 7444/7444 7471/7471 7442/7442
f 7463/7463 7462/7462 7461/7461
f 7461/7461 7465/7465 7463/7463
f 7465/7465 7461/7461 7460/7460
f 7460/7460 7467/7467 7465/7465
f 7467/7467 7460/7460 7459/7459
f 7459/7459 7469/7469 7467/7467
f 7471/7471 7469/7469 7459/7459
f 7459/7459 7472/7472 7471/7471
f 7471/7471 7472/7472 7473/7473
f 7473/7473 7442/7442 7471/7471
f 7442/7442 7473/7473 7474/7474
f 7474/7474 7445/7445 7442/7442
f 7445/7445 7474/7474 7475/7475
f 7475/7475 7447/7447 7445/7445
f 7441/7441 7436/7436 7437/7437
f 7436/7436 7441/7441 7453/7453
f 7453/7453 7434/7434 7436/7436
f 7434/7434 7453/7453 7451/7451
f 7451/7451 7435/7435 7434/7434
f 7435/7435 7451/7451 7449/7449
f 7449/7449 7476/7476 7435/7435
f 7476/7476 7449/7449 7447/7447
f 7447/7447 7475/7475 7476/7476
f 7476/7476 7475/7475 7399/7399
f 7399/7399 7475/7475 7474/7474
f 7474/7474 7401/7401 7399/7399
f 7401/7401 7474/7474 7473/7473
f 7473/7473 7403/7403 7401/7401
f 7403/7403 7473/7473 7472/7472
f 7472/7472 7405/7405 7403/7403
f 7405/7405 7472/7472 7459/7459
f 7459/7459 7407/7407 7405/7405
f 7399/7399 7398/7398 7476/7476
f 7476/7476 7398/7398 7430/7430
f 7430/7430 7435/7435 7476/7476
f 7435/7435 7430/7430 7428/7428
f 7477/7477 7478/7478 7479/7479
f 7479/7479 7480/7480 7477/7477
f 7481/7481 7477/7477 7480/7480
f 7480/7480 7482/7482 7481/7481
f 2295/2295 2297/2297 7429/7429
f 7429/7429 7397/7397 2295/2295
f 2295/2295 7397/7397 7396/7396
f 7396/7396 2294/2294 2295/2295
f 2294/2294 7396/7396 7400/7400
f 7400/7400 2326/2326 2294/2294
f 2324/2324 2326/2326 7400/7400
f 7400/7400 7402/7402 2324/2324
f 2322/2322 2324/2324 7402/7402
f 7402/7402 7404/7404 2322/2322
f 2320/2320 2322/2322 7404/7404
f 7404/7404 7406/7406 2320/2320
f 2318/2318 2320/2320 7406/7406
f 7406/7406 7409/7409 2318/2318
f 2316/2316 2318/2318 7409/7409
f 7409/7409 7411/7411 2316/2316
f 2315/2315 2316/2316 7411/7411
f 7411/7411 2312/2312 2315/2315
f 2305/2305 2307/2307 7419/7419
f 7419/7419 7421/7421 2305/2305
f 2303/2303 2305/2305 7421/7421
f 7421/7421 7423/7423 2303/2303
f 2301/2301 2303/2303 7423/7423
f 7423/7423 7425/7425 2301/2301
f 2301/2301 7425/7425 7427/7427
f 7427/7427 2299/2299 2301/2301
f 2297/2297 2299/2299 7427/7427
f 7427/7427 7429/7429 2297/2297
f 7483/7483 7484/7484 7485/7485
f 7483/7483 7485/7485 7486/7486
f 7485/7485 7487/7487 7486/7486
f 7485/7485 7488/7488 7487/7487
f 7488/7488 7489/7489 7487/7487
f 7488/7488 7490/7490 7489/7489
f 7488/7488 7491/7491 7490/7490
f 7488/7488 7492/7492 7491/7491
f 7488/7488 7493/7493 7492/7492
f 7488/7488 7494/7494 7493/7493
f 7488/7488 7495/7495 7494/7494
f 7488/7488 7482/7482 7495/7495
f 7482/7482 7496/7496 7495/7495
f 7482/7482 7497/7497 7496/7496
f 7482/7482 7498/7498 7497/7497
f 7482/7482 7480/7480 7498/7498
f 7499/7499 7498/7498 7480/7480
f 7480/7480 7479/7479 7499/7499
f 7500/7500 7481/7481 7482/7482
f 7482/7482 7488/7488 7500/7500
f 2311/2311 7419/7419 2307/2307
f 2307/2307 2308/2308 2311/2311
f 7501/7501 7500/7500 7488/7488
f 7488/7488 7485/7485 7501/7501
f 7502/7502 165/165 168/168
f 7502/7502 168/168 7503/7503
f 2369/2369 7502/7502 7503/7503
f 2369/2369 7503/7503 7504/7504
f 2370/2370 2369/2369 7504/7504
f 2370/2370 7504/7504 7505/7505
f 7506/7506 2370/2370 7505/7505
f 7506/7506 7505/7505 7507/7507
f 7508/7508 7506/7506 7507/7507
f 7508/7508 7507/7507 7509/7509
f 7510/7510 7511/7511 7512/7512
f 7510/7510 7512/7512 2440/2440
f 2441/2441 2440/2440 7512/7512
f 2441/2441 7512/7512 7513/7513
f 7514/7514 7511/7511 7510/7510
f 7514/7514 7510/7510 7515/7515
f 7516/7516 7517/7517 7518/7518
f 7516/7516 7518/7518 7519/7519
f 7517/7517 7516/7516 2441/2441
f 7517/7517 2441/2441 7513/7513
f 7503/7503 166/166 7520/7520
f 7503/7503 7520/7520 7504/7504
f 7507/7507 7505/7505 7521/7521
f 7507/7507 7521/7521 7522/7522
f 7505/7505 7504/7504 7520/7520
f 7505/7505 7520/7520 7521/7521
f 168/168 167/167 166/166
f 168/168 166/166 7503/7503
f 7507/7507 7522/7522 7523/7523
f 7507/7507 7523/7523 7509/7509
f 7524/7524 7525/7525 7526/7526
f 7525/7525 7524/7524 7527/7527
f 7527/7527 7528/7528 7525/7525
f 7528/7528 7527/7527 7529/7529
f 7529/7529 7530/7530 7528/7528
f 7531/7531 7530/7530 7529/7529
f 7529/7529 7532/7532 7531/7531
f 7531/7531 7532/7532 7533/7533
f 7533/7533 7534/7534 7531/7531
f 7535/7535 7534/7534 7533/7533
f 7533/7533 7536/7536 7535/7535
f 7535/7535 7536/7536 7537/7537
f 7537/7537 7538/7538 7535/7535
f 7539/7539 7538/7538 7537/7537
f 7537/7537 7540/7540 7539/7539
f 2693/2693 7539/7539 7540/7540
f 7540/7540 7541/7541 2693/2693
f 7542/7542 7543/7543 7544/7544
f 7544/7544 7545/7545 7542/7542
f 7545/7545 7544/7544 7546/7546
f 7546/7546 7547/7547 7545/7545
f 7548/7548 7547/7547 7546/7546
f 7546/7546 7549/7549 7548/7548
f 7548/7548 7549/7549 7550/7550
f 7550/7550 7551/7551 7548/7548
f 7552/7552 7551/7551 7550/7550
f 7550/7550 7553/7553 7552/7552
f 7552/7552 7553/7553 7554/7554
f 7554/7554 7555/7555 7552/7552
f 7556/7556 7555/7555 7554/7554
f 7554/7554 7557/7557 7556/7556
f 7558/7558 7556/7556 7557/7557
f 7557/7557 7559/7559 7558/7558
f 2527/2527 7543/7543 7542/7542
f 7542/7542 2528/2528 2527/2527
f 2690/2690 2694/2694 7560/7560
f 7561/7561 2690/2690 7560/7560
f 7543/7543 2527/2527 7562/7562
f 7562/7562 7563/7563 7543/7543
f 7543/7543 7563/7563 7564/7564
f 7564/7564 7544/7544 7543/7543
f 7544/7544 7564/7564 7565/7565
f 7565/7565 7546/7546 7544/7544
f 7546/7546 7565/7565 7566/7566
f 7566/7566 7549/7549 7546/7546
f 7549/7549 7566/7566 7567/7567
f 7567/7567 7550/7550 7549/7549
f 7550/7550 7567/7567 7568/7568
f 7568/7568 7553/7553 7550/7550
f 7553/7553 7568/7568 7569/7569
f 7569/7569 7554/7554 7553/7553
f 7554/7554 7569/7569 7570/7570
f 7570/7570 7557/7557 7554/7554
f 7559/7559 7557/7557 7570/7570
f 7570/7570 2690/2690 7559/7559
f 7571/7571 7572/7572 7573/7573
f 7572/7572 7571/7571 7574/7574
f 7574/7574 7575/7575 7572/7572
f 7575/7575 7574/7574 7576/7576
f 7576/7576 7577/7577 7575/7575
f 7577/7577 7576/7576 7578/7578
f 7578/7578 7579/7579 7577/7577
f 7579/7579 7578/7578 7580/7580
f 7580/7580 7581/7581 7579/7579
f 7581/7581 7580/7580 7582/7582
f 7582/7582 7583/7583 7581/7581
f 7584/7584 7547/7547 7548/7548
f 7547/7547 7584/7584 2529/2529
f 2529/2529 7545/7545 7547/7547
f 7545/7545 2529/2529 2528/2528
f 2528/2528 7542/7542 7545/7545
f 7558/7558 7585/7585 7586/7586
f 7586/7586 7556/7556 7558/7558
f 7556/7556 7586/7586 7587/7587
f 7587/7587 7555/7555 7556/7556
f 7555/7555 7587/7587 7588/7588
f 7588/7588 7552/7552 7555/7555
f 7552/7552 7588/7588 7589/7589
f 7589/7589 7551/7551 7552/7552
f 7551/7551 7589/7589 7590/7590
f 7590/7590 7548/7548 7551/7551
f 7548/7548 7590/7590 7584/7584
f 2530/2530 7584/7584 7590/7590
f 2529/2529 7584/7584 2530/2530
f 7578/7578 7587/7587 7586/7586
f 7587/7587 7578/7578 7576/7576
f 7576/7576 7588/7588 7587/7587
f 7588/7588 7576/7576 7574/7574
f 7574/7574 7589/7589 7588/7588
f 7590/7590 7589/7589 7574/7574
f 7574/7574 7571/7571 7590/7590
f 7590/7590 7571/7571 2530/2530
f 7573/7573 2530/2530 7571/7571
f 2530/2530 7573/7573 7591/7591
f 7591/7591 2526/2526 2530/2530
f 2527/2527 2526/2526 7591/7591
f 7591/7591 7562/7562 2527/2527
f 7585/7585 7582/7582 7580/7580
f 7580/7580 7586/7586 7585/7585
f 7586/7586 7580/7580 7578/7578
f 7538/7538 7539/7539 7592/7592
f 7592/7592 7539/7539 2693/2693
f 2693/2693 2692/2692 7592/7592
f 7593/7593 7592/7592 2692/2692
f 2692/2692 2691/2691 7593/7593
f 2691/2691 2690/2690 7570/7570
f 7570/7570 7593/7593 2691/2691
f 7593/7593 7570/7570 7569/7569
f 7569/7569 7594/7594 7593/7593
f 7592/7592 7593/7593 7594/7594
f 7594/7594 7595/7595 7592/7592
f 7592/7592 7595/7595 7538/7538
f 7538/7538 7595/7595 7596/7596
f 7596/7596 7535/7535 7538/7538
f 7535/7535 7596/7596 7597/7597
f 7598/7598 7566/7566 7565/7565
f 7567/7567 7566/7566 7598/7598
f 7597/7597 7534/7534 7535/7535
f 7534/7534 7597/7597 7599/7599
f 7599/7599 7531/7531 7534/7534
f 7531/7531 7599/7599 7600/7600
f 7600/7600 7530/7530 7531/7531
f 7530/7530 7600/7600 7601/7601
f 7601/7601 7528/7528 7530/7530
f 7528/7528 7601/7601 7602/7602
f 7602/7602 7525/7525 7528/7528
f 7525/7525 7602/7602 7603/7603
f 7603/7603 7526/7526 7525/7525
f 7604/7604 7526/7526 7603/7603
f 7603/7603 7563/7563 7604/7604
f 7564/7564 7563/7563 7603/7603
f 7603/7603 7605/7605 7564/7564
f 7565/7565 7564/7564 7605/7605
f 7605/7605 7606/7606 7565/7565
f 7565/7565 7606/7606 7598/7598
f 7605/7605 7603/7603 7602/7602
f 7602/7602 7601/7601 7605/7605
f 7606/7606 7605/7605 7601/7601
f 7601/7601 7600/7600 7606/7606
f 7606/7606 7600/7600 7599/7599
f 7599/7599 7598/7598 7606/7606
f 7607/7607 7598/7598 7599/7599
f 7598/7598 7607/7607 7567/7567
f 7567/7567 7607/7607 7608/7608
f 7608/7608 7568/7568 7567/7567
f 7569/7569 7568/7568 7608/7608
f 7608/7608 7594/7594 7569/7569
f 7594/7594 7608/7608 7596/7596
f 7596/7596 7595/7595 7594/7594
f 7596/7596 7608/7608 7607/7607
f 7607/7607 7597/7597 7596/7596
f 7599/7599 7597/7597 7607/7607
f 7609/7609 7610/7610 7561/7561
f 7609/7609 7561/7561 7560/7560
f 2757/2757 2756/2756 7611/7611
f 7611/7611 7612/7612 2757/2757
f 1172/1172 1194/1194 1203/1203
f 1172/1172 1203/1203 1187/1187
f 1173/1173 1172/1172 1187/1187
f 1203/1203 1188/1188 1187/1187
f 6591/6591 6594/6594 6593/6593
f 6591/6591 6593/6593 6588/6588
f 6587/6587 6591/6591 6588/6588
f 6593/6593 6589/6589 6588/6588
f 5731/5731 5730/5730 6821/6821
f 5731/5731 6821/6821 5722/5722
f 5731/5731 5722/5722 6801/6801
f 5722/5722 6819/6819 6801/6801
f 6819/6819 6802/6802 6801/6801
f 6819/6819 6813/6813 6802/6802
f 6813/6813 6809/6809 6802/6802
f 6819/6819 6823/6823 6813/6813
f 6846/6846 6845/6845 6851/6851
f 6846/6846 6851/6851 6842/6842
f 6841/6841 6846/6846 6842/6842
f 6851/6851 6853/6853 6842/6842
f 6850/6850 6852/6852 6848/6848
f 6850/6850 6848/6848 6844/6844
f 6843/6843 6850/6850 6844/6844
f 6848/6848 6847/6847 6844/6844
f 6907/6907 6921/6921 6925/6925
f 6922/6922 6904/6904 6907/6907
f 6922/6922 6907/6907 6900/6900
f 6907/6907 6925/6925 6900/6900
f 6925/6925 6916/6916 6900/6900
f 6903/6903 6922/6922 6900/6900
f 7128/7128 7134/7134 7135/7135
f 7131/7131 7125/7125 7128/7128
f 7131/7131 7128/7128 7121/7121
f 7128/7128 7135/7135 7121/7121
f 7135/7135 7129/7129 7121/7121
f 7124/7124 7131/7131 7121/7121
f 7133/7133 7127/7127 7126/7126
f 7130/7130 7136/7136 7133/7133
f 7130/7130 7133/7133 7138/7138
f 7133/7133 7126/7126 7138/7138
f 7126/7126 7132/7132 7138/7138
f 7122/7122 7130/7130 7138/7138
f 7272/7272 7269/7269 7263/7263
f 7247/7247 7246/7246 7272/7272
f 7247/7247 7272/7272 7243/7243
f 7272/7272 7263/7263 7243/7243
f 7263/7263 7253/7253 7243/7243
f 7242/7242 7247/7247 7243/7243
f 7274/7274 7265/7265 7255/7255
f 7260/7260 7268/7268 7274/7274
f 7260/7260 7274/7274 7278/7278
f 7274/7274 7255/7255 7278/7278
f 7255/7255 7258/7258 7278/7278
f 7252/7252 7260/7260 7278/7278
f 7612/7612 7611/7611 7613/7613
f 7613/7613 7614/7614 7612/7612
f 7614/7614 7613/7613 7615/7615
f 7616/7616 7617/7617 7618/7618
f 7619/7619 7618/7618 7617/7617
f 7617/7617 7620/7620 7619/7619
f 7621/7621 7619/7619 7620/7620
f 7620/7620 7622/7622 7621/7621
f 2802/2802 7621/7621 7622/7622
f 7622/7622 7623/7623 2802/2802
f 2798/2798 2802/2802 7623/7623
f 7623/7623 7624/7624 2798/2798
f 2799/2799 2798/2798 7624/7624
f 7624/7624 7625/7625 2799/2799
f 2761/2761 2760/2760 7626/7626
f 7614/7614 7626/7626 2760/2760
f 2760/2760 2758/2758 7614/7614
f 7612/7612 7614/7614 2758/2758
f 2758/2758 2757/2757 7612/7612
f 2801/2801 2800/2800 2771/2771
f 2771/2771 2769/2769 2801/2801
f 7627/7627 2801/2801 2769/2769
f 2769/2769 2768/2768 7627/7627
f 7628/7628 7627/7627 2768/2768
f 2768/2768 2765/2765 7628/7628
f 7629/7629 7628/7628 2765/2765
f 2765/2765 2764/2764 7629/7629
f 7630/7630 7629/7629 2764/2764
f 2764/2764 2761/2761 7630/7630
f 7626/7626 7630/7630 2761/2761
f 7630/7630 7626/7626 7615/7615
f 7615/7615 7626/7626 7614/7614
f 2801/2801 7627/7627 2802/2802
f 7621/7621 2802/2802 7627/7627
f 7627/7627 7628/7628 7621/7621
f 7619/7619 7621/7621 7628/7628
f 7628/7628 7629/7629 7619/7619
f 7619/7619 7629/7629 7630/7630
f 7630/7630 7618/7618 7619/7619
f 7615/7615 7618/7618 7630/7630
f 7618/7618 7615/7615 7616/7616
f 7631/7631 7616/7616 7615/7615
f 7615/7615 7613/7613 7631/7631
f 7631/7631 7613/7613 7611/7611
f 7611/7611 7632/7632 7631/7631
f 7632/7632 7611/7611 2756/2756
f 2756/2756 7633/7633 7632/7632
f 7634/7634 7633/7633 2756/2756
f 2756/2756 2755/2755 7634/7634
f 7635/7635 7634/7634 2755/2755
f 2755/2755 2759/2759 7635/7635
f 7636/7636 7635/7635 2759/2759
f 2759/2759 2762/2762 7636/7636
f 7637/7637 7636/7636 2762/2762
f 2762/2762 2763/2763 7637/7637
f 7638/7638 7637/7637 2763/2763
f 2763/2763 2766/2766 7638/7638
f 7639/7639 7638/7638 2766/2766
f 2766/2766 2767/2767 7639/7639
f 7640/7640 7639/7639 2767/2767
f 2767/2767 2770/2770 7640/7640
f 7640/7640 2770/2770 2772/2772
f 2772/2772 7641/7641 7640/7640
f 7642/7642 7643/7643 7641/7641
f 7642/7642 7641/7641 7644/7644
f 7645/7645 2710/2710 2709/2709
f 2712/2712 2710/2710 7645/7645
f 7645/7645 7646/7646 2712/2712
f 7646/7646 7645/7645 7647/7647
f 7647/7647 7648/7648 7646/7646
f 7640/7640 7641/7641 7648/7648
f 7648/7648 7647/7647 7640/7640
f 7639/7639 7640/7640 7647/7647
f 7647/7647 7649/7649 7639/7639
f 7649/7649 7647/7647 7645/7645
f 7645/7645 7650/7650 7649/7649
f 2709/2709 7650/7650 7645/7645
f 7651/7651 7650/7650 2709/2709
f 2709/2709 2706/2706 7651/7651
f 7652/7652 7651/7651 2706/2706
f 2706/2706 2705/2705 7652/7652
f 7653/7653 7652/7652 2705/2705
f 2705/2705 2702/2702 7653/7653
f 7654/7654 7653/7653 2702/2702
f 2702/2702 2701/2701 7654/7654
f 7655/7655 7654/7654 2701/2701
f 2701/2701 2699/2699 7655/7655
f 7656/7656 7655/7655 2699/2699
f 2699/2699 2697/2697 7656/7656
f 7657/7657 7656/7656 2697/2697
f 2697/2697 2696/2696 7657/7657
f 7657/7657 2696/2696 7658/7658
f 7658/7658 7633/7633 7657/7657
f 7657/7657 7633/7633 7634/7634
f 7634/7634 7659/7659 7657/7657
f 7659/7659 7634/7634 7635/7635
f 7635/7635 7660/7660 7659/7659
f 7661/7661 7660/7660 7635/7635
f 7662/7662 7663/7663 7651/7651
f 7651/7651 7652/7652 7662/7662
f 7662/7662 7652/7652 7653/7653
f 7656/7656 7657/7657 7659/7659
f 7659/7659 7655/7655 7656/7656
f 7655/7655 7659/7659 7660/7660
f 7660/7660 7654/7654 7655/7655
f 7653/7653 7654/7654 7660/7660
f 7660/7660 7661/7661 7653/7653
f 7653/7653 7661/7661 7662/7662
f 7637/7637 7662/7662 7661/7661
f 7663/7663 7662/7662 7637/7637
f 7637/7637 7638/7638 7663/7663
f 7663/7663 7638/7638 7639/7639
f 7639/7639 7649/7649 7663/7663
f 7651/7651 7663/7663 7649/7649
f 7649/7649 7650/7650 7651/7651
f 7635/7635 7636/7636 7661/7661
f 7661/7661 7636/7636 7637/7637
f 7646/7646 7648/7648 7641/7641
f 2712/2712 7646/7646 7641/7641
f 7643/7643 2712/2712 7641/7641
f 7664/7664 7642/7642 7644/7644
f 7664/7664 7644/7644 7665/7665
f 1774/1774 1777/1777 7666/7666
f 7666/7666 7667/7667 1774/1774
f 7667/7667 7666/7666 7668/7668
f 7668/7668 7669/7669 7667/7667
f 7670/7670 7669/7669 7668/7668
f 7668/7668 7671/7671 7670/7670
f 7672/7672 7670/7670 7671/7671
f 7671/7671 7673/7673 7672/7672
f 7674/7674 7672/7672 7673/7673
f 7673/7673 7675/7675 7674/7674
f 7676/7676 7674/7674 7675/7675
f 7675/7675 7677/7677 7676/7676
f 7678/7678 7676/7676 7677/7677
f 7677/7677 7679/7679 7678/7678
f 7680/7680 7678/7678 7679/7679
f 7679/7679 7681/7681 7680/7680
f 7682/7682 7680/7680 7681/7681
f 7681/7681 7683/7683 7682/7682
f 7666/7666 7684/7684 7685/7685
f 7685/7685 7668/7668 7666/7666
f 7671/7671 7668/7668 7685/7685
f 7685/7685 7686/7686 7671/7671
f 7673/7673 7671/7671 7686/7686
f 7686/7686 7687/7687 7673/7673
f 7675/7675 7673/7673 7687/7687
f 7687/7687 7688/7688 7675/7675
f 7677/7677 7675/7675 7688/7688
f 7689/7689 7690/7690 7683/7683
f 7683/7683 7681/7681 7689/7689
f 7691/7691 7689/7689 7681/7681
f 7681/7681 7679/7679 7691/7691
f 7692/7692 7691/7691 7679/7679
f 7679/7679 7677/7677 7692/7692
f 7688/7688 7692/7692 7677/7677
f 7692/7692 7688/7688 1782/1782
f 1782/1782 7688/7688 7687/7687
f 7687/7687 1781/1781 1782/1782
f 1780/1780 1781/1781 7687/7687
f 7687/7687 7686/7686 1780/1780
f 1779/1779 1780/1780 7686/7686
f 7686/7686 7685/7685 1779/1779
f 1778/1778 1779/1779 7685/7685
f 7685/7685 7684/7684 1778/1778
f 1777/1777 1778/1778 7684/7684
f 7684/7684 7666/7666 1777/1777
f 1782/1782 1783/1783 7692/7692
f 7691/7691 7692/7692 1783/1783
f 1783/1783 1784/1784 7691/7691
f 7691/7691 1784/1784 1785/1785
f 1785/1785 7689/7689 7691/7691
f 7690/7690 7689/7689 1785/1785
f 1785/1785 1786/1786 7690/7690
f 1786/1786 1787/1787 7693/7693
f 7693/7693 7690/7690 1786/1786
f 7690/7690 7693/7693 7694/7694
f 7694/7694 7683/7683 7690/7690
f 7695/7695 7682/7682 7683/7683
f 7683/7683 7694/7694 7695/7695
f 7696/7696 7695/7695 7694/7694
f 7694/7694 7697/7697 7696/7696
f 7697/7697 7694/7694 7693/7693
f 7693/7693 7698/7698 7697/7697
f 7698/7698 7693/7693 1787/1787
f 1787/1787 1788/1788 7698/7698
f 7699/7699 7698/7698 1788/1788
f 1788/1788 1789/1789 7699/7699
f 7700/7700 7699/7699 1789/1789
f 1789/1789 1790/1790 7700/7700
f 7701/7701 7700/7700 1790/1790
f 1790/1790 1791/1791 7701/7701
f 7702/7702 7701/7701 1791/1791
f 1791/1791 1792/1792 7702/7702
f 7703/7703 7702/7702 1792/1792
f 1792/1792 1794/1794 7703/7703
f 7697/7697 7698/7698 7699/7699
f 7699/7699 7704/7704 7697/7697
f 7705/7705 7704/7704 7699/7699
f 7699/7699 7700/7700 7705/7705
f 7706/7706 7705/7705 7700/7700
f 7700/7700 7701/7701 7706/7706
f 7707/7707 7706/7706 7701/7701
f 7701/7701 7702/7702 7707/7707
f 7707/7707 7702/7702 7703/7703
f 7703/7703 7708/7708 7707/7707
f 7706/7706 7707/7707 7708/7708
f 7708/7708 7709/7709 7706/7706
f 7705/7705 7706/7706 7709/7709
f 7709/7709 7710/7710 7705/7705
f 7704/7704 7705/7705 7710/7710
f 7710/7710 7711/7711 7704/7704
f 7697/7697 7704/7704 7711/7711
f 7711/7711 7696/7696 7697/7697
f 7712/7712 7713/7713 7714/7714
f 7712/7712 7714/7714 7715/7715
f 7716/7716 7712/7712 7715/7715
f 7716/7716 7715/7715 7717/7717
f 7718/7718 7716/7716 7717/7717
f 7718/7718 7717/7717 7719/7719
f 7720/7720 7718/7718 7719/7719
f 7720/7720 7719/7719 7721/7721
f 7722/7722 7720/7720 7721/7721
f 7722/7722 7721/7721 7723/7723
f 7724/7724 7722/7722 7723/7723
f 7724/7724 7723/7723 7725/7725
f 7726/7726 7724/7724 7725/7725
f 7726/7726 7725/7725 7727/7727
f 7728/7728 7726/7726 7727/7727
f 7728/7728 7727/7727 7729/7729
f 7730/7730 7728/7728 7729/7729
f 7730/7730 7729/7729 7731/7731
f 7732/7732 7733/7733 7734/7734
f 7732/7732 7734/7734 7735/7735
f 7736/7736 7732/7732 7735/7735
f 7736/7736 7735/7735 7737/7737
f 7713/7713 7736/7736 7737/7737
f 7713/7713 7737/7737 7714/7714
f 7738/7738 7739/7739 7740/7740
f 7738/7738 7740/7740 7741/7741
f 7742/7742 7738/7738 7741/7741
f 7742/7742 7741/7741 7743/7743
f 7744/7744 7742/7742 7743/7743
f 7744/7744 7743/7743 7745/7745
f 7746/7746 7744/7744 7745/7745
f 7746/7746 7745/7745 7747/7747
f 7748/7748 7746/7746 7747/7747
f 7748/7748 7747/7747 7749/7749
f 7750/7750 7748/7748 7749/7749
f 7750/7750 7749/7749 7751/7751
f 7752/7752 7750/7750 7751/7751
f 7752/7752 7751/7751 7753/7753
f 7754/7754 7752/7752 7753/7753
f 7754/7754 7753/7753 7755/7755
f 7756/7756 7754/7754 7755/7755
f 7756/7756 7755/7755 7757/7757
f 7758/7758 7756/7756 7757/7757
f 7758/7758 7757/7757 7759/7759
f 7760/7760 7758/7758 7759/7759
f 7760/7760 7759/7759 7761/7761
f 7739/7739 7760/7760 7761/7761
f 7739/7739 7761/7761 7740/7740
f 7762/7762 7763/7763 7764/7764
f 7762/7762 7764/7764 7765/7765
f 7766/7766 7762/7762 7765/7765
f 7766/7766 7765/7765 7767/7767
f 7768/7768 7766/7766 7767/7767
f 7768/7768 7767/7767 7769/7769
f 7770/7770 7768/7768 7769/7769
f 7770/7770 7769/7769 7771/7771
f 7772/7772 7770/7770 7771/7771
f 7772/7772 7771/7771 7773/7773
f 7774/7774 7772/7772 7773/7773
f 7774/7774 7773/7773 7775/7775
f 7776/7776 7774/7774 7775/7775
f 7776/7776 7775/7775 7777/7777
f 7778/7778 7776/7776 7777/7777
f 7778/7778 7777/7777 7779/7779
f 7780/7780 7778/7778 7779/7779
f 7780/7780 7781/7781 7778/7778
f 7782/7782 7783/7783 7784/7784
f 7782/7782 7784/7784 7785/7785
f 7786/7786 7785/7785 7784/7784
f 7786/7786 7784/7784 7787/7787
f 7763/7763 7786/7786 7787/7787
f 7763/7763 7787/7787 7764/7764
f 7788/7788 7789/7789 7790/7790
f 7788/7788 7790/7790 7791/7791
f 3716/3716 3715/3715 3718/3718
f 3716/3716 3718/3718 3721/3721
f 7734/7734 7792/7792 7793/7793
f 7794/7794 7714/7714 7737/7737
f 7794/7794 7737/7737 7735/7735
f 7794/7794 7735/7735 7795/7795
f 7734/7734 7795/7795 7735/7735
f 7734/7734 7796/7796 7795/7795
f 7734/7734 7793/7793 7796/7796
f 7793/7793 7797/7797 7796/7796
f 7793/7793 7798/7798 7797/7797
f 7799/7799 7797/7797 7798/7798
f 7799/7799 7794/7794 7797/7797
f 7794/7794 7799/7799 7714/7714
f 7714/7714 7799/7799 7800/7800
f 7801/7801 7802/7802 7803/7803
f 7801/7801 7803/7803 7804/7804
f 7801/7801 7805/7805 7806/7806
f 7801/7801 7806/7806 7807/7807
f 7808/7808 7807/7807 7806/7806
f 7808/7808 7800/7800 7807/7807
f 7714/7714 7800/7800 7808/7808
f 7714/7714 7808/7808 7809/7809
f 7714/7714 7809/7809 7715/7715
f 7809/7809 7717/7717 7715/7715
f 7809/7809 7805/7805 7717/7717
f 7801/7801 7717/7717 7805/7805
f 7801/7801 7719/7719 7717/7717
f 7801/7801 7721/7721 7719/7719
f 7801/7801 7804/7804 7721/7721
f 7723/7723 7721/7721 7804/7804
f 7723/7723 7804/7804 7810/7810
f 7811/7811 7723/7723 7810/7810
f 7811/7811 7810/7810 7812/7812
f 7811/7811 7812/7812 7813/7813
f 7802/7802 7813/7813 7812/7812
f 7802/7802 7812/7812 7803/7803
f 7729/7729 7814/7814 7815/7815
f 7729/7729 7727/7727 7814/7814
f 7725/7725 7814/7814 7727/7727
f 7725/7725 7816/7816 7814/7814
f 7725/7725 7817/7817 7816/7816
f 7817/7817 7818/7818 7816/7816
f 7817/7817 7819/7819 7818/7818
f 7820/7820 7818/7818 7819/7819
f 7820/7820 7815/7815 7818/7818
f 7820/7820 7729/7729 7815/7815
f 7729/7729 7820/7820 7731/7731
f 7723/7723 7811/7811 7725/7725
f 7725/7725 7811/7811 7817/7817
f 7789/7789 7788/7788 7821/7821
f 7789/7789 7821/7821 7822/7822
f 7823/7823 7824/7824 7825/7825
f 7823/7823 7825/7825 7826/7826
f 3740/3740 3739/3739 3734/3734
f 3740/3740 3734/3734 3737/3737
f 7827/7827 7828/7828 7823/7823
f 7827/7827 7823/7823 7826/7826
f 7827/7827 7829/7829 7830/7830
f 7827/7827 7830/7830 7828/7828
f 3720/3720 3719/3719 7831/7831
f 3720/3720 7831/7831 7832/7832
f 7833/7833 7834/7834 7791/7791
f 7833/7833 7791/7791 7790/7790
f 7833/7833 7835/7835 7836/7836
f 7833/7833 7836/7836 7834/7834
f 7825/7825 7824/7824 7837/7837
f 7825/7825 7837/7837 7838/7838
f 3736/3736 3735/3735 7839/7839
f 3736/3736 7839/7839 7840/7840
f 7841/7841 7842/7842 7843/7843
f 7841/7841 7843/7843 7844/7844
f 7841/7841 7844/7844 7845/7845
f 7841/7841 7845/7845 7846/7846
f 7841/7841 7846/7846 7847/7847
f 7841/7841 7847/7847 7848/7848
f 7841/7841 7848/7848 7849/7849
f 7841/7841 7849/7849 7850/7850
f 7841/7841 7850/7850 7851/7851
f 7841/7841 7851/7851 7852/7852
f 7841/7841 7852/7852 7853/7853
f 7841/7841 7853/7853 7854/7854
f 7841/7841 7854/7854 7855/7855
f 7841/7841 7855/7855 7856/7856
f 7857/7857 7858/7858 7859/7859
f 7857/7857 7859/7859 7860/7860
f 7857/7857 7860/7860 7861/7861
f 7857/7857 7861/7861 7862/7862
f 7857/7857 7862/7862 7863/7863
f 7857/7857 7863/7863 7864/7864
f 7865/7865 7866/7866 7867/7867
f 7865/7865 7867/7867 7868/7868
f 7865/7865 7868/7868 7869/7869
f 2651/2651 2650/2650 163/163
f 162/162 2651/2651 163/163
f 7850/7850 3696/3696 3695/3695
f 7849/7849 3696/3696 7850/7850
f 7849/7849 3698/3698 3696/3696
f 7848/7848 3698/3698 7849/7849
f 7848/7848 3699/3699 3698/3698
f 7847/7847 3699/3699 7848/7848
f 7847/7847 3701/3701 3699/3699
f 7846/7846 3701/3701 7847/7847
f 7846/7846 3702/3702 3701/3701
f 7845/7845 3702/3702 7846/7846
f 7845/7845 3704/3704 3702/3702
f 7844/7844 3704/3704 7845/7845
f 7844/7844 3705/3705 3704/3704
f 7843/7843 3705/3705 7844/7844
f 7843/7843 3706/3706 3705/3705
f 7842/7842 3706/3706 7843/7843
f 7842/7842 3707/3707 3706/3706
f 7841/7841 3707/3707 7842/7842
f 7841/7841 3708/3708 3707/3707
f 7856/7856 3708/3708 7841/7841
f 7856/7856 3689/3689 3708/3708
f 7855/7855 3689/3689 7856/7856
f 7855/7855 3690/3690 3689/3689
f 7854/7854 3690/3690 7855/7855
f 7854/7854 3691/3691 3690/3690
f 7853/7853 3691/3691 7854/7854
f 7853/7853 3692/3692 3691/3691
f 7852/7852 3692/3692 7853/7853
f 7852/7852 3694/3694 3692/3692
f 7851/7851 3694/3694 7852/7852
f 7851/7851 3695/3695 3694/3694
f 7850/7850 3695/3695 7851/7851
f 7870/7870 7871/7871 7872/7872
f 7870/7870 7872/7872 7873/7873
f 7874/7874 7875/7875 7876/7876
f 7874/7874 7876/7876 7877/7877
f 7866/7866 7876/7876 7875/7875
f 7866/7866 7875/7875 7867/7867
f 7873/7873 7878/7878 7879/7879
f 7873/7873 7879/7879 7870/7870
f 7878/7878 7880/7880 7881/7881
f 7878/7878 7881/7881 7879/7879
f 7882/7882 7874/7874 7877/7877
f 7882/7882 7877/7877 7883/7883
f 7880/7880 7865/7865 7869/7869
f 7880/7880 7869/7869 7881/7881
f 7884/7884 7885/7885 7886/7886
f 7884/7884 7886/7886 7887/7887
f 7884/7884 7887/7887 7888/7888
f 7889/7889 7890/7890 7891/7891
f 7889/7889 7891/7891 7885/7885
f 7892/7892 3700/3700 3703/3703
f 7892/7892 3703/3703 7893/7893
f 7894/7894 7895/7895 7896/7896
f 7894/7894 7896/7896 7897/7897
f 7894/7894 7897/7897 7889/7889
f 7888/7888 7898/7898 7899/7899
f 7888/7888 7899/7899 7895/7895
f 3666/3666 7900/7900 7901/7901
f 3666/3666 7901/7901 7902/7902
f 3666/3666 7902/7902 3667/3667
f 7884/7884 7888/7888 7895/7895
f 7884/7884 7895/7895 7894/7894
f 7903/7903 7904/7904 7905/7905
f 7903/7903 7905/7905 7900/7900
f 7906/7906 3693/3693 3697/3697
f 7906/7906 3697/3697 7907/7907
f 3669/3669 3668/3668 7908/7908
f 3669/3669 7908/7908 7909/7909
f 3669/3669 7909/7909 7903/7903
f 3667/3667 7910/7910 7911/7911
f 3667/3667 7911/7911 3668/3668
f 3679/3679 3678/3678 7912/7912
f 3679/3679 7912/7912 7913/7913
f 3679/3679 7913/7913 3663/3663
f 2376/2376 7914/7914 7915/7915
f 2376/2376 7915/7915 3678/3678
f 7916/7916 7917/7917 7918/7918
f 7916/7916 7918/7918 7919/7919
f 7920/7920 7921/7921 7922/7922
f 7920/7920 7922/7922 7923/7923
f 1413/1413 7924/7924 7925/7925
f 7926/7926 7927/7927 7928/7928
f 7926/7926 7929/7929 7927/7927
f 7924/7924 7927/7927 7929/7929
f 7924/7924 7930/7930 7927/7927
f 1413/1413 7930/7930 7924/7924
f 1413/1413 7931/7931 7930/7930
f 1413/1413 1411/1411 7931/7931
f 7928/7928 7931/7931 1411/1411
f 7928/7928 1411/1411 1409/1409
f 7928/7928 1409/1409 1407/1407
f 7928/7928 1407/1407 7926/7926
f 1407/1407 7932/7932 7926/7926
f 7933/7933 7934/7934 7935/7935
f 7933/7933 7935/7935 7936/7936
f 7933/7933 7937/7937 7938/7938
f 7933/7933 7939/7939 7937/7937
f 7940/7940 7937/7937 7939/7939
f 7940/7940 7939/7939 7932/7932
f 1407/1407 7940/7940 7932/7932
f 1407/1407 7941/7941 7940/7940
f 1407/1407 1405/1405 7941/7941
f 7941/7941 1405/1405 1403/1403
f 7941/7941 1403/1403 7938/7938
f 7933/7933 7938/7938 1403/1403
f 7933/7933 1403/1403 1401/1401
f 7933/7933 1401/1401 1399/1399
f 7933/7933 1399/1399 7934/7934
f 1397/1397 7934/7934 1399/1399
f 1397/1397 7942/7942 7934/7934
f 7943/7943 7942/7942 1397/1397
f 7943/7943 7944/7944 7942/7942
f 7943/7943 7945/7945 7944/7944
f 7936/7936 7944/7944 7945/7945
f 7936/7936 7935/7935 7944/7944
f 1395/1395 7946/7946 7943/7943
f 1397/1397 1395/1395 7943/7943
f 7947/7947 7948/7948 7949/7949
f 7947/7947 7950/7950 7948/7948
f 7946/7946 7948/7948 7950/7950
f 7946/7946 7951/7951 7948/7948
f 1395/1395 7951/7951 7946/7946
f 1395/1395 7952/7952 7951/7951
f 1395/1395 1393/1393 7952/7952
f 1391/1391 7952/7952 1393/1393
f 1391/1391 7949/7949 7952/7952
f 7947/7947 7949/7949 1391/1391
f 1391/1391 1390/1390 7947/7947
f 7919/7919 7953/7953 7954/7954
f 7919/7919 7954/7954 7916/7916
f 7955/7955 7956/7956 7957/7957
f 7955/7955 7957/7957 7958/7958
f 7959/7959 7960/7960 7961/7961
f 7959/7959 7961/7961 7962/7962
f 7963/7963 7956/7956 7955/7955
f 7963/7963 7955/7955 7964/7964
f 7963/7963 7964/7964 7965/7965
f 7963/7963 7965/7965 7966/7966
f 7967/7967 7968/7968 7969/7969
f 7967/7967 7969/7969 7970/7970
f 7971/7971 7918/7918 7917/7917
f 7971/7971 7917/7917 7972/7972
f 7971/7971 7972/7972 7973/7973
f 7971/7971 7973/7973 7974/7974
f 7957/7957 7975/7975 7976/7976
f 7957/7957 7976/7976 7958/7958
f 7977/7977 7978/7978 7979/7979
f 7977/7977 7979/7979 7980/7980
f 7981/7981 7982/7982 7920/7920
f 7981/7981 7920/7920 7923/7923
f 7922/7922 7921/7921 7967/7967
f 7922/7922 7967/7967 7970/7970
f 7961/7961 7960/7960 7977/7977
f 7961/7961 7977/7977 7980/7980
f 7983/7983 7984/7984 7959/7959
f 7983/7983 7959/7959 7962/7962
f 7985/7985 7986/7986 7987/7987
f 7985/7985 7987/7987 7988/7988
f 7989/7989 7985/7985 7988/7988
f 7989/7989 7988/7988 7990/7990
f 7991/7991 7989/7989 7990/7990
f 7991/7991 7990/7990 7992/7992
f 7993/7993 7991/7991 7992/7992
f 7993/7993 7992/7992 7994/7994
f 7995/7995 7993/7993 7994/7994
f 7995/7995 7994/7994 7996/7996
f 7997/7997 7995/7995 7996/7996
f 7997/7997 7996/7996 7998/7998
f 7999/7999 7997/7997 7998/7998
f 7999/7999 7998/7998 8000/8000
f 8001/8001 7999/7999 8000/8000
f 8001/8001 8000/8000 8002/8002
f 8003/8003 8001/8001 8002/8002
f 8003/8003 8002/8002 8004/8004
f 8005/8005 8006/8006 8007/8007
f 8005/8005 8007/8007 8008/8008
f 8009/8009 8005/8005 8008/8008
f 8009/8009 8008/8008 8010/8010
f 7986/7986 8009/8009 8010/8010
f 7986/7986 8010/8010 7987/7987
f 8011/8011 8012/8012 8013/8013
f 8011/8011 8013/8013 8014/8014
f 8011/8011 8014/8014 8015/8015
f 8011/8011 8015/8015 8016/8016
f 8011/8011 8016/8016 8017/8017
f 8011/8011 8017/8017 8018/8018
f 8011/8011 8018/8018 8019/8019
f 8011/8011 8019/8019 8020/8020
f 8011/8011 8020/8020 8021/8021
f 8011/8011 8021/8021 8022/8022
f 8023/8023 8024/8024 8025/8025
f 8025/8025 8026/8026 8023/8023
f 8027/8027 8028/8028 8029/8029
f 8029/8029 8030/8030 8027/8027
f 8031/8031 8032/8032 8033/8033
f 8033/8033 8034/8034 8031/8031
f 5085/5085 8035/8035 5221/5221
f 5221/5221 8036/8036 5085/5085
f 4139/4139 4143/4143 4147/4147
f 4147/4147 4136/4136 4139/4139
f 5079/5079 5042/5042 4250/4250
f 4250/4250 4249/4249 5079/5079
f 4251/4251 5043/5043 5080/5080
f 5080/5080 5387/5387 4251/4251
f 4346/4346 4355/4355 4343/4343
f 4343/4343 4331/4331 4346/4346
f 4352/4352 4351/4351 4339/4339
f 4339/4339 4338/4338 4352/4352
f 4350/4350 4349/4349 4354/4354
f 4354/4354 4340/4340 4350/4350
f 857/857 859/859 888/888
f 857/857 888/888 1681/1681
f 8037/8037 8038/8038 2407/2407
f 8037/8037 2407/2407 2406/2406
f 857/857 1681/1681 1682/1682
f 857/857 1682/1682 8037/8037
f 4364/4364 4363/4363 4368/4368
f 4364/4364 4368/4368 4367/4367
f 4375/4375 4364/4364 4367/4367
f 4375/4375 4367/4367 5195/5195
f 4375/4375 5195/5195 5448/5448
f 5195/5195 5197/5197 5448/5448
f 4375/4375 5448/5448 4383/4383
f 4375/4375 4383/4383 4376/4376
f 4521/4521 4520/4520 4514/4514
f 4514/4514 4513/4513 4521/4521
f 4519/4519 4518/4518 4523/4523
f 4523/4523 4515/4515 4519/4519
f 4532/4532 4531/4531 4525/4525
f 4525/4525 4524/4524 4532/4532
f 4530/4530 4529/4529 4534/4534
f 4534/4534 4526/4526 4530/4530
f 103/103 2424/2424 2423/2423
f 103/103 2423/2423 2426/2426
f 103/103 2426/2426 2425/2425
f 101/101 103/103 2425/2425
f 101/101 2425/2425 2422/2422
f 4729/4729 487/487 2448/2448
f 2448/2448 2451/2451 4729/4729
f 2462/2462 2464/2464 2453/2453
f 2453/2453 2452/2452 2462/2462
f 8039/8039 8040/8040 8041/8041
f 8042/8042 8039/8039 8041/8041
f 8042/8042 8041/8041 4683/4683
f 8043/8043 8042/8042 4683/4683
f 8043/8043 4683/4683 4682/4682
f 8044/8044 8043/8043 4682/4682
f 8044/8044 4682/4682 778/778
f 8045/8045 8044/8044 778/778
f 8045/8045 778/778 8046/8046
f 8047/8047 8045/8045 8046/8046
f 8047/8047 8046/8046 8048/8048
f 8049/8049 8047/8047 8048/8048
f 8049/8049 8048/8048 8050/8050
f 8051/8051 8049/8049 8050/8050
f 8051/8051 8050/8050 8040/8040
f 8039/8039 8051/8051 8040/8040
f 8052/8052 771/771 8053/8053
f 8052/8052 772/772 771/771
f 8054/8054 772/772 8052/8052
f 8054/8054 774/774 772/772
f 774/774 8054/8054 8055/8055
f 774/774 8055/8055 776/776
f 776/776 8055/8055 8046/8046
f 776/776 8046/8046 778/778
f 4598/4598 4639/4639 4599/4599
f 771/771 769/769 766/766
f 4639/4639 4636/4636 771/771
f 4639/4639 771/771 766/766
f 4639/4639 766/766 4599/4599
f 766/766 4622/4622 4599/4599
f 2730/2730 7283/7283 7282/7282
f 2730/2730 7282/7282 2726/2726
f 2727/2727 2730/2730 2726/2726
f 7282/7282 7281/7281 2726/2726
f 165/165 2366/2366 7509/7509
f 165/165 7509/7509 7523/7523
f 165/165 7523/7523 166/166
f 7523/7523 7521/7521 166/166
f 7521/7521 7520/7520 166/166
f 7523/7523 7522/7522 7521/7521
f 4692/4692 4701/4701 756/756
f 4692/4692 756/756 726/726
f 4692/4692 726/726 4698/4698
f 4692/4692 4698/4698 4700/4700
f 756/756 4695/4695 726/726
f 756/756 755/755 4695/4695
f 4818/4818 4820/4820 675/675
f 675/675 4800/4800 4818/4818
f 4874/4874 4876/4876 657/657
f 657/657 4856/4856 4874/4874
f 4924/4924 4908/4908 4922/4922
f 4922/4922 4898/4898 4924/4924
f 78/78 121/121 123/123
f 78/78 123/123 79/79
f 89/89 5023/5023 5024/5024
f 89/89 5024/5024 128/128
f 94/94 5025/5025 130/130
f 94/94 130/130 132/132
f 5272/5272 5277/5277 5309/5309
f 5302/5302 5300/5300 5299/5299
f 5308/5308 5306/5306 5309/5309
f 5306/5306 5304/5304 5302/5302
f 5306/5306 5302/5302 5309/5309
f 5302/5302 5299/5299 5309/5309
f 5299/5299 5272/5272 5309/5309
f 5299/5299 5270/5270 5272/5272
f 5104/5104 5106/5106 5405/5405
f 5405/5405 5101/5101 5104/5104
f 5111/5111 5394/5394 5397/5397
f 5397/5397 5108/5108 5111/5111
f 5122/5122 5403/5403 5399/5399
f 5399/5399 5123/5123 5122/5122
f 5402/5402 5401/5401 5125/5125
f 5125/5125 5124/5124 5402/5402
f 8056/8056 8057/8057 8058/8058
f 8056/8056 8058/8058 8059/8059
f 5447/5447 5196/5196 5194/5194
f 5441/5441 8058/8058 5447/5447
f 5441/5441 5447/5447 5194/5194
f 4357/4357 5441/5441 5194/5194
f 4357/4357 5194/5194 4374/4374
f 5454/5454 4357/4357 4374/4374
f 4373/4373 5454/5454 4374/4374
f 5498/5498 5494/5494 5492/5492
f 5492/5492 5491/5491 5498/5498
f 5497/5497 5496/5496 5490/5490
f 5490/5490 5493/5493 5497/5497
f 5508/5508 5504/5504 5502/5502
f 5502/5502 5501/5501 5508/5508
f 5507/5507 5506/5506 5500/5500
f 5500/5500 5503/5503 5507/5507
f 448/448 438/438 419/419
f 419/419 418/418 448/448
f 5612/5612 5610/5610 5607/5607
f 5607/5607 5606/5606 5612/5612
f 5608/5608 5611/5611 5613/5613
f 5613/5613 5615/5615 5608/5608
f 563/563 5648/5648 470/470
f 470/470 5644/5644 563/563
f 5657/5657 5655/5655 5652/5652
f 5652/5652 5651/5651 5657/5657
f 5656/5656 5658/5658 5660/5660
f 5660/5660 5653/5653 5656/5656
f 494/494 481/481 480/480
f 480/480 5661/5661 494/494
f 484/484 499/499 498/498
f 498/498 485/485 484/484
f 505/505 5686/5686 502/502
f 502/502 506/506 505/505
f 5679/5679 5677/5677 5673/5673
f 5673/5673 5672/5672 5679/5679
f 5693/5693 5691/5691 5687/5687
f 5687/5687 5684/5684 5693/5693
f 704/704 5769/5769 510/510
f 510/510 705/705 704/704
f 5702/5702 557/557 5706/5706
f 5706/5706 518/518 5702/5702
f 5754/5754 5755/5755 5761/5761
f 5754/5754 5761/5761 5760/5760
f 6380/6380 6379/6379 6375/6375
f 6375/6375 6374/6374 6380/6380
f 6381/6381 6377/6377 6373/6373
f 6373/6373 6376/6376 6381/6381
f 6390/6390 6389/6389 6385/6385
f 6385/6385 6384/6384 6390/6390
f 6391/6391 6387/6387 6383/6383
f 6383/6383 6386/6386 6391/6391
f 6412/6412 6409/6409 6401/6401
f 6401/6401 6400/6400 6412/6412
f 6439/6439 6438/6438 6434/6434
f 6434/6434 6433/6433 6439/6439
f 6437/6437 6440/6440 6442/6442
f 6442/6442 6435/6435 6437/6437
f 6450/6450 6449/6449 6445/6445
f 6445/6445 6444/6444 6450/6450
f 6448/6448 6451/6451 6453/6453
f 6453/6453 6446/6446 6448/6448
f 6461/6461 6460/6460 6456/6456
f 6456/6456 6455/6455 6461/6461
f 6459/6459 6462/6462 6464/6464
f 6464/6464 6457/6457 6459/6459
f 6470/6470 966/966 6991/6991
f 6470/6470 6991/6991 149/149
f 124/124 151/151 6471/6471
f 124/124 6471/6471 125/125
f 1083/1083 1088/1088 1091/1091
f 1091/1091 1079/1079 1083/1083
f 6559/6559 6557/6557 6554/6554
f 6554/6554 6553/6553 6559/6559
f 6558/6558 6560/6560 6562/6562
f 6562/6562 6555/6555 6558/6558
f 1145/1145 6580/6580 1506/1506
f 1506/1506 6579/6579 1145/1145
f 2567/2567 2573/2573 2571/2571
f 2571/2571 2568/2568 2567/2567
f 2569/2569 2572/2572 2574/2574
f 2574/2574 2576/2576 2569/2569
f 1572/1572 1567/1567 1566/1566
f 1566/1566 1573/1573 1572/1572
f 2583/2583 1562/1562 1569/1569
f 1569/1569 1568/1568 2583/2583
f 2589/2589 2592/2592 2594/2594
f 2594/2594 2587/2587 2589/2589
f 2601/2601 2604/2604 2606/2606
f 2606/2606 2599/2599 2601/2601
f 2616/2616 1541/1541 2612/2612
f 2612/2612 1560/1560 2616/2616
f 63/63 37/37 154/154
f 63/63 154/154 155/155
f 6623/6623 6607/6607 6625/6625
f 6625/6625 6601/6601 6623/6623
f 6793/6793 6796/6796 6661/6661
f 6661/6661 6657/6657 6793/6793
f 6742/6742 1290/1290 1292/1292
f 1292/1292 1275/1275 6742/6742
f 6777/6777 6790/6790 6755/6755
f 6755/6755 6753/6753 6777/6777
f 1492/1492 1485/1485 6897/6897
f 1493/1493 1495/1495 1498/1498
f 1485/1485 1487/1487 1493/1493
f 1485/1485 1493/1493 1498/1498
f 1485/1485 1498/1498 6897/6897
f 1498/1498 1500/1500 6897/6897
f 7058/7058 7060/7060 7065/7065
f 7065/7065 7055/7055 7058/7058
f 2656/2656 2658/2658 161/161
f 2659/2659 2657/2657 2656/2656
f 2659/2659 2656/2656 161/161
f 2659/2659 161/161 160/160
f 1467/1467 2659/2659 160/160
f 1467/1467 160/160 2643/2643
f 2746/2746 2745/2745 175/175
f 174/174 2746/2746 175/175
f 162/162 2647/2647 2652/2652
f 162/162 2652/2652 2651/2651
f 2663/2663 2669/2669 1456/1456
f 1456/1456 2662/2662 2663/2663
f 2674/2674 2680/2680 1452/1452
f 1452/1452 2673/2673 2674/2674
f 2682/2682 7288/7288 2689/2689
f 2689/2689 2688/2688 2682/2682
f 7339/7339 7337/7337 7341/7341
f 7347/7347 7346/7346 7341/7341
f 7337/7337 7335/7335 7333/7333
f 7337/7337 7333/7333 7341/7341
f 7333/7333 7326/7326 7341/7341
f 7326/7326 7347/7347 7341/7341
f 7326/7326 7349/7349 7347/7347
f 7333/7333 7331/7331 7329/7329
f 7333/7333 7329/7329 7326/7326
f 7329/7329 7327/7327 7326/7326
f 7370/7370 1678/1678 7364/7364
f 7364/7364 1667/1667 7370/7370
f 7378/7378 1700/1700 7372/7372
f 7372/7372 1690/1690 7378/7378
f 7382/7382 2103/2103 7380/7380
f 7380/7380 1797/1797 7382/7382
f 7394/7394 2270/2270 7392/7392
f 7392/7392 2128/2128 7394/7394
f 8060/8060 4064/4064 4063/4063
f 8060/8060 4063/4063 8061/8061
f 8061/8061 4063/4063 8062/8062
f 8061/8061 8062/8062 8063/8063
f 8061/8061 8063/8063 8064/8064
f 8060/8060 8061/8061 8065/8065
f 7414/7414 7458/7458 7464/7464
f 7414/7414 7464/7464 7466/7466
f 7414/7414 7466/7466 7468/7468
f 7414/7414 7468/7468 7470/7470
f 7414/7414 7470/7470 8066/8066
f 7452/7452 7454/7454 7455/7455
f 7438/7438 7452/7452 7455/7455
f 7438/7438 7455/7455 7456/7456
f 7438/7438 7456/7456 7457/7457
f 7448/7448 7450/7450 7452/7452
f 7438/7438 7417/7417 7477/7477
f 7438/7438 7477/7477 7481/7481
f 7438/7438 7481/7481 7452/7452
f 7481/7481 7443/7443 7452/7452
f 7443/7443 7448/7448 7452/7452
f 7443/7443 7446/7446 7448/7448
f 7481/7481 7500/7500 7470/7470
f 7481/7481 7470/7470 7443/7443
f 7470/7470 7444/7444 7443/7443
f 7514/7514 7515/7515 2443/2443
f 7514/7514 2443/2443 7518/7518
f 7518/7518 7517/7517 7513/7513
f 7514/7514 7518/7518 7513/7513
f 7511/7511 7514/7514 7513/7513
f 7511/7511 7513/7513 7512/7512
f 1794/1794 7711/7711 7710/7710
f 1794/1794 7710/7710 7709/7709
f 1794/1794 7709/7709 7708/7708
f 1794/1794 7708/7708 7703/7703
f 2732/2732 3072/3072 3071/3071
f 1794/1794 8067/8067 7711/7711
f 7711/7711 8067/8067 2732/2732
f 7672/7672 7711/7711 2732/2732
f 7672/7672 2732/2732 3071/3071
f 7669/7669 7672/7672 3071/3071
f 7669/7669 3071/3071 7667/7667
f 7669/7669 7670/7670 7672/7672
f 7672/7672 7674/7674 7676/7676
f 7672/7672 7680/7680 7711/7711
f 7672/7672 7676/7676 7680/7680
f 7676/7676 7678/7678 7680/7680
f 7680/7680 7682/7682 7695/7695
f 7680/7680 7695/7695 7711/7711
f 7695/7695 7696/7696 7711/7711
f 2751/2751 2753/2753 172/172
f 2754/2754 2752/2752 2751/2751
f 2754/2754 2751/2751 172/172
f 2754/2754 172/172 171/171
f 1449/1449 2754/2754 171/171
f 1449/1449 171/171 2738/2738
f 8068/8068 8069/8069 8070/8070
f 8070/8070 8071/8071 8068/8068
f 8072/8072 8071/8071 8070/8070
f 8071/8071 8072/8072 8073/8073
f 8073/8073 8074/8074 8071/8071
f 8068/8068 8071/8071 8074/8074
f 8074/8074 8075/8075 8068/8068
f 8068/8068 8075/8075 8076/8076
f 8069/8069 8068/8068 8076/8076
f 8077/8077 8078/8078 8079/8079
f 8080/8080 8077/8077 8079/8079
f 8081/8081 8080/8080 8079/8079
f 8082/8082 8083/8083 8084/8084
f 8084/8084 8085/8085 8082/8082
f 8085/8085 8084/8084 8073/8073
f 8073/8073 8072/8072 8085/8085
f 8082/8082 8085/8085 8072/8072
f 8082/8082 8072/8072 8070/8070
f 8079/8079 8082/8082 8070/8070
f 8079/8079 8070/8070 8069/8069
f 8081/8081 8079/8079 8069/8069
f 8076/8076 8081/8081 8069/8069
f 8080/8080 8081/8081 8076/8076
f 8076/8076 8086/8086 8080/8080
f 8077/8077 8080/8080 8086/8086
f 8086/8086 8087/8087 8077/8077
f 8088/8088 8077/8077 8087/8087
f 8077/8077 8088/8088 8078/8078
f 8087/8087 8089/8089 8088/8088
f 8090/8090 8091/8091 8033/8033
f 8092/8092 8090/8090 8033/8033
f 8093/8093 8031/8031 8034/8034
f 8094/8094 8093/8093 8034/8034
f 174/174 2742/2742 2747/2747
f 174/174 2747/2747 2746/2746
f 7822/7822 7833/7833 7790/7790
f 7790/7790 7789/7789 7822/7822
f 3720/3720 7832/7832 3716/3716
f 3716/3716 3721/3721 3720/3720
f 7838/7838 7827/7827 7826/7826
f 7826/7826 7825/7825 7838/7838
f 3736/3736 7840/7840 3740/3740
f 3740/3740 3737/3737 3736/3736
f 7890/7890 7896/7896 7898/7898
f 7898/7898 7886/7886 7890/7890
f 7904/7904 7908/7908 7910/7910
f 7910/7910 7901/7901 7904/7904
f 7914/7914 2374/2374 3664/3664
f 3664/3664 7912/7912 7914/7914
f 3687/3687 3710/3710 3712/3712
f 3712/3712 3684/3684 3687/3687
f 8095/8095 8036/8036 8096/8096
f 8095/8095 8096/8096 8097/8097
f 8095/8095 8097/8097 8098/8098
f 8095/8095 8098/8098 8099/8099
f 1417/1417 1416/1416 1419/1419
f 1423/1423 1421/1421 1419/1419
f 1416/1416 1437/1437 1435/1435
f 1416/1416 1435/1435 1419/1419
f 1435/1435 1427/1427 1419/1419
f 1427/1427 1423/1423 1419/1419
f 1427/1427 1425/1425 1423/1423
f 1435/1435 1433/1433 1431/1431
f 1435/1435 1431/1431 1427/1427
f 1431/1431 1429/1429 1427/1427
f 7971/7971 7974/7974 7919/7919
f 7919/7919 7918/7918 7971/7971
f 7982/7982 7967/7967 7921/7921
f 7921/7921 7920/7920 7982/7982
f 7963/7963 7966/7966 7957/7957
f 7957/7957 7956/7956 7963/7963
f 7984/7984 7977/7977 7960/7960
f 7960/7960 7959/7959 7984/7984
f 8100/8100 8101/8101 8102/8102
f 8100/8100 8102/8102 8103/8103
f 8100/8100 8103/8103 8104/8104
f 8100/8100 8104/8104 8035/8035
f 8000/8000 7998/7998 8002/8002
f 8008/8008 8007/8007 8002/8002
f 7998/7998 7996/7996 7994/7994
f 7998/7998 7994/7994 8002/8002
f 7994/7994 7987/7987 8002/8002
f 7987/7987 8008/8008 8002/8002
f 7987/7987 8010/8010 8008/8008
f 7994/7994 7992/7992 7990/7990
f 7994/7994 7990/7990 7987/7987
f 7990/7990 7988/7988 7987/7987
f 8105/8105 6799/6799 6798/6798
f 8105/8105 6798/6798 8106/8106
f 8105/8105 8106/8106 8107/8107
f 4048/4048 4047/4047 4050/4050
f 4028/4028 4027/4027 4050/4050
f 4047/4047 4042/4042 4040/4040
f 4047/4047 4040/4040 4050/4050
f 4040/4040 4032/4032 4050/4050
f 4032/4032 4028/4028 4050/4050
f 4032/4032 4030/4030 4028/4028
f 4040/4040 4038/4038 4036/4036
f 4040/4040 4036/4036 4032/4032
f 4036/4036 4034/4034 4032/4032
f 8108/8108 8109/8109 8110/8110
f 8108/8108 8110/8110 8111/8111
f 8112/8112 8113/8113 8114/8114
f 8112/8112 8114/8114 8115/8115
f 8116/8116 8117/8117 8118/8118
f 8116/8116 8119/8119 8117/8117
f 3833/3833 8117/8117 8119/8119
f 3833/3833 8120/8120 8117/8117
f 8121/8121 8120/8120 3833/3833
f 8121/8121 8122/8122 8120/8120
f 8121/8121 8123/8123 8122/8122
f 8118/8118 8122/8122 8123/8123
f 8118/8118 8123/8123 8124/8124
f 8116/8116 8118/8118 8124/8124
f 8116/8116 8124/8124 8125/8125
f 8125/8125 4062/4062 8116/8116
f 8125/8125 8126/8126 4062/4062
f 8125/8125 8127/8127 8126/8126
f 8123/8123 7302/7302 7303/7303
f 8124/8124 8123/8123 7303/7303
f 8124/8124 7303/7303 7305/7305
f 8125/8125 8124/8124 7305/7305
f 8125/8125 7305/7305 7307/7307
f 8127/8127 8125/8125 7307/7307
f 8127/8127 7307/7307 7315/7315
f 8128/8128 8127/8127 7315/7315
f 8128/8128 7315/7315 7316/7316
f 8129/8129 8128/8128 7316/7316
f 7316/7316 7313/7313 8129/8129
f 8130/8130 8129/8129 7313/7313
f 7313/7313 7312/7312 8130/8130
f 8130/8130 7312/7312 8131/8131
f 8131/8131 7312/7312 7320/7320
f 8131/8131 7320/7320 7322/7322
f 7322/7322 8132/8132 8131/8131
f 8133/8133 8131/8131 8132/8132
f 8131/8131 8133/8133 8130/8130
f 8121/8121 3833/3833 3832/3832
f 3832/3832 8134/8134 8135/8135
f 8136/8136 8126/8126 8127/8127
f 8136/8136 8127/8127 8128/8128
f 8136/8136 8128/8128 8129/8129
f 3832/3832 8136/8136 8129/8129
f 3832/3832 8129/8129 8130/8130
f 3832/3832 8130/8130 8133/8133
f 3832/3832 8133/8133 8134/8134
f 8132/8132 8134/8134 8133/8133
f 8135/8135 8134/8134 8132/8132
f 8135/8135 8132/8132 7322/7322
f 7322/7322 7299/7299 8135/8135
f 8135/8135 7299/7299 7300/7300
f 7300/7300 8137/8137 8135/8135
f 3832/3832 8135/8135 8137/8137
f 3832/3832 8137/8137 8138/8138
f 3832/3832 8138/8138 8121/8121
f 7302/7302 8121/8121 8138/8138
f 8123/8123 8121/8121 7302/7302
f 8137/8137 7300/7300 7301/7301
f 7301/7301 8138/8138 8137/8137
f 8138/8138 7301/7301 7302/7302
f 8139/8139 8140/8140 4059/4059
f 8139/8139 4059/4059 8141/8141
f 8139/8139 8141/8141 8126/8126
f 8126/8126 8142/8142 8139/8139
f 8143/8143 8144/8144 8145/8145
f 8146/8146 8143/8143 8145/8145
f 8146/8146 8145/8145 8147/8147
f 8136/8136 8146/8146 8147/8147
f 8136/8136 8147/8147 8148/8148
f 8126/8126 8136/8136 8148/8148
f 8126/8126 8148/8148 8144/8144
f 8143/8143 8126/8126 8144/8144
f 8126/8126 8143/8143 8142/8142
f 8143/8143 8149/8149 8142/8142
f 8150/8150 8151/8151 8152/8152
f 8150/8150 8152/8152 8153/8153
f 8154/8154 8155/8155 8156/8156
f 8154/8154 8156/8156 8157/8157
f 8158/8158 8159/8159 8160/8160
f 8158/8158 8160/8160 8161/8161
f 8161/8161 8162/8162 8158/8158
f 8161/8161 8163/8163 8162/8162
f 8164/8164 8165/8165 8166/8166
f 8164/8164 8167/8167 8165/8165
f 8168/8168 8165/8165 8167/8167
f 8168/8168 8167/8167 8169/8169
f 8170/8170 8171/8171 8172/8172
f 8170/8170 8172/8172 8173/8173
f 8173/8173 8174/8174 8170/8170
f 8173/8173 8175/8175 8174/8174
f 8171/8171 8168/8168 8169/8169
f 8171/8171 8169/8169 8172/8172
f 8176/8176 8177/8177 8178/8178
f 8176/8176 8178/8178 8179/8179
f 8177/8177 8180/8180 8181/8181
f 8177/8177 8181/8181 8178/8178
f 8182/8182 8183/8183 8184/8184
f 8182/8182 8184/8184 8185/8185
f 8183/8183 8176/8176 8179/8179
f 8183/8183 8179/8179 8184/8184
f 8186/8186 8187/8187 8188/8188
f 8186/8186 8188/8188 8189/8189
f 8187/8187 8190/8190 8191/8191
f 8187/8187 8191/8191 8188/8188
f 8192/8192 8193/8193 8194/8194
f 8192/8192 8194/8194 8195/8195
f 8193/8193 8186/8186 8189/8189
f 8193/8193 8189/8189 8194/8194
f 8196/8196 185/185 183/183
f 8196/8196 183/183 8026/8026
f 8024/8024 8023/8023 182/182
f 8024/8024 182/182 188/188
f 8024/8024 188/188 190/190
f 8024/8024 190/190 8025/8025
f 183/183 182/182 8023/8023
f 183/183 8023/8023 8026/8026
f 8197/8197 8198/8198 8199/8199
f 8197/8197 8199/8199 8200/8200
f 8197/8197 8200/8200 8201/8201
f 8202/8202 8203/8203 8204/8204
f 8202/8202 8204/8204 8205/8205
f 8206/8206 8205/8205 8204/8204
f 8206/8206 8204/8204 8207/8207
f 3835/3835 3834/3834 8208/8208
f 3835/3835 8208/8208 8209/8209
f 8210/8210 8083/8083 8082/8082
f 8210/8210 8082/8082 8211/8211
f 8212/8212 8210/8210 8211/8211
f 8212/8212 8211/8211 8213/8213
f 8214/8214 8212/8212 8213/8213
f 8214/8214 8213/8213 8215/8215
f 8216/8216 8214/8214 8215/8215
f 8216/8216 8215/8215 8217/8217
f 8089/8089 8216/8216 8217/8217
f 8089/8089 8217/8217 8088/8088
f 8078/8078 8088/8088 8217/8217
f 8218/8218 8078/8078 8217/8217
f 8082/8082 8079/8079 8211/8211
f 8213/8213 8211/8211 8079/8079
f 8213/8213 8079/8079 8219/8219
f 8213/8213 8219/8219 8218/8218
f 8218/8218 8215/8215 8213/8213
f 8218/8218 8217/8217 8215/8215
f 8220/8220 8221/8221 8222/8222
f 8220/8220 8222/8222 8223/8223
f 8224/8224 8220/8220 8223/8223
f 8224/8224 8223/8223 8225/8225
f 8226/8226 8224/8224 8225/8225
f 8226/8226 8225/8225 8227/8227
f 8228/8228 8226/8226 8227/8227
f 8228/8228 8227/8227 8229/8229
f 8228/8228 8229/8229 8230/8230
f 8231/8231 8232/8232 198/198
f 197/197 8231/8231 198/198
f 8233/8233 8234/8234 8235/8235
f 8235/8235 8236/8236 8233/8233
f 199/199 8236/8236 8235/8235
f 197/197 199/199 8235/8235
f 8235/8235 8237/8237 197/197
f 8238/8238 8237/8237 8235/8235
f 8239/8239 8238/8238 8235/8235
f 8240/8240 8239/8239 8235/8235
f 8241/8241 8240/8240 8235/8235
f 8241/8241 8235/8235 8234/8234
f 8242/8242 8241/8241 8234/8234
f 8243/8243 8242/8242 8234/8234
f 8243/8243 8234/8234 8233/8233
f 8233/8233 8244/8244 8243/8243
f 8233/8233 8245/8245 8244/8244
f 8246/8246 8245/8245 8233/8233
f 8247/8247 8246/8246 8233/8233
f 8247/8247 8233/8233 8236/8236
f 8248/8248 8247/8247 8236/8236
f 199/199 8248/8248 8236/8236
f 199/199 8249/8249 8248/8248
f 8250/8250 8251/8251 8252/8252
f 8253/8253 8251/8251 8254/8254
f 8250/8250 8254/8254 8251/8251
f 8083/8083 8254/8254 8250/8250
f 8216/8216 8089/8089 8255/8255
f 8256/8256 8257/8257 8258/8258
f 8256/8256 8258/8258 8259/8259
f 8256/8256 8259/8259 8260/8260
f 8210/8210 8212/8212 8261/8261
f 8212/8212 8256/8256 8261/8261
f 8212/8212 8214/8214 8256/8256
f 8214/8214 8257/8257 8256/8256
f 8214/8214 8216/8216 8257/8257
f 8216/8216 8255/8255 8257/8257
f 8258/8258 8257/8257 8255/8255
f 8209/8209 8258/8258 8255/8255
f 8209/8209 8262/8262 8258/8258
f 8209/8209 8208/8208 8262/8262
f 8263/8263 8262/8262 8208/8208
f 8263/8263 8260/8260 8262/8262
f 8256/8256 8260/8260 8263/8263
f 8256/8256 8263/8263 4061/4061
f 8256/8256 4061/4061 8253/8253
f 8253/8253 8261/8261 8256/8256
f 8253/8253 8254/8254 8261/8261
f 8210/8210 8261/8261 8254/8254
f 8083/8083 8210/8210 8254/8254
f 8264/8264 8149/8149 8143/8143
f 8265/8265 8266/8266 8251/8251
f 8266/8266 8252/8252 8251/8251
f 8266/8266 8267/8267 8252/8252
f 8267/8267 8146/8146 8252/8252
f 8267/8267 8268/8268 8146/8146
f 8268/8268 8143/8143 8146/8146
f 8268/8268 8265/8265 8143/8143
f 8265/8265 8251/8251 8143/8143
f 8264/8264 8143/8143 8251/8251
f 8264/8264 8251/8251 4060/4060
f 4060/4060 8269/8269 8264/8264
f 4060/4060 8140/8140 8269/8269
f 4060/4060 8270/8270 8140/8140
f 8175/8175 8164/8164 8166/8166
f 8175/8175 8166/8166 8174/8174
f 8271/8271 8272/8272 8273/8273
f 8271/8271 8273/8273 8274/8274
f 8272/8272 8275/8275 8276/8276
f 8272/8272 8276/8276 8273/8273
f 8277/8277 8278/8278 8279/8279
f 8277/8277 8279/8279 8280/8280
f 8278/8278 8271/8271 8274/8274
f 8278/8278 8274/8274 8279/8279
f 8281/8281 8282/8282 8283/8283
f 8281/8281 8283/8283 8284/8284
f 8282/8282 8285/8285 8286/8286
f 8282/8282 8286/8286 8283/8283
f 8287/8287 8288/8288 8289/8289
f 8287/8287 8289/8289 8290/8290
f 8288/8288 8281/8281 8284/8284
f 8288/8288 8284/8284 8289/8289
f 194/194 8028/8028 8027/8027
f 194/194 178/178 8028/8028
f 8029/8029 177/177 200/200
f 8029/8029 200/200 8030/8030
f 8291/8291 191/191 194/194
f 8291/8291 194/194 8027/8027
f 8029/8029 8028/8028 178/178
f 8029/8029 178/178 177/177
f 8075/8075 8074/8074 8292/8292
f 8292/8292 8074/8074 8073/8073
f 8292/8292 8073/8073 8293/8293
f 8293/8293 8073/8073 8084/8084
f 8084/8084 8294/8294 8293/8293
f 8294/8294 8084/8084 8083/8083
f 8083/8083 8295/8295 8294/8294
f 8294/8294 8295/8295 8252/8252
f 8209/8209 8294/8294 8252/8252
f 8209/8209 8293/8293 8294/8294
f 8209/8209 8296/8296 8293/8293
f 8293/8293 8296/8296 8292/8292
f 8297/8297 8292/8292 8296/8296
f 8292/8292 8297/8297 8075/8075
f 8075/8075 8297/8297 8298/8298
f 8298/8298 8076/8076 8075/8075
f 8086/8086 8076/8076 8298/8298
f 8298/8298 8299/8299 8086/8086
f 8087/8087 8086/8086 8299/8299
f 8299/8299 8300/8300 8087/8087
f 8089/8089 8087/8087 8300/8300
f 8300/8300 8255/8255 8089/8089
f 8209/8209 8255/8255 8300/8300
f 8209/8209 8301/8301 8296/8296
f 8296/8296 8301/8301 8297/8297
f 8298/8298 8297/8297 8301/8301
f 8209/8209 8298/8298 8301/8301
f 8209/8209 8299/8299 8298/8298
f 8209/8209 8300/8300 8299/8299
f 8302/8302 8034/8034 8303/8303
f 8302/8302 8303/8303 8304/8304
f 8305/8305 8302/8302 8304/8304
f 8305/8305 8304/8304 8306/8306
f 8307/8307 8305/8305 8306/8306
f 8307/8307 8306/8306 8032/8032
f 2561/2561 8308/8308 8309/8309
f 2561/2561 8309/8309 2562/2562
f 561/561 4976/4976 8310/8310
f 561/561 8310/8310 8311/8311
f 8312/8312 8313/8313 8314/8314
f 8312/8312 8314/8314 8315/8315
f 8315/8315 8314/8314 8309/8309
f 8315/8315 8309/8309 8308/8308
f 5228/5228 5220/5220 5219/5219
f 5228/5228 5219/5219 5229/5229
f 8316/8316 8199/8199 8317/8317
f 8316/8316 8317/8317 8318/8318
f 8319/8319 8320/8320 6798/6798
f 8319/8319 6798/6798 6797/6797
f 8321/8321 8200/8200 8199/8199
f 8321/8321 8199/8199 8316/8316
f 8322/8322 8323/8323 8324/8324
f 8322/8322 8324/8324 8325/8325
f 8322/8322 8325/8325 8326/8326
f 8322/8322 8326/8326 8327/8327
f 8328/8328 8327/8327 8326/8326
f 8328/8328 8326/8326 8329/8329
f 8329/8329 8330/8330 8328/8328
f 8329/8329 8331/8331 8330/8330
f 8331/8331 8329/8329 8332/8332
f 8332/8332 8333/8333 8331/8331
f 8332/8332 8334/8334 8333/8333
f 8332/8332 8335/8335 8334/8334
f 8330/8330 8336/8336 8337/8337
f 8330/8330 8337/8337 8328/8328
f 8338/8338 8339/8339 8340/8340
f 8338/8338 8340/8340 8341/8341
f 8338/8338 8341/8341 8342/8342
f 8338/8338 8342/8342 8343/8343
f 8344/8344 8223/8223 8222/8222
f 8345/8345 8346/8346 8347/8347
f 8345/8345 8348/8348 8346/8346
f 8348/8348 8345/8345 8349/8349
f 8348/8348 8349/8349 8344/8344
f 8344/8344 8349/8349 8223/8223
f 8350/8350 8223/8223 8349/8349
f 8345/8345 8350/8350 8349/8349
f 8350/8350 8225/8225 8223/8223
f 8351/8351 8225/8225 8350/8350
f 8351/8351 8227/8227 8225/8225
f 8351/8351 8229/8229 8227/8227
f 8351/8351 8352/8352 8229/8229
f 8352/8352 8230/8230 8229/8229
f 8352/8352 8353/8353 8230/8230
f 8354/8354 8353/8353 8352/8352
f 8354/8354 8355/8355 8353/8353
f 8354/8354 8356/8356 8355/8355
f 8354/8354 8357/8357 8356/8356
f 8358/8358 8357/8357 8354/8354
f 8358/8358 8359/8359 8357/8357
f 8358/8358 8360/8360 8359/8359
f 8358/8358 8361/8361 8360/8360
f 8361/8361 8347/8347 8360/8360
f 8361/8361 8345/8345 8347/8347
f 8345/8345 8361/8361 8350/8350
f 8358/8358 8354/8354 8352/8352
f 8358/8358 8352/8352 8351/8351
f 8361/8361 8358/8358 8351/8351
f 8361/8361 8351/8351 8350/8350
f 8220/8220 8224/8224 8362/8362
f 8220/8220 8362/8362 8363/8363
f 8220/8220 8363/8363 8364/8364
f 8220/8220 8364/8364 8221/8221
f 2387/2387 2390/2390 8365/8365
f 2387/2387 8365/8365 8366/8366
f 8367/8367 8366/8366 8365/8365
f 8367/8367 8365/8365 8368/8368
f 8367/8367 8368/8368 4425/4425
f 8367/8367 4425/4425 4427/4427
f 8369/8369 8356/8356 8357/8357
f 8370/8370 8369/8369 8357/8357
f 8370/8370 8357/8357 8359/8359
f 8342/8342 8370/8370 8359/8359
f 8342/8342 8359/8359 8360/8360
f 8343/8343 8342/8342 8360/8360
f 8343/8343 8360/8360 8347/8347
f 8338/8338 8343/8343 8347/8347
f 8338/8338 8347/8347 8346/8346
f 8371/8371 8372/8372 8200/8200
f 8371/8371 8200/8200 8321/8321
f 8373/8373 4422/4422 4426/4426
f 8373/8373 4426/4426 8374/8374
f 8374/8374 8375/8375 8373/8373
f 8374/8374 8376/8376 8375/8375
f 2394/2394 8375/8375 8376/8376
f 2394/2394 2379/2379 8375/8375
f 8377/8377 4427/4427 4424/4424
f 8377/8377 8367/8367 4427/4427
f 8366/8366 8367/8367 8377/8377
f 8366/8366 8377/8377 8378/8378
f 2382/2382 8366/8366 8378/8378
f 2382/2382 2387/2387 8366/8366
f 8325/8325 8324/8324 8379/8379
f 8325/8325 8379/8379 8380/8380
f 8381/8381 8346/8346 8325/8325
f 8326/8326 8325/8325 8346/8346
f 8326/8326 8346/8346 8348/8348
f 8326/8326 8348/8348 8344/8344
f 8326/8326 8344/8344 8329/8329
f 8329/8329 8344/8344 8222/8222
f 8329/8329 8222/8222 8332/8332
f 8382/8382 8332/8332 8222/8222
f 8335/8335 8332/8332 8383/8383
f 8335/8335 8383/8383 8384/8384
f 8385/8385 6800/6800 6799/6799
f 8385/8385 6799/6799 8386/8386
f 70/70 8387/8387 8388/8388
f 70/70 8388/8388 68/68
f 8389/8389 67/67 66/66
f 8389/8389 66/66 8388/8388
f 8388/8388 66/66 65/65
f 8388/8388 65/65 68/68
f 69/69 8390/8390 8387/8387
f 69/69 8387/8387 70/70
f 8374/8374 4426/4426 4425/4425
f 8374/8374 4425/4425 8368/8368
f 8368/8368 8376/8376 8374/8374
f 8368/8368 8365/8365 8376/8376
f 2394/2394 8376/8376 8365/8365
f 2394/2394 8365/8365 2390/2390
f 4423/4423 8377/8377 4424/4424
f 4423/4423 8391/8391 8377/8377
f 8378/8378 8377/8377 8391/8391
f 8378/8378 8391/8391 8392/8392
f 2378/2378 8378/8378 8392/8392
f 2378/2378 2382/2382 8378/8378
f 2379/2379 2378/2378 8392/8392
f 2379/2379 8392/8392 8375/8375
f 8373/8373 8375/8375 8392/8392
f 8373/8373 8392/8392 8391/8391
f 4422/4422 8373/8373 8391/8391
f 4422/4422 8391/8391 4423/4423
f 2380/2380 2379/2379 2394/2394
f 2380/2380 2394/2394 2391/2391
f 86/86 97/97 87/87
f 86/86 3841/3841 97/97

g Object_default-grey.jpg

usemtl mat_2-default-grey.jpg

# num_faces: 10584
